group,n,true_noise,mean_1mp,p90_1mp,mean_ent,C_full,C_proj,out_mass,Cproj_kappa
Allegro > Electronics > Phones and Accessories > GSM Accessories,25233,0.05587920580192605,0.09711141884326935,0.365234375,0.4013308882713318,0.04003849711698444,0.006795800900580235,0.06543960395260129,0.005758342433230283
"Allegro > Fashion > Clothing, Shoes, Accessories > Women's Clothing",19757,0.019334919269119805,0.24492113292217255,0.91229248046875,0.629555344581604,0.053110772617014926,0.0032112444298776945,0.0966272637954746,0.001288064638370654
"Allegro > Fashion > Clothing, Shoes, Accessories > Men's Clothing",17652,0.010650351234987537,0.1580217182636261,0.6767333745956421,0.5114734768867493,0.06418198702359051,0.001983432693462852,0.11924938392928197,0.001046088410059031
Allegro > Home and Garden > Equipment > Decorations and Ornaments,13347,0.022701730726005846,0.26681625843048096,0.967510998249054,1.0537254810333252,0.11228768186426413,0.018444216439846554,0.1790756480456417,0.014416621809955897
Allegro > Automotive > Car Parts > Suspension system,13324,0.0009006304413089162,0.15561683475971222,0.815673828125,0.4597249925136566,0.030317515709894646,0.0014295904955198067,0.05668899105569325,0.0007152930178141698
Allegro > Automotive > Car Parts > Brake system,12617,0.012364270428786558,0.24508193135261536,0.8778320550918579,0.5928822755813599,0.025667460494705453,0.0008041773816207026,0.04889814011068205,0.0004245527631971442
Allegro > Business and Services > Industry > Workwear and safety,9445,0.7265219692959237,0.2862914204597473,0.9689880609512329,1.1168736219406128,0.09973458981603048,0.01295666196787789,0.16552761744544142,0.010135385338577529
"Allegro > Fashion > Clothing, Shoes, Accessories > Footwear",9186,0.10037012845634662,0.3527538776397705,0.9656829833984375,1.1412867307662964,0.0678269309241544,0.010146169059780778,0.11204282204595595,0.005269104971480752
Allegro > Automotive > Car Parts > Filters,8358,0.0003589375448671931,0.06060618534684181,0.05986328050494194,0.22284506261348724,0.01922981481431684,0.0005753492861914787,0.036852089304420854,0.00021963031148723087
"Allegro > Fashion > Clothing, Shoes, Accessories > Accessories",7743,0.041456799690042616,0.4000287353992462,0.9746246337890625,1.572484016418457,0.14887039469570063,0.017010645619428374,0.24440834993511218,0.00844850980159868
Allegro > Culture and Entertainment > Books and Comics > Foreign Books,6898,0.009712960278341549,0.8334327340126038,0.9980713129043579,2.9465532302856445,0.2827108640000473,0.006350591129171097,0.4574209302361374,0.0031987773672623784
Allegro > Automotive > Car Parts > Body parts,6362,0.013832128261552971,0.3009950518608093,0.993411660194397,1.2310521602630615,0.137268681508126,0.02851042518767305,0.2078083179649861,0.013484240850496711
Allegro > Culture and Entertainment > Books and Comics > Children's Books,6059,0.09688067337844529,0.7305168509483337,0.9961532354354858,2.627253770828247,0.2770421048456706,0.009083625901985356,0.44712562855369375,0.0066787458208954235
Allegro > Automotive > Tires and Rims > Tires,5653,0.3069166814081019,0.2127782106399536,0.8755127191543579,0.594426691532135,0.019861749113276934,0.002674249554077657,0.034058036686951176,0.0014307652920274166
"Allegro > Electronics > Audio, Video and Household Appliances > Small Household Appliances",5583,0.4245029554003224,0.5927444696426392,0.9979034662246704,3.1153206825256348,0.2940309723316501,0.061086211723273096,0.41998925941212095,0.03283339460052544
Allegro > Automotive > Car Parts > Engines and Components,5360,0.015485074626865672,0.35157859325408936,0.9783660769462585,1.3004835844039917,0.1152992929565553,0.013026636691885227,0.19277468095742056,0.005950064551371781
Allegro > Kids > Toys > Building Toys,5107,0.6432347757979244,0.6057655811309814,0.9954422116279602,2.555553436279297,0.14043531755267435,0.013477434735632371,0.235142670978836,0.007019164616557568
Allegro > Culture and Entertainment > Books and Comics > Science and Popular Science,5026,0.12004778021102927,0.8490381240844727,0.998631477355957,3.095705986022949,0.4844224512456861,0.02137636593786736,0.6814653630328757,0.010234550686218907
Allegro > Electronics > Computers > Printers and Scanners,4815,0.08598130841121496,0.20191504061222076,0.9480956792831421,0.7323737144470215,0.07162395093263008,0.027670932182386254,0.08832542059453707,0.017849421079775416
Allegro > Culture and Entertainment > Books and Comics > Elementary and High School Textbooks,4801,0.6304936471568423,0.3694700002670288,0.991363525390625,1.463248610496521,0.17622169991805905,0.03205827195743466,0.2694354128326085,0.030087813596143723
Allegro > Home and Garden > Equipment > Kitchen Utensils,4791,0.08996034230849509,0.678546667098999,0.9985752105712891,3.682321071624756,0.369462993998391,0.05842823405563644,0.5273517807897012,0.02910477157769235
Allegro > Business and Services > Industry > Materials and accessories,4696,0.37883304940374785,0.629157304763794,0.9991805553436279,3.2775425910949707,0.4324162094329448,0.119536358150782,0.5625345109243206,0.07983766535395155
Allegro > Culture and Entertainment > Books and Comics > Fiction,4667,0.17548746518105848,0.8195462226867676,0.9969784021377563,2.8284075260162354,0.49629417660181735,0.02474311882882904,0.6914629190106553,0.016890616725497774
Allegro > Home and Garden > Furniture > Bedroom,4395,0.018430034129692834,0.11556020379066467,0.49003905057907104,0.467143714427948,0.0666830333674164,0.011721424613822244,0.10717228435412207,0.010400725101751485
Allegro > Fashion > Jewelry and Watches > Women's Jewelry,4316,0.031278962001853566,0.11637187004089355,0.35546875,0.5504639148712158,0.044880915378492627,0.002621168108748899,0.08226140672073412,0.001625663858426863
Allegro > Automotive > Car Equipment and Accessories > Mats,4226,0.002129673450070989,0.05175165459513664,0.0205078125,0.2010979801416397,0.020207820042127435,0.0005171359179724784,0.03886791884588847,0.0005171359179464655
Allegro > Electronics > Computers > Laptop Parts,3984,0.007530120481927711,0.15431171655654907,0.81951904296875,0.7303734421730042,0.0753760132752006,0.0126832122492424,0.12162950486842405,0.008645310300368076
Allegro > Automotive > Motorcycle Parts and Equipment > Motorcycle parts,3909,0.027116909695574315,0.503320574760437,0.9967319369316101,2.3918092250823975,0.22325335083625844,0.034205450487205115,0.34251317698255956,0.01489701479039357
Allegro > Culture and Entertainment > Books and Comics > Self-help Books and Albums,3853,0.23929405657928887,0.8534517288208008,0.9986890554428101,3.2196309566497803,0.530362424545031,0.03210634835205835,0.7215445021081831,0.022805874692999505
Allegro > Home and Garden > Lighting > Lamps,3441,0.14617843650101714,0.35864925384521484,0.964874267578125,1.3061131238937378,0.11368883153004652,0.009682958108801123,0.1950960353133776,0.005388073458289648
Allegro > Automotive > Car Parts > Drive system,3299,0.023340406183692028,0.27503693103790283,0.9880401492118835,1.0513393878936768,0.10937918478089768,0.022275600413099637,0.16812103798838218,0.012245186836740123
Allegro > Home and Garden > Construction Work and Equipment > Electrical Equipment and Accessories,3277,0.11138236191638694,0.5072730183601379,0.9951721429824829,2.7029242515563965,0.260656582337886,0.040516172728806185,0.3926411976820091,0.02269853544692782
Allegro > Automotive > Car Parts > Engine cooling system,3260,0.005214723926380368,0.21698814630508423,0.946850597858429,0.7709034085273743,0.09256800372160642,0.014132441680525165,0.1506502286056799,0.007928679912224708
Allegro > Home and Garden > Tools > Accessories and Equipment,3256,0.17229729729729729,0.5577942132949829,0.9947147369384766,2.6959927082061768,0.3106142244693278,0.058907538335759235,0.4468193425629883,0.04236469919911235
Allegro > Culture and Entertainment > Music > CDs,3179,0.007549543881723813,0.7841148972511292,0.9953544735908508,2.561147451400757,0.11851787988952978,0.004501585690099374,0.21113908737101017,0.0030812784365643994
Allegro > Kids > Toys > Educational,3132,0.05842911877394636,0.8352309465408325,0.998936653137207,3.882857322692871,0.47969843021000474,0.019737125204129468,0.6781276951652224,0.012716026107240581
Allegro > Home and Garden > Furniture > Living Room,3079,0.06722962000649561,0.3261013329029083,0.9275878667831421,1.4130758047103882,0.1574796877104192,0.013916998170157971,0.26313251551191064,0.007136634836280994
Allegro > Home and Garden > Equipment > Window Decor,3020,0.10993377483443709,0.210288867354393,0.9530242681503296,0.9051355123519897,0.089281357095763,0.02662690714634052,0.12380465121063966,0.01597944064769804
Allegro > Automotive > Car Parts > Interior equipment,3019,0.008943358728055647,0.44174355268478394,0.9942077398300171,1.971487045288086,0.23102183526814613,0.0271928501756553,0.36233547082125805,0.018173316822792666
"Allegro > Fashion > Clothing, Shoes, Accessories > Women's Underwear",3018,0.022200132538104704,0.2852189838886261,0.9725692868232727,1.0758271217346191,0.12723975427487716,0.024132663749095198,0.19700597168358058,0.013440064394017529
Allegro > Automotive > Car Parts > Lighting,2832,0.020480225988700564,0.22820015251636505,0.9698745608329773,0.9419314861297607,0.0981736982039842,0.019000300343756223,0.1529334003558266,0.011806509255093222
Allegro > Supermarket > Pet Supplies > Dogs,2790,0.11935483870967742,0.49645769596099854,0.9922588467597961,2.5590732097625732,0.2305149545835084,0.03363563927086756,0.35439280985076793,0.014596718694638794
Allegro > Automotive > Machine and Other Vehicles Parts > Spare parts for agricultural machines,2768,0.46604046242774566,0.5139079093933105,0.9987831115722656,2.258117914199829,0.2427110687511056,0.046784055685768704,0.3580077680506114,0.04516447316625336
"Allegro > Automotive > Car Parts > Electrical system, ignition",2696,0.037091988130563795,0.374984472990036,0.9937362670898438,1.8253003358840942,0.21895634290099672,0.04476885794134289,0.32278351728923227,0.027575084717206162
Allegro > Home and Garden > Equipment > Holiday and Occasional Decorations,2653,0.20919713531850734,0.7160389423370361,0.999076247215271,3.061901569366455,0.40107995137376606,0.07434144922192268,0.5563062645110193,0.044116850505534495
Allegro > Home and Garden > Garden > Garden Furniture,2570,0.09727626459143969,0.38771456480026245,0.9868820309638977,1.7694590091705322,0.1701661260181399,0.027522978432071233,0.26555326045255256,0.022130125726432696
Allegro > Home and Garden > Construction Work and Equipment > Walls and Facades,2533,0.3260955388866956,0.5643600225448608,0.9987636804580688,3.0581588745117188,0.36608884543206155,0.08701629095115379,0.49962668137921207,0.053177439610961094
Allegro > Automotive > Car Equipment and Accessories > Covers,2490,0.04738955823293173,0.2687196433544159,0.9033263921737671,0.8567061424255371,0.05934996438493276,0.002882040596136338,0.10887064672856928,0.002882040595964007
Allegro > Home and Garden > Construction Work and Equipment > Hydraulic Installations and Accessories,2465,0.6807302231237322,0.532638430595398,0.9938285946846008,2.3189611434936523,0.24406707647794787,0.04673935682406882,0.360313986305291,0.04546649426292509
Allegro > Home and Garden > Construction Work and Equipment > Heating,2323,0.7378390012914335,0.3911144435405731,0.992932140827179,2.025956153869629,0.19840402120158798,0.03663848526152104,0.2998087174718974,0.02368964629506395
Allegro > Culture and Entertainment > Games > Social,2163,0.15349052242256125,0.8664820790290833,0.9994332194328308,3.5336732864379883,0.37406783108490227,0.05079947427215283,0.5400318421261542,0.026306634271136834
Allegro > Beauty > Care > Hair,2157,0.06212331942512749,0.49367159605026245,0.9958412051200867,2.42610764503479,0.2337096082589995,0.04073328938242816,0.35125195037782553,0.02458673744949787
Allegro > Home and Garden > Equipment > Bedding and Blankets,2111,0.08337280909521554,0.23816615343093872,0.859375,0.9622790813446045,0.12727274256582194,0.013883387433252167,0.21225535299246034,0.006491582680168734
Allegro > Business and Services > Industry > Construction,2073,0.3386396526772793,0.6456034779548645,0.9991413950920105,3.24375581741333,0.4691646410946819,0.1395119378447616,0.5987606945385175,0.09819553601107861
Allegro > Home and Garden > Equipment > Tableware,2050,0.13414634146341464,0.60548996925354,0.9975153207778931,3.005901336669922,0.3391361846862897,0.05494326913199314,0.4907485377497789,0.04340824607777027
"Allegro > Electronics > Audio, Video and Household Appliances > Electronics",1924,0.20218295218295218,0.8397650718688965,0.9996892809867859,4.265048503875732,0.653979836868295,0.19021319437150297,0.7817974622494961,0.12735939490421183
"Allegro > Culture and Entertainment > Books and Comics > Popular Fiction, Erotica",1874,0.004268943436499467,0.8211660385131836,0.9960395693778992,2.6972885131835938,0.5004107261039278,1.4722879056506188e-05,0.7065627155398101,1.4722879055919289e-05
Allegro > Automotive > Car Equipment and Accessories > Wiper blades,1854,0.004314994606256742,0.1415390819311142,0.6675049066543579,0.43550097942352295,0.04981304381135011,0.0007597339888866812,0.09478647253016947,0.0007597339888563958
Allegro > Electronics > Phones and Accessories > Smartphones and Cell Phones,1852,0.6555075593952484,0.48068925738334656,0.9980803728103638,2.7701737880706787,0.1608071237475298,0.0246636901265175,0.2536563998164677,0.024088980897403516
Allegro > Business and Services > Industry > Machinery and equipment,1840,0.4483695652173913,0.8542631268501282,0.9998283386230469,4.71220064163208,0.7020848161144048,0.20169781819054172,0.823705388152081,0.14083212243294227
Allegro > Kids > Toys > Jigsaw Puzzles,1805,0.00886426592797784,0.2182989865541458,0.7546142339706421,0.9860544800758362,0.11680177533823129,0.006982705343277779,0.20477187157998122,0.006982705342798259
Allegro > Automotive > Garage Tools and Equipment > Manual tools,1755,0.101994301994302,0.8373163938522339,0.9988816976547241,3.6246488094329834,0.5153697498698728,0.0819204643293169,0.684833332310375,0.05498545205274567
"Allegro > Culture and Entertainment > Books and Comics > History, Archeology",1700,0.2288235294117647,0.8224198818206787,0.9983146786689758,2.9041366577148438,0.43855162751439136,0.009102356311308835,0.6410837046889698,0.007241349494485141
Allegro > Automotive > Tires and Rims > Rims,1697,0.03771361225692398,0.12114740163087845,0.38818359375,0.45026862621307373,0.0498918119076724,0.0029995675227214593,0.09103161338925292,0.002999567522570576
Allegro > Beauty > Care > Face,1696,0.07193396226415094,0.6194123029708862,0.9965896606445312,3.2447757720947266,0.34430520312167434,0.04373244451314237,0.5073765451615712,0.024070398255797244
Allegro > Automotive > Car Parts > Steering system,1652,0.011501210653753027,0.223580464720726,0.9765533208847046,0.8268775343894958,0.10095362204624389,0.008746266226014397,0.1743632429448514,0.005061410771819044
Allegro > Home and Garden > Construction Work and Equipment > Bathroom and Toilet,1641,0.2291285801340646,0.5394737124443054,0.9979095458984375,2.705009937286377,0.3132740588346473,0.07203626161405986,0.43828807801171665,0.04382384030879672
Allegro > Home and Garden > Furniture > Furniture Accessories,1559,0.2386144964720975,0.6580058336257935,0.9990431070327759,3.328723192214966,0.4444713843139751,0.10561097595724603,0.5889944449076674,0.07833038580336965
Allegro > Home and Garden > Garden > Gardening Tools,1548,0.07493540051679587,0.8895421624183655,0.9996306300163269,4.899533271789551,0.6310182335023742,0.09972439252872832,0.7915603767608795,0.05146350793324678
"Allegro > Culture and Entertainment > Books and Comics > Religious Studies, Theological Science",1530,0.2751633986928105,0.757978618144989,0.9972169995307922,2.656015396118164,0.37276901964407827,0.005569140368551578,0.5704327125954473,0.005569140368218573
"Allegro > Fashion > Clothing, Shoes, Accessories > Costumes, Masks",1526,0.019659239842726082,0.6560887098312378,0.9982671737670898,2.5849967002868652,0.34641137251977516,0.06407669454415432,0.4927437426925174,0.033602151753887505
Allegro > Culture and Entertainment > Movies > DVDs,1448,0.14433701657458564,0.9181579351425171,0.9987104535102844,3.637273073196411,0.13611987242859463,0.008357488871688511,0.23522730945552905,0.004240437875633383
Allegro > Electronics > Phones and Accessories > Smartwatches and Accessories,1374,0.259825327510917,0.4965660870075226,0.9798904657363892,1.7036796808242798,0.19461333805235373,0.011738493868292985,0.32490275442339966,0.008970519886784257
"Allegro > Electronics > Computers > Accessories (Laptop, PC)",1336,0.12649700598802396,0.7276917695999146,0.9981656074523926,3.3266496658325195,0.4311247060419965,0.08267665221711981,0.5886478353581743,0.04217794739189589
Allegro > Supermarket > Groceries > Confectionery Decorations and Baking Products,1332,0.539039039039039,0.32603079080581665,0.9981989860534668,1.701230525970459,0.19291808646702835,0.05407433674436302,0.26849194989727077,0.05407433673557516
Allegro > Home and Garden > Construction Work and Equipment > Fences and Gates,1332,0.5495495495495496,0.676884651184082,0.998078465461731,3.3435556888580322,0.357113885038121,0.04299306109182273,0.524045160851321,0.02113755371120871
Allegro > Home and Garden > Furniture > Kitchen,1227,0.2754686226568867,0.4113452136516571,0.9820404052734375,1.6799131631851196,0.23533425030717217,0.03292456088839274,0.36225772593792804,0.01978711949503014
Allegro > Home and Garden > Equipment > Carpets and Rugs,1227,0.08720456397718011,0.239716574549675,0.961956799030304,1.126828908920288,0.13003544441250658,0.0325285234250829,0.18870446408970531,0.032528523422057296
Allegro > Kids > Toys > Dolls and Accessories,1224,0.0727124183006536,0.7272621989250183,0.9995075464248657,3.3414928913116455,0.2632171420712018,0.03460875218330778,0.40222244110761907,0.019176217384936477
Allegro > Beauty > Care > Body,1216,0.1455592105263158,0.6559082865715027,0.9958782196044922,3.389784574508667,0.42501484285763624,0.06501025142272185,0.5919517731097967,0.0474722066472309
Allegro > Kids > Toys > Figures,1213,0.057708161582852434,0.8182677030563354,0.9978401064872742,3.3574349880218506,0.3776998533377468,0.012481055381276085,0.5710527277739699,0.009855327521783539
"Allegro > Electronics > Audio, Video and Household Appliances > TV and Video",1194,0.20016750418760468,0.5825297832489014,0.9986406564712524,2.940716028213501,0.3514497109446092,0.09722866392098206,0.4694288915126168,0.06757851587382392
Allegro > Automotive > Car Equipment and Accessories > Tuning Accessories,1184,0.46283783783783783,0.2756587266921997,0.9757461547851562,1.2937272787094116,0.1676107776474891,0.03944251675959174,0.2445858232676984,0.03944251675623135
Allegro > Fashion > Jewelry and Watches > Watches,1176,0.06207482993197279,0.3533237874507904,0.956878662109375,1.2436552047729492,0.13530859215385488,0.006889203916129646,0.2359620330183685,0.006889203915717708
"Allegro > Kids > Events, Parties > Gadgets and Decorations",1152,0.08333333333333333,0.44404351711273193,0.9971885681152344,2.093550443649292,0.26644532450156055,0.056559053297524246,0.3830655384291377,0.05655905329226346
Allegro > Automotive > Car Care Products > Washing and care,1127,0.15084294587400177,0.9060620665550232,0.9996201992034912,5.249635219573975,0.6134235003963744,0.1214592318467233,0.7664853142972742,0.06938923417081252
"Allegro > Culture and Entertainment > Books and Comics > Calendars, Gadgets and Accessories",1114,0.29443447037701975,0.7399485111236572,0.9991641640663147,2.9407973289489746,0.532080170381797,0.10734810935995875,0.6872581838491361,0.07232424062918062
Allegro > Kids > Kids' Room > Equipment,1104,0.04800724637681159,0.6555072665214539,0.9989123344421387,2.770552396774292,0.43448576911507886,0.094931415967202,0.5862564542803212,0.05479407495135685
Allegro > Health > Medicine Cabinet Essentials > Dietary Supplements,1072,0.28544776119402987,0.8619743585586548,0.9981896281242371,4.164865970611572,0.3873533569382902,0.021882793848936787,0.5761766740635259,0.020788626637595953
Allegro > Home and Garden > Construction Work and Equipment > Construction Equipment and Accessories,1063,0.36970837253057387,0.6959658861160278,0.999267578125,3.5485570430755615,0.5074032960475501,0.11557792472292701,0.6610215838967015,0.11557792470267246
"Allegro > Electronics > Audio, Video and Household Appliances > Freestanding Household Appliances",1062,0.5188323917137476,0.5003086924552917,0.9984557032585144,2.644390106201172,0.302668246929449,0.09537749033673132,0.39722790657463747,0.09537749032001681
Allegro > Supermarket > Household Essentials > Household chemicals,1057,0.13528855250709557,0.7825623154640198,0.9986007809638977,4.737205982208252,0.5287118108615939,0.05868272328343032,0.709997245469179,0.041022863235382914
Allegro > Kids > Toys > Babies,1051,0.19980970504281637,0.9195765852928162,0.9992589950561523,4.54835844039917,0.6276668490567383,0.06491597360025715,0.7968990442641681,0.043559005952322705
Allegro > Sports and Travel > Bicycles and Accessories > Accessories,1050,0.10285714285714286,0.6692500114440918,0.9989679455757141,3.550354242324829,0.4134579166190955,0.08123541136871484,0.5676177519276029,0.03389473344056294
Allegro > Kids > Toys > Stuffed Toys,1050,0.1457142857142857,0.6794285774230957,0.9989451169967651,2.7097067832946777,0.26385260259707577,0.04805088035642664,0.3901341031846547,0.0371552222467766
Allegro > Kids > Toys > Remote-controlled,1041,0.027857829010566763,0.6830232739448547,0.9988460540771484,3.309390068054199,0.3344047538956649,0.026080710125914633,0.5076515644244799,0.021040173810528157
Allegro > Automotive > Car Equipment and Accessories > Towing,1022,0.004892367906066536,0.14158867299556732,0.83502197265625,0.686125636100769,0.07668296330104366,0.021793376926670244,0.10837040284608446,0.021793376925367116
Allegro > Electronics > Computers > Network Devices,1004,0.12848605577689243,0.6583526134490967,0.9986430406570435,3.2808213233947754,0.40086006133483926,0.13147935296015495,0.5093193929271395,0.07984672223174845
"Allegro > Electronics > Audio, Video and Household Appliances > Headphones",975,0.28,0.5467763543128967,0.980487048625946,1.6824300289154053,0.2582434024241285,0.01713321013154047,0.4139657032184111,0.013408834953735715
Allegro > Kids > Toys > Cars and Other,965,0.046632124352331605,0.8846800327301025,0.9993724822998047,4.338857173919678,0.48385027255177193,0.04590116314022922,0.6699714025067541,0.024098355755750697
Allegro > Supermarket > Pet Supplies > Aquaristics,946,0.19027484143763213,0.9472507834434509,0.9998679757118225,5.764441967010498,0.7470568501814175,0.14714919946660024,0.8727273547246138,0.07494994478404274
Allegro > Sports and Travel > Bicycles and Accessories > Parts,941,0.3071200850159405,0.6869274377822876,0.9997513294219971,3.813397169113159,0.5109340419604788,0.15833634886731696,0.6398234455415723,0.11663963347562169
Allegro > Supermarket > Pet Supplies > Cats,940,0.22872340425531915,0.6344236731529236,0.998462975025177,3.106240749359131,0.41427997277118733,0.11337048494425196,0.5455496609845061,0.07503176889718037
Allegro > Culture and Entertainment > Music > Vinyl Records,939,0.0308839190628328,0.6225597262382507,0.9949249029159546,2.017702341079712,0.16416719816297154,0.02372219473668759,0.26056906685661585,0.01808021057771101
Allegro > Electronics > Computers > Pointing Devices,934,0.10706638115631692,0.49820032715797424,0.9879348874092102,2.231084108352661,0.1771474343823221,0.03818121726812035,0.26280520968059395,0.02135175383115893
Allegro > Home and Garden > Garden > Lighting,910,0.33296703296703295,0.7273837327957153,0.997999370098114,2.6788761615753174,0.42366386898218833,0.06442290716725459,0.590408903818864,0.03949475302885919
Allegro > Collections and Art > Handmade > Sewing,904,0.05530973451327434,0.6856724619865417,0.9992994666099548,3.736454963684082,0.5160327062243857,0.12807131682892764,0.6656576496573676,0.09405390278893243
Allegro > Home and Garden > Equipment > Bathroom Accessories,898,0.0801781737193764,0.7061132788658142,0.9986497759819031,3.839852809906006,0.4782506087290999,0.09566479337998819,0.6376108689138247,0.05115037349543698
Allegro > Sports and Travel > Fishing > Fishing Accessories,886,0.1343115124153499,0.7600733041763306,0.9997241497039795,4.570015907287598,0.5592955501065449,0.16156273642087116,0.6934636047543037,0.16156273639358087
"Allegro > Home and Garden > Equipment > Tablecloths, Napkins, Coasters",871,0.016073478760045924,0.20407506823539734,0.9293212890625,1.16869056224823,0.12319435281462496,0.023537861749471086,0.19065625987835777,0.023537861748063646
"Allegro > Culture and Entertainment > Books and Comics > Maps, Guides, Travel Books",864,0.017361111111111112,0.46926024556159973,0.9979425668716431,2.0160303115844727,0.2909915908050524,0.05378858469826006,0.424651573860535,0.03859706471282378
Allegro > Collections and Art > Handmade > Handmade Items,860,0.3918604651162791,0.6002719402313232,0.9997315406799316,2.441666603088379,0.4944850785128289,0.2004848138789254,0.5887223371932673,0.15358068070840245
Allegro > Supermarket > Household Essentials > Cleaning,858,0.2680652680652681,0.6741421222686768,0.9990345239639282,4.010076522827148,0.4910363355237056,0.12116505139231995,0.6367975088544103,0.07618721603272917
Allegro > Sports and Travel > Team Sports > Football,845,0.05325443786982249,0.5937319397926331,0.9992368817329407,2.261432409286499,0.3789844177374273,0.09042524109815263,0.5173130448753311,0.06917197274052579
Allegro > Automotive > Car Care Products > Paintwork Care Products,830,0.14457831325301204,0.6933836936950684,0.9992856979370117,3.562546968460083,0.4126855589597809,0.11691227694273841,0.5412913253508418,0.09082524711477948
Allegro > Automotive > Car Parts > Air conditioning system,817,0.017135862913096694,0.2653588354587555,0.9900588989257812,1.0005314350128174,0.15782683911977133,0.03789501829092485,0.23023106484255562,0.0378950182876963
Allegro > Home and Garden > Garden > Plants,791,0.2718078381795196,0.7719680070877075,0.9994964599609375,4.206528663635254,0.4445632086689551,0.09192539643604396,0.599074091380827,0.053033054828530324
Allegro > Electronics > Computers > Computer Components,785,0.16560509554140126,0.6537414789199829,0.9992460012435913,3.5194032192230225,0.44140385860234516,0.08208099343195838,0.6027184639007422,0.047986398539744096
Allegro > Automotive > Car Parts > Wipers and sprinklers,763,0.08125819134993446,0.3713150918483734,0.9971016049385071,1.1172441244125366,0.18726465038338835,0.015223643788911539,0.3097126998720132,0.00984344497493487
Allegro > Automotive > Car Parts > Ventilation system,762,0.028871391076115485,0.32018521428108215,0.9788147211074829,1.4832427501678467,0.14086749419745492,0.02072292270404153,0.2258275796578626,0.012256908374469997
Allegro > Beauty > Fragrance > Fragrances for women,761,0.09329829172141918,0.5035454034805298,0.97662353515625,1.8549342155456543,0.2505774749958929,0.024620507933557183,0.39399820957797904,0.024620507932085006
Allegro > Home and Garden > Garden > Irrigation,760,0.14605263157894738,0.7334690093994141,0.999468207359314,4.089757442474365,0.5245849371389789,0.12836528216900764,0.6723953036885513,0.10829316567918221
"Allegro > Culture and Entertainment > Books and Comics > Fantasy, Science Fiction, Horror",757,0.009247027741083224,0.8951060175895691,0.9985426068305969,3.0934746265411377,0.6697687104176886,0.022671950018322548,0.8396027030686564,0.022671950017182113
Allegro > Collections and Art > Collections > Model Building,742,0.3867924528301887,0.7907909154891968,0.9999209642410278,4.062680244445801,0.6429275840430888,0.24763920078198337,0.7530952259054724,0.19769814541913147
Allegro > Sports and Travel > Gym and Fitness > Fitness training,735,0.2217687074829932,0.6195427179336548,0.9984943270683289,3.981383800506592,0.41395589572825153,0.0860484947547683,0.5651164072711451,0.051123410578624094
Allegro > Home and Garden > Construction Work and Equipment > Doors,730,0.030136986301369864,0.6276538968086243,0.9984433054924011,3.326249361038208,0.35273340751818116,0.061239090393328297,0.5048872389205514,0.036188227781101055
Allegro > Business and Services > Industry > Indoor Furnishing,728,0.5892857142857143,0.6101428270339966,0.9998891949653625,3.1590569019317627,0.5061391460138511,0.22725431415745173,0.5857979313030348,0.19874567041354183
"Allegro > Fashion > Clothing, Shoes, Accessories > Wedding Ceremony and Wedding Party",718,0.26740947075208915,0.9000627398490906,0.999513566493988,4.127878189086914,0.6844592176101316,0.14124008097225238,0.824354641865887,0.11131296581920039
Allegro > Kids > School Supplies > Stationery,717,0.11436541143654114,0.6569451689720154,0.9971210360527039,3.187037706375122,0.43175843291064375,0.06168385827000491,0.6031175257438064,0.039367665630712846
Allegro > Business and Services > Office and advertising > Stationery,711,0.18424753867791843,0.658781886100769,0.9969654083251953,3.3764944076538086,0.35365597261876397,0.057849744597245206,0.507592450382002,0.03056783770419636
Allegro > Culture and Entertainment > Books and Comics > Young Adult,709,0.04936530324400564,0.8787512183189392,0.9981273412704468,2.8737964630126953,0.7227186104680102,0.014297512834255092,0.8770269432088047,0.014297512833685149
Allegro > Electronics > Computers > Portable Disks and Memory,696,0.07902298850574713,0.39169880747795105,0.982208251953125,1.8343056440353394,0.1498233294273118,0.03684164853605805,0.21745259391850436,0.026388242508307954
Allegro > Automotive > Tires and Rims > Accessories,686,0.007288629737609329,0.4736339747905731,0.9852676391601562,2.381408214569092,0.261801954754992,0.033480042308178,0.401911364265503,0.01673644845870106
Allegro > Electronics > Computers > Tablets,676,0.16420118343195267,0.36318469047546387,0.9908905029296875,1.4097331762313843,0.18272686951853095,0.01117696456231735,0.3069718809875511,0.01117696456175513
Allegro > Home and Garden > Construction Work and Equipment > Windows and Window Sills,675,0.6088888888888889,0.5629550814628601,0.9988037347793579,3.1530895233154297,0.33837953423648504,0.056924978259639804,0.48969099830698093,0.02750993962475942
"Allegro > Kids > Events, Parties > Costumes",662,0.18126888217522658,0.5869494676589966,0.9975787997245789,2.2880032062530518,0.2649044364726386,0.027294144925184012,0.4135074330060503,0.018156172672795977
Allegro > Home and Garden > Tools > Power Tools Parts,659,0.025796661608497723,0.7815132141113281,0.9987762570381165,3.6444623470306396,0.5931251529458486,0.11868532928130654,0.7501461240879863,0.11868532926356465
Allegro > Kids > Clothing > Baby Clothing,656,0.1402439024390244,0.3016418218612671,0.9777297973632812,1.336553692817688,0.17827683895055296,0.042058487395069705,0.259878216356766,0.04205848739148644
Allegro > Kids > Toys > Arts and Crafts,656,0.16920731707317074,0.7393536567687988,0.999049186706543,3.635734796524048,0.5309639122683915,0.05341826877847704,0.7157436951813174,0.03997964626654699
Allegro > Home and Garden > Garden > Garden Architecture,650,0.12615384615384614,0.9161112904548645,0.9991014003753662,4.801590919494629,0.678297018428893,0.06617543672835732,0.8380030648524944,0.03184145371347445
Allegro > Automotive > Garage Tools and Equipment > Bodywork and painting,644,0.2096273291925466,0.7002164721488953,0.9997500777244568,4.043093204498291,0.5551288690731371,0.19414645021979973,0.6757892422054126,0.1845834241335655
Allegro > Kids > School Supplies > Art Supplies,624,0.14903846153846154,0.6693865656852722,0.9981301426887512,3.7672009468078613,0.4466745003676001,0.06313746020929759,0.6202265090094163,0.041873292792141706
Allegro > Automotive > Car Parts > Fuel system,608,0.06907894736842106,0.48741722106933594,0.998410701751709,2.3373982906341553,0.3231591663281402,0.09374773821591227,0.4316619900300315,0.09374773820444553
Allegro > Home and Garden > Garden > Pots and Containers,603,0.02155887230514096,0.546485424041748,0.9986203908920288,2.514277935028076,0.3246339847489088,0.07678285648153522,0.4518217650021289,0.07678285647439334
Allegro > Home and Garden > Furniture > Hallway,602,0.07641196013289037,0.5842588543891907,0.9913123846054077,2.5253260135650635,0.36800358826466384,0.05420273618068221,0.5293631386321249,0.036265302425104985
Allegro > Beauty > Make-up > Eyes,595,0.14789915966386555,0.7720111012458801,0.9995023012161255,3.510812759399414,0.5495847765673394,0.10551209063892752,0.7127605005472648,0.06306052307600957
Allegro > Automotive > Garage Tools and Equipment > Garage Equipment,584,0.21404109589041095,0.9582788944244385,0.9998642802238464,5.040450572967529,0.829333758927137,0.18713140859402563,0.9248703196644783,0.11364794772076785
Allegro > Culture and Entertainment > Books and Comics > Comics,553,0.06148282097649186,0.9673704504966736,0.9991893768310547,3.397782325744629,0.7643912813753986,0.0164519797278605,0.9019148255989737,0.009422217510997274
Allegro > Home and Garden > Furniture > Bathroom and Toilet,552,0.19927536231884058,0.4722568690776825,0.992190957069397,1.7196671962738037,0.21913831604560252,0.05951243899945631,0.30495529427476553,0.05951243899486755
Allegro > Electronics > Photography > Photo Accessories,551,0.12522686025408347,0.7756592035293579,0.9998425245285034,4.148850440979004,0.6155675971780497,0.19901332071424618,0.7427343306437595,0.11857442386675536
Allegro > Home and Garden > Equipment > Towels,546,0.45054945054945056,0.5197664499282837,0.9636077880859375,2.1956875324249268,0.1573104032859649,0.013273093259667622,0.2640575213091714,0.00499560902746986
Allegro > Automotive > Motorcycle Parts and Equipment > Clothes,545,0.025688073394495414,0.5813004970550537,0.9990979433059692,2.4504425525665283,0.43151792226808133,0.11907668050167267,0.5635643726095148,0.08725389947868085
"Allegro > Fashion > Clothing, Shoes, Accessories > Men's Underwear",540,0.04814814814814815,0.5499146580696106,0.9933971166610718,1.9135931730270386,0.380855386527232,0.06099002132028884,0.5425454093350304,0.0461726822310422
"Allegro > Culture and Entertainment > Books and Comics > Law, Administration",536,0.6063432835820896,0.6482675075531006,0.9985055923461914,2.499478578567505,0.35981053208148706,0.012770396322768725,0.5499902753465211,0.012770396322126353
Allegro > Collections and Art > Antiques and Art > Painting,530,0.7603773584905661,0.8055811524391174,0.999051570892334,2.887578248977661,0.25234296126833466,0.025770891855803776,0.3961640341101953,0.020575690014751607
Allegro > Culture and Entertainment > Books and Comics > CD Audiobooks,522,0.01532567049808429,0.871428370475769,0.9997206926345825,2.9948508739471436,0.3697431301913783,0.0569827771798551,0.5300893968549267,0.03723772616170774
Allegro > Automotive > Machine and Other Vehicles Parts > For Trailers and Semi-Trailers,519,0.279383429672447,0.807654082775116,0.9999208450317383,3.81577467918396,0.6369861144476714,0.22447953866562556,0.7551986522297869,0.22447953863355954
Allegro > Business and Services > Office and advertising > Advertising,518,0.3359073359073359,0.9314743876457214,0.9998292326927185,3.8475935459136963,0.7981481306535076,0.14629041941001622,0.9101773292171449,0.09172390723559563
Allegro > Automotive > Car Care Products > Repair and protection supplies,516,0.26744186046511625,0.9456112384796143,0.9997724294662476,5.441659450531006,0.7477792458093867,0.1250719017873465,0.876724913947342,0.12169350647599313
Allegro > Beauty > Fragrance > Fragrances for men,513,0.056530214424951264,0.6180844902992249,0.9854949712753296,2.258847951889038,0.33072710799447314,0.03944135346506267,0.4922807827795226,0.03944135346235413
Allegro > Fashion > Jewelry and Watches > Hair Ornaments,513,0.021442495126705652,0.4676836431026459,0.9797332882881165,2.60202956199646,0.23298749859104742,0.012855543649781975,0.3812437946336311,0.006432054306072306
Allegro > Home and Garden > Construction Work and Equipment > Floors,511,0.25048923679060664,0.7133655548095703,0.9995207786560059,4.252530097961426,0.5359779013007379,0.127278118752935,0.6873866755901717,0.09259151342743975
Allegro > Home and Garden > Lighting > Lighting Accessories and Fixtures,510,0.3862745098039216,0.8273820281028748,0.9982351064682007,3.4215245246887207,0.5399924292755829,0.05401753790962873,0.723721243353451,0.032770051685283
Allegro > Automotive > Car Equipment and Accessories > Car Gadgets,504,0.041666666666666664,0.6773161292076111,0.9994097352027893,3.0390310287475586,0.4989647766169627,0.09157620064417449,0.6644049555299774,0.07947411105348674
Allegro > Beauty > Manicure and pedicure > Accessories and tools,498,0.18875502008032127,0.6564773321151733,0.9996131658554077,3.960012435913086,0.4605443572762923,0.1120609785765076,0.6081879525538908,0.07678620788240005
"Allegro > Supermarket > Groceries > Sweets, Snacks, Desserts",493,0.22515212981744423,0.9714332818984985,0.9998376965522766,5.607800006866455,0.7325449416127934,0.08917164989166262,0.8721225391053283,0.06018606399895892
Allegro > Collections and Art > Handmade > Decoupage,491,0.20162932790224034,0.9179067015647888,0.9996652603149414,3.996560573577881,0.7708292501529419,0.16159406771645823,0.8895991559912376,0.139589141830742
"Allegro > Electronics > Audio, Video and Household Appliances > Home Audio",488,0.1762295081967213,0.9904494881629944,0.9999240636825562,5.848515033721924,0.8804689985448059,0.09970765017167774,0.9577224949588541,0.052948151969035906
Allegro > Collections and Art > Handmade > Scrapbooking,488,0.2766393442622951,0.7942153215408325,0.9994906783103943,4.164198875427246,0.6556645536164278,0.1970862652136216,0.7793438736288274,0.1970862651854686
Allegro > Sports and Travel > Gym and Fitness > Supplements and Nutrients,487,0.4024640657084189,0.809823751449585,0.9980453252792358,4.019376277923584,0.524054567268762,0.09804683210967816,0.6856625946640235,0.07700975349870007
Allegro > Sports and Travel > Fishing > Lures,484,0.008264462809917356,0.47119882702827454,0.996548056602478,2.901637554168701,0.30042770959317977,0.03833585687133875,0.45348101349408965,0.03833585686941039
Allegro > Home and Garden > Construction Work and Equipment > Fireplaces and Accessories,480,0.052083333333333336,0.540524423122406,0.9996464848518372,3.3848440647125244,0.42430408840168377,0.1575640323359459,0.5259657264997561,0.15756403231667346
Allegro > Home and Garden > Furniture > Workshop,475,0.26526315789473687,0.621701180934906,0.9868270754814148,2.3742942810058594,0.36225456287955504,0.040810381636918865,0.5334273350866218,0.02905994216091276
"Allegro > Electronics > Audio, Video and Household Appliances > Power Supply",472,0.15889830508474576,0.6372213959693909,0.9860221743583679,3.072593927383423,0.3682393389788968,0.04645502964172152,0.5356856494889422,0.036465427968323104
Allegro > Automotive > Car Equipment and Accessories > Automotive Electronics,470,0.03829787234042553,0.9051336646080017,0.999402642250061,4.334136009216309,0.7241190137251735,0.03638176888863337,0.8745254307351213,0.029766541215147452
Allegro > Culture and Entertainment > Books and Comics > Foreign Language Learning,466,0.03982300884955752,0.8918242454528809,0.9995887279510498,3.655862808227539,0.5623089199304664,0.04375870307855664,0.7473707610957101,0.030734902896564387
Allegro > Culture and Entertainment > Games > Console Games,464,0.2478448275862069,0.8629554510116577,0.9997475743293762,4.7354021072387695,0.4154355190647982,0.08882341121513598,0.5637231920042942,0.05763420099563253
Allegro > Home and Garden > Construction Work and Equipment > Air Conditioning and Ventilation,459,0.19607843137254902,0.69746333360672,0.9988983273506165,3.7693068981170654,0.4840823786301115,0.08710701861595993,0.6483550562578089,0.06077807983033678
Allegro > Sports and Travel > Travel > Backpacks,454,0.07488986784140969,0.6474561095237732,0.9974296689033508,1.8355357646942139,0.3933355564411981,0.03174839002139314,0.5784791315442139,0.031748390019212896
Allegro > Beauty > Make-up > Face,451,0.017738359201773836,0.5793337821960449,0.9976081848144531,2.9568893909454346,0.4120376909261152,0.12513939818133216,0.5326412690188034,0.08681270098870499
Allegro > Culture and Entertainment > Books and Comics > Cookbooks,448,0.26785714285714285,0.9222733378410339,0.999131977558136,3.82147479057312,0.6551029958981154,0.027098197595548476,0.8281312325437155,0.027098197593459047
Allegro > Business and Services > Office and advertising > Office supplies,440,0.1431818181818182,0.8981297016143799,0.9996739029884338,5.021810054779053,0.7560561264907788,0.14784836651328945,0.8823460791598666,0.07813377135665954
"Allegro > Culture and Entertainment > Books and Comics > IT, Internet",434,0.5460829493087558,0.7753782272338867,0.9993716478347778,3.4427506923675537,0.5289799413166043,0.03405824130898632,0.7205447367808786,0.03003239723465824
Allegro > Business and Services > Office and advertising > Packing and shipping,430,0.24186046511627907,0.7654713988304138,0.9995927214622498,4.390116214752197,0.5642490753546969,0.15257663411123684,0.7053911096827928,0.1109461982355546
Allegro > Automotive > Car Parts > Exhaust system,422,0.02843601895734597,0.45652177929878235,0.9844856262207031,2.1455588340759277,0.24597787416615047,0.009848483204222302,0.40348016424766653,0.004284117108865708
Allegro > Beauty > Care > Shaving and hair removal,412,0.12378640776699029,0.9679984450340271,0.9998202323913574,5.123090744018555,0.8510972190092756,0.16685185447524814,0.9385360540116875,0.13896647760565328
Allegro > Kids > Toys > Anti-stress,412,0.0048543689320388345,0.21269498765468597,0.9629364013671875,1.101884365081787,0.10911233565414948,0.010776302553533842,0.1856482286476394,0.010776302553104265
"Allegro > Electronics > Audio, Video and Household Appliances > Car Audio Equipment",411,0.021897810218978103,0.6155014038085938,0.99884033203125,2.994983434677124,0.3074071947905302,0.05621083157471578,0.44613892782633613,0.05621083156823859
Allegro > Fashion > Jewelry and Watches > Accessories for Watches,408,0.23529411764705882,0.4975111782550812,0.9971914291381836,2.3812053203582764,0.3077980755671684,0.032785482774053486,0.46824825175252616,0.032785482771525536
Allegro > Collections and Art > Antiques and Art > Art Supplies,405,0.36790123456790125,0.9386610984802246,0.999863862991333,4.396175861358643,0.7764656806038998,0.16012320886300693,0.8933586364910926,0.13925110615518657
Allegro > Home and Garden > Construction Work and Equipment > Roofs,401,0.3541147132169576,0.8647530674934387,0.9998782277107239,4.016141891479492,0.7526293121442501,0.27689893182393976,0.8567505145905321,0.2768989317920326
Allegro > Collections and Art > Collections > Tobacco Accessories,393,0.6717557251908397,0.5291934609413147,0.999809980392456,3.1871583461761475,0.398059833521247,0.16815263661939525,0.4743589887788884,0.1502489690974033
Allegro > Home and Garden > Garden > Fertilizers and Chemicals,387,0.13178294573643412,0.6887322664260864,0.9988119006156921,4.006217956542969,0.5028527363846678,0.13120781359874506,0.6465566226062233,0.13120781358973468
Allegro > Home and Garden > Garden > Swimming Pools and Accessories,379,0.3562005277044855,0.7943893074989319,0.9996270537376404,4.989373207092285,0.6236759835438203,0.22633687322996238,0.7407393924164583,0.1815091291668761
Allegro > Automotive > Motorcycle Parts and Equipment > Helmets and accessories,370,0.005405405405405406,0.12831342220306396,0.3655761778354645,0.8661819696426392,0.07274446110901243,0.007749482815406251,0.12536198609584082,0.007749482815097332
Allegro > Supermarket > Pet Supplies > Rodents and Rabbits,359,0.1392757660167131,0.8168700337409973,0.9996466636657715,4.493034362792969,0.6816317971156829,0.23842738904630217,0.7948686439014743,0.238427389020552
Allegro > Kids > Toys > Home Appliances,358,0.07262569832402235,0.7723503112792969,0.9997346997261047,4.342679977416992,0.5928834811483664,0.17387274648215245,0.7279074793088369,0.1646950427438559
Allegro > Kids > Bicycles and Vehicles > Electric Vehicles,357,0.07563025210084033,0.6038174033164978,0.9995627999305725,3.1258726119995117,0.41271964640025083,0.12953243790577368,0.5298628997402031,0.1295324378927423
Allegro > Beauty > Professional salon equipment > Hair Salons,356,0.042134831460674156,0.8075960278511047,0.9993700981140137,4.467347145080566,0.5980083364717734,0.1635919814309289,0.73561635814356,0.12693755794181016
Allegro > Kids > Kids' Room > Furniture,353,0.20396600566572237,0.6777520775794983,0.999009907245636,3.243769884109497,0.5286184232250299,0.1611197855424548,0.6613815038467601,0.11244954326789125
"Allegro > Electronics > Audio, Video and Household Appliances > Built-in Appliances",345,0.2289855072463768,0.7594560384750366,0.999095618724823,4.240732669830322,0.6215866865298962,0.2078025425673195,0.7429941536723703,0.14355965106062793
Allegro > Automotive > Motorcycle Parts and Equipment > Motorcycle Equipment and Accessories,336,0.09226190476190477,0.8234474658966064,0.9996081590652466,4.031044960021973,0.6318760707216908,0.14084585454582707,0.7789887718501545,0.10156436299182638
"Allegro > Sports and Travel > Sports Electronics > Smartwatches, Smartbands",334,0.5359281437125748,0.6771494150161743,0.9785400629043579,1.9002374410629272,0.41489988665651567,0.0123971494401406,0.6134560607864471,0.012397149439646411
Allegro > Home and Garden > Equipment > Smart Home,330,0.5,0.9166957139968872,0.9995493292808533,4.4185566902160645,0.7311018802070579,0.03990532211157411,0.8788133012525963,0.03990532210849718
Allegro > Supermarket > Groceries > Tea and Infusions,330,0.15757575757575756,0.8826321959495544,0.999428391456604,4.72438907623291,0.42144570336910275,0.06089239208420527,0.5926333084250941,0.035585894074436235
Allegro > Collections and Art > Handmade > Jewelry - Intermediate Products,329,0.44984802431610943,0.6417279243469238,0.9997013211250305,3.2821240425109863,0.5123377765131835,0.21400848485651242,0.603099063537041,0.1954808989073237
Allegro > Automotive > Garage Tools and Equipment > Standardized parts,328,0.0975609756097561,0.7617605924606323,0.9996302127838135,3.949397325515747,0.605864698414954,0.17318903826827542,0.7425469470823682,0.1731890382470918
Allegro > Supermarket > Groceries > Drinks and Accessories,328,0.42378048780487804,0.6874916553497314,0.999155580997467,4.336419105529785,0.4664259563197507,0.12727698890007044,0.6019017665487965,0.12727698888823188
Allegro > Supermarket > Groceries > Spices and Herbs,327,0.0856269113149847,0.9196412563323975,0.9974781274795532,5.590299606323242,0.6960354039434588,0.04291949939493049,0.8547404694630101,0.03864924982866166
Allegro > Electronics > Computers > Laptops,325,0.19384615384615383,0.8019970655441284,0.9909378290176392,3.1668224334716797,0.2214445011654524,0.028296539848002525,0.3469910498765798,0.019072340498439276
Allegro > Kids > Toys > Skill Toys,324,0.05864197530864197,0.8240403532981873,0.9995889067649841,3.8191328048706055,0.6311806142181418,0.03696159447913685,0.808398045691443,0.0369615944765986
Allegro > Beauty > Care > Hand and foot care,322,0.13043478260869565,0.7558706402778625,0.9997832775115967,3.769103527069092,0.5971407652885856,0.19685664388006674,0.7246645646435874,0.19685664385738288
Allegro > Sports and Travel > Gym and Fitness > Clothes,321,0.27102803738317754,0.7581871151924133,0.9982089996337891,2.150912046432495,0.5929987460723429,0.13263723885302997,0.7428914070872132,0.08390306978418156
Allegro > Supermarket > Groceries > Coffee,321,0.13707165109034267,0.6852812170982361,0.9994592666625977,3.5813870429992676,0.4194685589345575,0.16796633498094268,0.5057927058121869,0.1402667573940784
Allegro > Kids > Clothing > Pants,321,0.006230529595015576,0.45534664392471313,0.94610595703125,1.568190336227417,0.14506425216910648,0.002457789612498638,0.2582411177433168,0.0011327627657618247
Allegro > Culture and Entertainment > Movies > Blu-ray,318,0.04716981132075472,0.8897829651832581,0.9980201721191406,3.595473527908325,0.19014881844734477,0.005359788045612707,0.3257877551159768,0.00253968588418775
Allegro > Home and Garden > Lighting > Outdoor lighting,315,0.32063492063492066,0.8431001901626587,0.9987884759902954,2.932873487472534,0.5737381154679817,0.1135286972361772,0.7327527638465638,0.11352869722561744
Allegro > Home and Garden > Construction Work and Equipment > Kitchen,312,0.10576923076923077,0.4965956211090088,0.9994858503341675,2.6991047859191895,0.3280217587125622,0.07040758467094672,0.4644306357472371,0.030180341093727067
Allegro > Home and Garden > Tools > Measuring Instruments,301,0.09302325581395349,0.7210037112236023,0.9990944862365723,4.61040735244751,0.536445451571816,0.14498435356358766,0.6822016872836902,0.06680830468967268
Allegro > Sports and Travel > Other Sports and Leisure > Horse Riding,298,0.5,0.5816369652748108,0.999882698059082,2.8998379707336426,0.4937170749514871,0.24008903383984037,0.5563668992695392,0.24008903381217483
Allegro > Sports and Travel > Bicycles and Accessories > Clothes,294,0.030612244897959183,0.7117571234703064,0.9984552264213562,3.1108782291412354,0.46049162763866575,0.06391911916557462,0.6358534900509581,0.04291336318373789
"Allegro > Electronics > Audio, Video and Household Appliances > Portable Audio Equipment",293,0.06484641638225255,0.6076557636260986,0.9985828399658203,3.2693991661071777,0.4259573158283426,0.1224422186898907,0.5550296994199524,0.12244221867945897
Allegro > Home and Garden > Garden > Grilling,293,0.23208191126279865,0.9606544971466064,0.9998254776000977,6.03477144241333,0.7996116269780296,0.13282081875842303,0.9116660559950428,0.08826703514375997
Allegro > Electronics > Photography > Camera Power Supply,291,0.01718213058419244,0.5490158200263977,0.9943351745605469,2.350731611251831,0.29827667807062974,0.03618551324207042,0.4519363414380968,0.03618551323990672
Allegro > Automotive > Car Care Products > Engine oils,288,0.0798611111111111,0.499287486076355,0.9586273431777954,1.9571787118911743,0.132456180125413,0.0112814428340035,0.22490995191037655,0.00533811197211301
Allegro > Business and Services > Office and advertising > Office furniture,288,0.06597222222222222,0.8611888885498047,0.9996890425682068,3.7096524238586426,0.6926010939395865,0.1299257830750214,0.8362091796265708,0.10941346973637335
Allegro > Fashion > Jewelry and Watches > Men's Jewelry,288,0.1736111111111111,0.5368418097496033,0.9920623898506165,1.9046415090560913,0.35041494807278567,0.03197649392350817,0.5253772812171115,0.01766174672638826
Allegro > Business and Services > Office and advertising > Presentation equipment,283,0.7243816254416962,0.3038283884525299,0.9992698431015015,1.7279468774795532,0.2108036921423294,0.06978555798863732,0.2772072736871537,0.06978555798446451
Allegro > Home and Garden > Tools > Cleaning Equipment,282,0.425531914893617,0.9018224477767944,0.9990710616111755,4.343020439147949,0.7331228863823842,0.09369296282877114,0.8709414804235418,0.07435427681102197
Allegro > Home and Garden > Tools > Tool Organization and Storage,279,0.21505376344086022,0.8811131119728088,0.999319851398468,4.806203365325928,0.629272943277466,0.10360940300049096,0.7882514803213031,0.08412479883451297
Allegro > Sports and Travel > Travel > Cooking,277,0.06859205776173286,0.9108229279518127,0.9994314312934875,4.92362117767334,0.7736681163106232,0.19230341496952275,0.8877216915361288,0.1325900218686509
"Allegro > Sports and Travel > Travel > Knives, Pocket Knives and Multi-Tools",276,0.5253623188405797,0.5587337613105774,0.9993867874145508,2.9733664989471436,0.4088320410191574,0.12743675325060957,0.5289565160654593,0.12743675324078346
Allegro > Home and Garden > Lighting > Smart Lighting,275,0.7927272727272727,0.37167808413505554,0.9958782196044922,1.5500954389572144,0.23044657476694166,0.01983185671450534,0.3712888754497875,0.01983185671371478
Allegro > Sports and Travel > Travel > Clothes,273,0.10989010989010989,0.9508834481239319,0.9996153712272644,2.906212329864502,0.8405036805102252,0.10025214924752777,0.9373357926969563,0.08632173066101612
Allegro > Kids > Health and Hygiene > Care Products,265,0.28679245283018867,0.9771664142608643,0.9991734623908997,5.135366439819336,0.8141837738496487,0.04258596509564955,0.9275161864622584,0.022741438966102954
Allegro > Home and Garden > Garden > Decorative Items,262,0.019083969465648856,0.9000316262245178,0.9998306632041931,4.661033630371094,0.7896118932628422,0.26922217064823645,0.887697089264411,0.24634120379741417
Allegro > Automotive > Car Care Products > General fluids,262,0.07251908396946564,0.9046165943145752,0.9994606375694275,5.306935787200928,0.7023259875213953,0.12884696547230579,0.8445643837215336,0.07753200634102864
Allegro > Supermarket > Groceries > Dry Goods,261,0.15708812260536398,0.9280251860618591,0.9981775283813477,5.2861552238464355,0.745849518255749,0.08182518854183957,0.8822420497506971,0.08182518853360768
Allegro > Kids > Feeding > Utensils and Cutlery,261,0.09961685823754789,0.8975240588188171,0.9987564086914062,4.923779010772705,0.7353419155296643,0.06690335044192884,0.8782754035745087,0.06145698463569709
Allegro > Beauty > Make-up > Brushes and accessories,257,0.05058365758754864,0.5028668642044067,0.9934799075126648,2.9797120094299316,0.3254756952210251,0.050625828446500515,0.47625966712194656,0.03136108186766428
Allegro > Supermarket > Pet Supplies > Terrariums and Other,256,0.34765625,0.9340222477912903,0.9999107122421265,5.492452621459961,0.8354491575520195,0.2639977531913855,0.9229328399524093,0.26399775315909463
Allegro > Culture and Entertainment > Musical Instruments > Guitars and Accessories,256,0.0859375,0.9339938163757324,0.9999344348907471,6.118816375732422,0.7689657679892126,0.23863672113810064,0.8715706362854689,0.23863672109628056
"Allegro > Home and Garden > Equipment > Candles, Waxes, Oils and Accessories",256,0.50390625,0.5465086698532104,0.9996646642684937,2.3560471534729004,0.4469238923829926,0.1803605242317234,0.5363835853058845,0.1803605242163572
Allegro > Supermarket > Groceries > Healthy Foods,254,0.2637795275590551,0.9471133947372437,0.9997212290763855,5.165034770965576,0.8257815714729386,0.14377575298091133,0.9263030640252932,0.14377575295847647
Allegro > Collections and Art > Collections > Numismatics,253,0.13438735177865613,0.9416366219520569,0.9996188879013062,5.800713539123535,0.6217139386323147,0.13416545027057156,0.7731519770245306,0.07682720807598123
Allegro > Collections and Art > Collections > Alcohol Accessories,252,0.31746031746031744,0.9934478402137756,0.9999490976333618,5.969508171081543,0.9420000703465402,0.13142579800893286,0.9827726171130226,0.10222068843748462
Allegro > Sports and Travel > Travel > Luggage,250,0.12,0.8781368136405945,0.999372124671936,4.27241325378418,0.6711008712765325,0.1141618069665298,0.8217640266418458,0.09767161998358484
Allegro > Electronics > Computers > Microphones and Headphones,249,0.20080321285140562,0.6581592559814453,0.9920608401298523,2.432326555252075,0.41075552752926353,0.06094085275110188,0.5777408219724295,0.060940852748036456
Allegro > Business and Services > Industry > Agriculture,245,0.16326530612244897,0.9857257008552551,0.9999637007713318,5.570984363555908,0.9429386220733424,0.25761810823506565,0.9809521127720269,0.2503726035257677
Allegro > Kids > School Supplies > Writing Supplies,243,0.0823045267489712,0.8736091256141663,0.9996771216392517,4.791579246520996,0.6876919932625686,0.07374046616847835,0.8438524284971104,0.05962063214751141
Allegro > Home and Garden > Tools > Saws and Chainsaws,243,0.15637860082304528,0.869041919708252,0.9991731643676758,4.480549335479736,0.6156346715516909,0.06836648128664762,0.7875459591547648,0.034775250158772454
"Allegro > Supermarket > Groceries > Dried Fruit, Nuts, Seeds",240,0.07916666666666666,0.852832019329071,0.998363196849823,4.862661838531494,0.5568260466012199,0.04319582540311946,0.7429811472694079,0.02808862416638354
"Allegro > Culture and Entertainment > Books and Comics > Sport, Fitness",238,0.29411764705882354,0.9914386868476868,0.9999393224716187,3.766345739364624,0.945901077339338,0.07937790794372121,0.9850112377595501,0.07937790793514839
Allegro > Kids > Health and Hygiene > Diapers and Wipes,235,0.16170212765957448,0.771629810333252,0.9993003606796265,5.144113540649414,0.446083487034696,0.06127152253929674,0.6196592904151754,0.056934565039305426
Allegro > Kids > Toys > Electronic Toys,233,0.09012875536480687,0.9824327230453491,0.9997309446334839,4.6550493240356445,0.8887202969818424,0.0693426313172364,0.9625337164801078,0.044068202665210575
"Allegro > Kids > Events, Parties > Keepsakes",231,0.3722943722943723,0.9294388890266418,0.9989843368530273,4.466973304748535,0.7386534842817857,0.036284145390532985,0.8839331800803477,0.03628414538804126
Allegro > Culture and Entertainment > Books and Comics > Magazines,229,0.1572052401746725,0.9519750475883484,0.9998893737792969,5.002481937408447,0.7113849750740484,0.07257625193628557,0.8610472192410298,0.05181445731746685
Allegro > Kids > Kids' Room > Lamps,227,0.03524229074889868,0.8286917805671692,0.9932548403739929,2.97765851020813,0.5866404144333812,0.029447768395763716,0.7729087687273908,0.029447768394002895
Allegro > Kids > Toys > DIY,226,0.16371681415929204,0.9522535800933838,0.9997966289520264,4.64533805847168,0.8355088330740257,0.1706353029591655,0.9295910296186937,0.1537567332633114
Allegro > Sports and Travel > Winter Sports > Clothes,226,0.13274336283185842,0.6987890601158142,0.9961442947387695,2.762533187866211,0.5289392920612956,0.1006613815615508,0.6929100205940483,0.06592590440554415
Allegro > Home and Garden > Garden > Water Ponds,225,0.3422222222222222,0.8782020807266235,0.9998530745506287,5.080339431762695,0.7838321436342606,0.3370255648303067,0.8713139687644111,0.3370255647989586
Allegro > Culture and Entertainment > Games > PC,224,0.29910714285714285,0.8615836501121521,0.9975522756576538,4.2895731925964355,0.38016014823407807,0.055989199702257374,0.5434319068278585,0.03683976474030481
Allegro > Collections and Art > Handmade > Knitting,223,0.017937219730941704,0.4910922944545746,0.9994418025016785,2.6384117603302,0.4118790686324491,0.17795635094264312,0.48590973674449145,0.17795635093042242
Allegro > Business and Services > Office and advertising > Paper,220,0.12272727272727273,0.8016433715820312,0.9989359378814697,4.0175371170043945,0.5978229471096626,0.08349324800671251,0.7667573739181865,0.051807693562260296
Allegro > Sports and Travel > Travel > Flashlights and Lamps,219,0.2054794520547945,0.5810362100601196,0.9944359064102173,3.2572133541107178,0.40200132399952665,0.05684272436522738,0.5720415256883455,0.0568427243623681
Allegro > Kids > Feeding > Bottles and Accessories,219,0.0730593607305936,0.8460599780082703,0.9996374845504761,4.923510551452637,0.7011064105863966,0.2197968525451883,0.8220128651078977,0.21979685252307601
Allegro > Sports and Travel > Gym and Fitness > Strength training,219,0.0410958904109589,0.8117615580558777,0.9995287656784058,5.261356830596924,0.6719703229058437,0.277591881491711,0.7712867265422595,0.27759188146589103
Allegro > Health > Massage Devices and Equipment > Massagers and Massage Devices,214,0.16822429906542055,0.6147342324256897,0.9966632723808289,3.733424425125122,0.3828441735839136,0.0137440384748071,0.5770736177948034,0.013744038474115752
"Allegro > Electronics > Audio, Video and Household Appliances > Remote Controllers",211,0.3791469194312796,0.5743792653083801,0.97259521484375,2.081167221069336,0.12230450067676665,0.01638940484209672,0.19985733100023317,0.016389404841272305
"Allegro > Electronics > Audio, Video and Household Appliances > Other",210,0.2523809523809524,0.9375277757644653,0.9998681545257568,4.913314342498779,0.8281261370716633,0.0005898017418856476,0.9372646737666357,0.0005898017418621362
Allegro > Supermarket > Groceries > Canned Foods,210,0.3047619047619048,0.9907018542289734,0.9996238946914673,5.723644256591797,0.8604004537832133,0.01636838654725884,0.9517886482533955,0.009435332194779813
Allegro > Home and Garden > Construction Work and Equipment > Stairs,208,0.5865384615384616,0.46411484479904175,0.9987961649894714,2.826094388961792,0.37150499134336873,0.14445962605775453,0.45702488061327196,0.14445962604783413
Allegro > Home and Garden > Garden > Substrates,206,0.3786407766990291,0.8455490469932556,0.99983811378479,5.231715679168701,0.7172192096824379,0.2745264903150233,0.8235528498019986,0.2745264902894885
Allegro > Sports and Travel > Fishing > Rods,205,0.2780487804878049,0.6626865267753601,0.9992906451225281,3.7769129276275635,0.44097799103490376,0.14453772840007992,0.5567080983301489,0.1445377283877657
Allegro > Beauty > Manicure and pedicure > Appliances,198,0.06060606060606061,0.8513635396957397,0.9977192878723145,5.0350165367126465,0.6463467039347564,0.12978534345327175,0.7966207530763414,0.09308525824648445
Allegro > Home and Garden > Furniture > Teenager's Room,193,0.15544041450777202,0.8272445797920227,0.9991723299026489,2.6990277767181396,0.6494353931450385,0.07284190892158506,0.814887728098143,0.05061586690862114
Allegro > Fashion > Jewelry and Watches > Jewelry Accessories,191,0.031413612565445025,0.7052963972091675,0.9996423721313477,3.9118974208831787,0.5457271049826936,0.1874719141052126,0.6704162409168264,0.18747191409400277
"Allegro > Fashion > Clothing, Shoes, Accessories > Pregnancy and Maternity",191,0.03664921465968586,0.4007147252559662,0.9986982345581055,1.9942679405212402,0.25776820337403483,0.07498352478126218,0.35015140153974766,0.05348378409593308
Allegro > Sports and Travel > Military > Clothes,191,0.05759162303664921,0.9335851073265076,0.99965500831604,3.0319855213165283,0.8239896947395475,0.11450730114241639,0.9282086260655787,0.09153497014738174
Allegro > Kids > Clothing > Underwear,188,0.0425531914893617,0.45341256260871887,0.9561065435409546,2.2836108207702637,0.2668905577709784,0.049144634533399005,0.3919713034274731,0.04914463453092695
Allegro > Kids > Mother and Baby Accessories > Calming Pacifiers and Teethers,188,0.0425531914893617,0.4855571389198303,0.99102783203125,3.0185468196868896,0.35365088416461676,0.09243823176654445,0.47834115079108697,0.09243823176189465
"Allegro > Automotive > Car Equipment and Accessories > Holders, Hangers",187,0.0213903743315508,0.8616998195648193,0.9951736330986023,1.9089851379394531,0.6533417765442264,0.02473041708734628,0.8278532499935538,0.024730417085867533
Allegro > Kids > Strollers > Accessories,182,0.16483516483516483,0.9521542191505432,0.9997827410697937,5.742176532745361,0.8170349670336828,0.11086319490917443,0.9244205483368465,0.07488095742844232
Allegro > Automotive > Car Parts > Mechanical tuning,182,0.016483516483516484,0.8807365298271179,0.9992001056671143,3.658407688140869,0.721916721742503,0.05017536796607501,0.8716205119431674,0.027642482553703333
Allegro > Electronics > Computers > Computer Monitors,182,0.12087912087912088,0.49265894293785095,0.9975690841674805,2.5387165546417236,0.30417262484642177,0.07534186921629596,0.4231354489431277,0.05566890535283949
Allegro > Supermarket > Pet Supplies > For Exotic Birds,180,0.18888888888888888,0.887178897857666,0.9993771314620972,5.1708807945251465,0.7364956494894399,0.04021658704672362,0.8826024379995134,0.029951228825255895
Allegro > Kids > Garden Toys > Games,179,0.03910614525139665,0.87664794921875,0.9998840093612671,4.791013717651367,0.7676944482256155,0.26561262362511256,0.8715478658010174,0.26561262360687227
"Allegro > Electronics > Audio, Video and Household Appliances > Cameras",178,0.06179775280898876,0.9731454849243164,0.9997464418411255,4.5817084312438965,0.8448583121350877,0.10017844379150151,0.9404461829180129,0.049564754487064086
Allegro > Health > Personal Hygiene > Diapers,173,0.1676300578034682,0.8929589986801147,0.9993294477462769,4.136210918426514,0.7364670850686367,0.12463710816521954,0.8714568387566275,0.12463710815460081
Allegro > Kids > Feeding > Baby Foods,172,0.48255813953488375,0.9941132068634033,0.9998264908790588,5.321842193603516,0.9363118335881118,0.08676454417581367,0.9815153191949046,0.027413370537054668
Allegro > Beauty > Professional salon equipment > Beauty Salons,169,0.11242603550295859,0.962997317314148,0.9999095797538757,5.319765090942383,0.8828651248044486,0.22176406269043847,0.9544255638263635,0.13446205340397016
Allegro > Health > Hospital and medical office equipment > Disposable Products,166,0.12650602409638553,0.8769490122795105,0.9998846054077148,4.2006072998046875,0.7477836582984192,0.1710826050828807,0.8738113893083779,0.11460225098712555
Allegro > Automotive > Machine and Other Vehicles Parts > Spare parts for construction machinery,165,0.24242424242424243,0.9781142473220825,0.9999706149101257,4.312860488891602,0.9234437160412121,0.1867782448969919,0.9748747262087736,0.18677824488107891
Allegro > Home and Garden > Tools > Protective Workwear,162,0.3888888888888889,0.8374088406562805,0.9997108578681946,2.4118783473968506,0.6634831768442937,0.1840784826353575,0.7972208666212764,0.18407848261967455
Allegro > Culture and Entertainment > Musical Instruments > Percussion Instruments,159,0.16352201257861634,0.9980459213256836,0.9999597072601318,6.533430576324463,0.9683923139873407,0.035551300080659626,0.9924409783111429,0.01600763566226563
Allegro > Business and Services > Office and advertising > Document organization,159,0.012578616352201259,0.7843602895736694,0.9994750022888184,4.53823709487915,0.5971170479004622,0.1125595939716355,0.7577284623242024,0.0851839434673122
Allegro > Automotive > Garage Tools and Equipment > Diagnostics and Measurements,158,0.04430379746835443,0.925913393497467,0.9998741745948792,5.571359157562256,0.7971746461386094,0.16504191225141635,0.9075179141533526,0.16504191223239853
Allegro > Home and Garden > Garden > Beekeeping Accessories,157,0.7961783439490446,0.2646462023258209,0.9998800754547119,1.6993464231491089,0.2222268973476828,0.0942652857318276,0.26451008486899596,0.09426528572708591
Allegro > Automotive > Motorcycle Parts and Equipment > Spare parts for ATVs,157,0.012738853503184714,0.8334846496582031,0.999800980091095,3.2044148445129395,0.6641571657743293,0.07169758257035072,0.8276583601714699,0.07169758256749263
Allegro > Sports and Travel > Water Sports > Sailing,156,0.32051282051282054,0.9343485832214355,0.99996417760849,5.521528244018555,0.8713512423270331,0.4408362588221493,0.9331137434794352,0.4408362587621468
Allegro > Kids > Health and Hygiene > Hygiene,154,0.11038961038961038,0.9399682283401489,0.9996705055236816,5.372019290924072,0.8589350631981357,0.3080080912744468,0.934095197683805,0.30800809123895495
Allegro > Kids > Mother and Baby Accessories > Safety and Security,153,0.026143790849673203,0.8837812542915344,0.9993125796318054,4.525972843170166,0.7411355526645079,0.13793670876578815,0.873268029658623,0.1379367087551524
Allegro > Sports and Travel > Bicycles and Accessories > Tools and Lubricants,151,0.059602649006622516,0.8583902716636658,0.999361515045166,4.7282328605651855,0.7134234042661687,0.12578421497572134,0.8553758993843533,0.12578421496939418
Allegro > Sports and Travel > Travel > Beach/Picnic,149,0.174496644295302,0.956390380859375,0.9999719262123108,5.428269386291504,0.8543977496222832,0.18807255284018015,0.9407676782384015,0.15692998896020707
Allegro > Automotive > Car Equipment and Accessories > Trunk Organizers and Mesh Nets,149,0.053691275167785234,0.7319077849388123,0.9968328475952148,4.086777687072754,0.5017061701794854,0.05547517522173792,0.6830086764073212,0.05547517521894743
Allegro > Sports and Travel > Extreme Sports > Climbing,148,0.19594594594594594,0.8143234252929688,0.9998458623886108,5.195352554321289,0.6835004919366439,0.20004797208693917,0.8130166925288536,0.20004797207151429
Allegro > Automotive > Garage Tools and Equipment > Electrical tools,147,0.02040816326530612,0.9889405965805054,0.999881386756897,3.730227470397949,0.9473026304858891,0.08072692858104438,0.9855117728921021,0.08072692857353564
Allegro > Automotive > Garage Tools and Equipment > Compressors and accessories,146,0.08904109589041095,0.8408351540565491,0.9989023208618164,4.852956295013428,0.6916582719585805,0.17212157309071446,0.8269847945807731,0.11218420267297745
Allegro > Sports and Travel > Martial Arts > Eastern Martial Arts,142,0.2746478873239437,0.8029934763908386,0.9998732805252075,4.750043869018555,0.6359373183906311,0.1781415876004685,0.7711747418826734,0.17814158758529133
"Allegro > Kids > Events, Parties > Tableware",141,0.18439716312056736,0.9253535866737366,0.9986324310302734,4.747989654541016,0.7515266382802077,0.03967483285267756,0.8916275792933525,0.03769350896276339
Allegro > Collections and Art > Collections > Militaria,140,0.1357142857142857,0.982713520526886,0.9999814033508301,5.971414089202881,0.9382856820290763,0.34451006884742086,0.977994048169681,0.33830456609576814
Allegro > Electronics > Photography > Studio Equipment,139,0.03597122302158273,0.8322620391845703,0.9999384880065918,5.007781982421875,0.6908123072997115,0.18501721476361818,0.8262314058893876,0.1193273820233493
Allegro > Kids > Toys > Military,139,0.08633093525179857,0.8763402104377747,0.9997730255126953,5.2236247062683105,0.6838835096937552,0.15620913587876367,0.8251434367337673,0.1562091358709061
Allegro > Electronics > Computers > VR Devices,139,0.06474820143884892,0.34674155712127686,0.9988729357719421,1.9761141538619995,0.22140585680661135,0.03252133043602618,0.34352403493236294,0.03252133043472978
"Allegro > Kids > Events, Parties > Invitations",137,0.5182481751824818,0.7633848786354065,0.9951850771903992,3.8057808876037598,0.4692824954700326,0.04303462351685147,0.6563291210327705,0.03307774376006124
Allegro > Automotive > Garage Tools and Equipment > Engine maintenance,134,0.05223880597014925,0.9881420731544495,0.9998959898948669,5.391224384307861,0.9234587676344862,0.03554080172583312,0.9775278559371606,0.018051045505787334
"Allegro > Sports and Travel > Travel > Sleeping Bags, Mattresses and Sleeping Pads",133,0.03759398496240601,0.88064044713974,0.999565601348877,4.417408466339111,0.725101952513743,0.04358435433840453,0.8745659648027635,0.024837431551991234
Allegro > Automotive > Garage Tools and Equipment > Pneumatic tools,133,0.06766917293233082,0.9316055774688721,0.9998433589935303,4.172872066497803,0.8300608521746764,0.1916106886569397,0.9257769051351046,0.19161068864216538
Allegro > Business and Services > Office and advertising > Drafting tools,132,0.6515151515151515,0.5020871162414551,0.9998199939727783,3.1232750415802,0.3916561184225045,0.15621821237854824,0.47784683288949903,0.15621821236920722
Allegro > Health > Oral hygiene > Toothbrush,132,0.10606060606060606,0.7849110960960388,0.9849540591239929,3.7846603393554688,0.492297064152767,0.012084924095550155,0.6935707479715347,0.012084924095068412
Allegro > Electronics > Computers > Power Strips and UPS,131,0.07633587786259542,0.7736138701438904,0.9869461059570312,3.999631881713867,0.5990316790648496,0.07550727851180863,0.7695450446077885,0.07550727850801049
Allegro > Supermarket > Groceries > Ready Meals,130,0.2076923076923077,0.9811760783195496,0.999699592590332,5.7893967628479,0.894551022368238,0.07994933320592268,0.9647192546954522,0.07994933319787952
Allegro > Sports and Travel > Travel > Travel Accessories,129,0.24806201550387597,0.9535678625106812,0.9999369978904724,4.886617660522461,0.8854062633182658,0.3010574531437611,0.953121349793072,0.1944494455032383
Allegro > Kids > School Supplies > Study Aids,129,0.17829457364341086,0.9885002970695496,0.9998900890350342,5.016831398010254,0.9414204736777007,0.03726579833401827,0.9838849555614383,0.03098130395242992
Allegro > Kids > Mother and Baby Accessories > Mother Accessories,128,0.1328125,0.9505386352539062,0.9999107122421265,6.070751190185547,0.8639014452914495,0.22040308278958154,0.9441915461793542,0.14233277101682854
Allegro > Sports and Travel > Water Sports > Diving,126,0.11904761904761904,0.963425874710083,0.999953031539917,5.602182388305664,0.8776558213504161,0.3431304530928569,0.9453750593321664,0.1943214472470454
Allegro > Culture and Entertainment > Musical Instruments > MIDI and Keyboard Instruments,124,0.23387096774193547,0.9465816020965576,0.9999191761016846,5.304930686950684,0.7991036818193491,0.24017483821529495,0.8994751514927033,0.24017483818935606
Allegro > Sports and Travel > Gym and Fitness > Training Accessories,124,0.008064516129032258,0.8458483815193176,0.9983878135681152,4.084251403808594,0.6868038378527265,0.061663312912347085,0.8457002096599149,0.061663312908659944
"Allegro > Kids > Events, Parties > Hair Accessories",123,0.14634146341463414,0.8665207028388977,0.999067485332489,4.063418388366699,0.7195409653254956,0.16091681758127568,0.8522434045628804,0.16091681757165371
Allegro > Sports and Travel > Martial Arts > Boxing,121,0.10743801652892562,0.8297713994979858,0.9991092681884766,5.427562236785889,0.665531583172571,0.12200429001899024,0.8163023640301602,0.10051568216022967
Allegro > Electronics > Computers > Optical Drives and Media,121,0.36363636363636365,0.7535061240196228,0.9951248168945312,3.6854374408721924,0.36959862590870446,0.09085178053518636,0.5015736453789325,0.06226862604477873
Allegro > Automotive > Garage Tools and Equipment > Wheels and tires maintenance,121,0.15702479338842976,0.9921326637268066,0.9999444484710693,5.822376251220703,0.9605784327136047,0.14252738714094704,0.9894584466603177,0.0780248944292558
Allegro > Kids > Garden Toys > Pools and Pool Toys,117,0.042735042735042736,0.9822961091995239,0.9995790123939514,5.703310012817383,0.9213940356304389,0.13412934356822437,0.9749620831929721,0.08822161921528383
Allegro > Home and Garden > Tools > Welders,117,0.1282051282051282,0.7380622625350952,0.9981592297554016,4.22639274597168,0.4106313865351129,0.08029895496958936,0.5666694360920507,0.08029895496478791
Allegro > Kids > Clothing > Accessories,117,0.3418803418803419,0.8562846183776855,0.9996954202651978,4.2772016525268555,0.7219041938789978,0.18966649895167206,0.8496297755811968,0.189666498940331
Allegro > Business and Services > Industry > Wholesale Offers,116,0.5603448275862069,0.792489230632782,0.9999659061431885,3.988337278366089,0.6752716581187017,0.254227598806818,0.7922129836575739,0.2542275987893596
Allegro > Sports and Travel > Military > Air Guns,113,0.20353982300884957,0.9947018623352051,0.9999611973762512,6.308722496032715,0.9726797130637634,0.1672283378934568,0.9931295503557256,0.13291742133932605
Allegro > Beauty > Manicure and pedicure > Acrylics and gels,112,0.09821428571428571,0.6415529251098633,0.9978002309799194,3.306495189666748,0.4762387702729536,0.12418547082440554,0.6211462196494852,0.1241854708181588
Allegro > Culture and Entertainment > Musical Instruments > Wind Instruments,112,0.16964285714285715,0.9941145181655884,0.9999786615371704,6.215395450592041,0.9693114377472772,0.2536477594763859,0.9915588860000882,0.25364775944359674
Allegro > Fashion > Jewelry and Watches > Wedding Jewelry,111,0.018018018018018018,0.3991434872150421,0.9969959259033203,1.0787289142608643,0.2756965393124641,0.05874356633533086,0.3982347266094104,0.058743566332989154
Allegro > Electronics > Photography > Memory Cards,110,0.01818181818181818,0.7590788006782532,0.9939991235733032,2.7248716354370117,0.49448276385141926,0.04433297948604062,0.682506309856068,0.02579806087842608
"Allegro > Sports and Travel > Fishing > Bags, Containers, Chairs",110,0.00909090909090909,0.7908285856246948,0.9997691512107849,5.046755313873291,0.6411850897998363,0.18149209092684299,0.7788101044568149,0.18149209091771362
"Allegro > Collections and Art > Antiques and Art > Clocks, Watches",109,0.5229357798165137,0.9554087519645691,0.9999614953994751,2.7771430015563965,0.82518537855641,0.11570049349493541,0.9293466746260267,0.08224532809984852
Allegro > Collections and Art > Collections > Banknotes,107,0.1308411214953271,0.9815400838851929,0.997601330280304,6.059552192687988,0.7238522473502886,0.04499624110380253,0.8730850030328625,0.02889527311971619
Allegro > Health > Specialized Medical Equipment > Sterilization and Disinfection,107,0.102803738317757,0.8903064727783203,0.9995748400688171,5.230320453643799,0.7550713581397772,0.11527967801368258,0.8867083548385406,0.11527967800678947
"Allegro > Automotive > Garage Tools and Equipment > Maintenance of oils, fuels and lubricants",105,0.05714285714285714,0.9256658554077148,0.999893844127655,5.415369987487793,0.7997726438751913,0.18042337777960835,0.908622632140205,0.1479064647075853
Allegro > Sports and Travel > Water Sports > Swimming,104,0.09615384615384616,0.8672466278076172,0.998923122882843,4.909878730773926,0.7320714949419342,0.17805389894293994,0.8588041135898004,0.17805389893071252
Allegro > Kids > Garden Toys > Houses and Tents,104,0.07692307692307693,0.7631124258041382,0.9977010488510132,4.527939319610596,0.5642071190645779,0.06623535316235502,0.7423434824897692,0.06623535315971467
Allegro > Electronics > Photography > Optical Equipment,102,0.058823529411764705,0.8405150771141052,0.9998825192451477,5.56469202041626,0.6408906365947806,0.17350463212148498,0.7799535072317311,0.157129779786022
Allegro > Business and Services > Industry > Professional Cleaning Equipment,101,0.09900990099009901,0.9916596412658691,0.999918520450592,4.731498718261719,0.9615672700066289,0.1009327058522532,0.9900964793592396,0.09979209479278603
Allegro > Home and Garden > Furniture > Kid's Room,99,0.25252525252525254,0.959782063961029,0.9999398589134216,4.241011619567871,0.8845630524361803,0.15325639385909584,0.9582154612348537,0.12463808571185395
Allegro > Supermarket > Groceries > Sugar and Sweeteners,98,0.15306122448979592,0.9822371602058411,0.9994774460792542,5.762258052825928,0.8919145788684668,0.09577240371742463,0.9631095400878361,0.09577240370778961
Allegro > Kids > Car Seats > Accessories,96,0.15625,0.9888998866081238,0.9998236298561096,4.557272911071777,0.9069570097164855,0.09074669238233746,0.9698222111910582,0.06309852386383684
Allegro > Sports and Travel > Travel > Travel Furniture,96,0.20833333333333334,0.9519767761230469,0.999751091003418,4.241830825805664,0.8565951756070612,0.07021912333210543,0.9478764062126478,0.04046103434172565
Allegro > Health > Dermatological cosmetics > Body Dermatological Cosmetics,95,0.14736842105263157,0.9933910369873047,0.9996519684791565,3.869260787963867,0.9509431607523401,0.045944275552414975,0.986984646320343,0.031404759259444526
Allegro > Electronics > Consoles and Gaming Machines > Nintendo Switch,95,0.6526315789473685,0.7106855511665344,0.9584106206893921,4.118971824645996,0.3267074472404195,0.016948520538377428,0.5054418915196469,0.016948520537524887
Allegro > Sports and Travel > Bicycles and Accessories > Bikes,94,0.23404255319148937,0.8316347002983093,0.9986783862113953,4.860215663909912,0.6058970904373323,0.07909884471164466,0.7757228828491048,0.07909884470691497
Allegro > Supermarket > Groceries > Vegan and Vegetarian Products,91,0.18681318681318682,0.971724808216095,0.9996273517608643,5.674800872802734,0.8921860931442258,0.07509561497855452,0.9640821637688102,0.0485812067503001
Allegro > Home and Garden > Garden > Non-woven Agrotextiles and Accessories,90,0.34444444444444444,0.7949684262275696,0.9983723759651184,4.818788528442383,0.5749216625922468,0.038538348621571725,0.7614655415217082,0.03853834862003547
Allegro > Sports and Travel > Running > Clothes,90,0.011111111111111112,0.9021199345588684,0.9993432760238647,3.860222816467285,0.7841330946093847,0.1605004396333755,0.8996990945604113,0.12964259144487103
Allegro > Beauty > Fragrance > Sets,89,0.2247191011235955,0.9340638518333435,0.9972114562988281,3.9702939987182617,0.755850954644506,0.01433407138669067,0.8970437853523854,0.014334071386119269
Allegro > Home and Garden > Construction Work and Equipment > Work at Heights,87,0.45977011494252873,0.9385227560997009,0.9993131756782532,5.628473281860352,0.814846256056559,0.17738719227224398,0.9185075074776836,0.17738719226332111
Allegro > Sports and Travel > Military > ASG,87,0.09195402298850575,0.9716699719429016,0.9999687075614929,5.561862945556641,0.915202852832576,0.21893132793201747,0.9711755767635916,0.21893132791892653
Allegro > Beauty > Care > Intimate hygiene,87,0.06896551724137931,0.9173329472541809,0.9998672008514404,5.6129302978515625,0.7876212157213331,0.1373404154917844,0.904994371293605,0.13734041548357218
Allegro > Beauty > Care > Tanning,86,0.03488372093023256,0.9769768118858337,0.9998603463172913,5.011804103851318,0.9108263093993688,0.1609210356436448,0.97000964228497,0.16092103563402257
Allegro > Supermarket > Groceries > Meat and Lunch Meats,86,0.3023255813953488,0.9940620064735413,0.9999595880508423,6.000309467315674,0.9594024622723283,0.12735998152943634,0.9891675183939379,0.1273599815166235
Allegro > Sports and Travel > Travel > Tents and Accessories,86,0.08139534883720931,0.9842094779014587,0.9996989965438843,5.7713727951049805,0.9407482983960489,0.10408677754738331,0.9829532206058502,0.10408677754214757
Allegro > Electronics > Computers > Servers and Accessories,85,0.09411764705882353,0.779230535030365,0.9999750852584839,3.178339958190918,0.6484035654373739,0.21486543764462362,0.7788358176455779,0.21486543763177582
Allegro > Kids > Bicycles and Vehicles > Accessories,85,0.047058823529411764,0.8989060521125793,0.9999264478683472,4.475417137145996,0.8051729634047609,0.325375089419633,0.8944621331551496,0.32537508939728865
Allegro > Home and Garden > Furniture > Basement/Garage,84,0.40476190476190477,0.9092129468917847,0.9992362260818481,4.282418727874756,0.7875376889259667,0.10163675649345755,0.9088532676299413,0.10163675648834505
Allegro > Health > Medicine Cabinet Essentials > OTC Medication,84,0.047619047619047616,0.9985854029655457,0.9999686479568481,4.773100852966309,0.9604012112599304,0.04044737191651812,0.9900237229608354,0.022833008945663254
Allegro > Health > Rehabilitation and Orthopedic Equipment > Healthy Legs and Feet,84,0.0,0.9391292333602905,0.9996146559715271,5.134113311767578,0.83633411470848,0.09812454738304877,0.9361938032365981,0.09812454737811294
Allegro > Automotive > Cars > Passenger Cars,83,0.14457831325301204,0.9991751909255981,0.9999812841415405,5.048661708831787,0.962626721458923,0.05141844332688606,0.9906491902937372,0.017669339494844595
"Allegro > Electronics > Stage, Studio and DJ Equipment > Microphones and Accessories",83,0.1686746987951807,0.9819717407226562,0.9997167587280273,5.598779201507568,0.8477472095485605,0.07224657687354985,0.9433433901832764,0.06496319299634891
Allegro > Automotive > Car Equipment and Accessories > Parking Sensors and Rear-View Cameras,83,0.012048192771084338,0.7176167368888855,0.9658447504043579,3.153393507003784,0.5307673021417659,0.06232066494419741,0.7097422674477818,0.062320664941713115
Allegro > Automotive > Garage Tools and Equipment > Drive system maintenance,83,0.060240963855421686,0.5230733752250671,0.9996598958969116,2.954099416732788,0.405138041144569,0.14490542248326205,0.5100600460925735,0.14490542247597307
Allegro > Kids > Toys > Trains and Tracks,82,0.25609756097560976,0.9888726472854614,0.9994298219680786,5.075643539428711,0.8918399012942785,0.045308567917429016,0.9647443003770781,0.04530856791431756
"Allegro > Health > Rehabilitation and Orthopedic Equipment > Stabilizers, Orthoses, Braces",81,0.04938271604938271,0.7664488554000854,0.9995138645172119,4.221978187561035,0.45689555050373243,0.05033542746124182,0.6413779567789148,0.03019159383980043
Allegro > Supermarket > Groceries > World Cuisines,81,0.1728395061728395,0.9960367679595947,0.9998648166656494,5.815640449523926,0.956971628982973,0.02511471080245097,0.9890699158480138,0.016284089318897257
Allegro > Electronics > Consoles and Gaming Machines > Pegasus,81,0.7530864197530864,0.5370263457298279,0.9997467994689941,3.5795085430145264,0.38140744103620067,0.07476975553937976,0.5349998636010252,0.0747697555363992
"Allegro > Electronics > Stage, Studio and DJ Equipment > Sound Engineering",81,0.18518518518518517,0.9978188276290894,0.9999558925628662,6.155754089355469,0.9747091732201993,0.06725784527670038,0.994120466856309,0.0377506187806377
Allegro > Sports and Travel > Military > Hunting,80,0.375,0.9891207814216614,0.9999665021896362,5.150293350219727,0.9564614888709126,0.06919021682004392,0.9886828653514386,0.06919021681656354
Allegro > Business and Services > Office and advertising > Office equipment,80,0.0125,0.556484043598175,0.9998541474342346,3.561068296432495,0.4877081379898991,0.2360866280525828,0.5560386978089809,0.23608662803637012
Allegro > Supermarket > Groceries > Gluten-free Products,80,0.275,0.9928995370864868,0.9993267059326172,5.62660026550293,0.935763886021266,0.002120968594159432,0.9823255762457848,0.0012050363710933664
Allegro > Supermarket > Groceries > Dairy and Eggs,78,0.1282051282051282,0.9977638125419617,0.9998906254768372,5.993948459625244,0.9660208906204283,0.04084740705779705,0.9917288231544006,0.021296734348608033
Allegro > Health > Personal Hygiene > Intimate Hygiene,78,0.0641025641025641,0.9933397173881531,0.9996663331985474,6.427547454833984,0.9497818132066709,0.029050217133368167,0.9867270046319717,0.019289756638539244
Allegro > Kids > Toys > Airplanes and Other,77,0.025974025974025976,0.9893351793289185,0.9996596574783325,5.007044315338135,0.9455198566073855,0.06408678200461027,0.9850564312625241,0.0640867820013866
Allegro > Health > Rehabilitation and Orthopedic Equipment > Rehabilitation and Exercise,77,0.05194805194805195,0.941072940826416,0.9998654723167419,6.037501811981201,0.8640875460136315,0.29853224379391596,0.9390699035161502,0.29853224377341503
Allegro > Automotive > Machine and Other Vehicles Parts > Spare parts for forklifts,76,0.5,0.9889999032020569,0.9999600052833557,4.974595546722412,0.9568251277669726,0.18331228827969104,0.9880527171649431,0.18331228826872992
Allegro > Automotive > Garage Tools and Equipment > Suspension maintenance,75,0.05333333333333334,0.7708712816238403,0.9998468160629272,4.652985095977783,0.6066718175879531,0.15581745703189165,0.7548649422327678,0.15581745702405378
Allegro > Sports and Travel > Other Sports and Leisure > Golf,74,0.04054054054054054,0.9632123112678528,0.9998205304145813,5.628995895385742,0.8678588465400119,0.10808274633254769,0.9520573414660789,0.10808274632711096
Allegro > Kids > Health and Hygiene > Bathtubs and Bathing Accessories,74,0.06756756756756757,0.9846208095550537,0.9998071789741516,6.0660505294799805,0.9229982966353457,0.0768750582226345,0.9766642894293811,0.06869027086262618
Allegro > Kids > Health and Hygiene > Towels,74,0.04054054054054054,0.9267247319221497,0.9992882013320923,3.6998558044433594,0.7579962586587616,0.06253476249479728,0.8940002700767001,0.06253476249165167
"Allegro > Kids > Events, Parties > Accessories",73,0.1095890410958904,0.9893686175346375,0.9998944401741028,4.752799987792969,0.9488740438445176,0.13262299089342144,0.9856119506979641,0.1326229908854913
Allegro > Electronics > Phones and Accessories > Radio Communications,73,0.1095890410958904,0.9865371584892273,0.9995561838150024,6.138783931732178,0.9112170226221399,0.0478355267141786,0.9726291102905796,0.030942179185831736
Allegro > Sports and Travel > Travel > Hygiene,73,0.0547945205479452,0.9661480784416199,0.9994958639144897,6.05487585067749,0.9022640526747099,0.22570741713850778,0.9638228073512038,0.22570741712300788
"Allegro > Supermarket > Groceries > Olive Oil, Vegetable Oil, Vinegar",72,0.06944444444444445,0.8722264766693115,0.9984482526779175,5.144449710845947,0.682429809824572,0.14234509861967976,0.8263600294788678,0.14234509861251957
"Allegro > Electronics > Audio, Video and Household Appliances > Electronic Gadgets",71,0.14084507042253522,0.9249807000160217,0.999645471572876,5.25180721282959,0.762146071819257,0.059435783509058045,0.8971023467225088,0.059435783506068325
Allegro > Home and Garden > Garden > Septic Tanks and Treatment Plants,70,0.4714285714285714,0.9952171444892883,0.9999570846557617,5.376375675201416,0.9709974150661087,0.06280357515211327,0.9930899398667472,0.054560798546189955
"Allegro > Beauty > Manicure and pedicure > Nail polish removers, degreasers, adhesives",70,0.014285714285714285,0.965606689453125,0.9987020492553711,5.276617050170898,0.8113186872105123,0.08498776419456838,0.9229262794767107,0.08498776418948656
Allegro > Beauty > Manicure and pedicure > Nail and cuticle conditioners,69,0.07246376811594203,0.9249985814094543,0.9983099102973938,4.28411340713501,0.7994634139506116,0.06483141466682295,0.918295429236647,0.06483141466423857
Allegro > Automotive > Car Equipment and Accessories > Rectifiers and Jumper Cables,69,0.028985507246376812,0.9130784869194031,0.9946998357772827,5.266203880310059,0.7810578680258529,0.0374030628518347,0.9096097825230032,0.03740306284995327
Allegro > Home and Garden > Tools > Knives and Blades,68,0.16176470588235295,0.9691449403762817,0.9994058012962341,3.999570846557617,0.8493283327946985,0.005213176366735114,0.9471554484437493,0.005213176366527301
Allegro > Electronics > Consoles and Gaming Machines > Sony PlayStation 3 (PS3),68,0.5735294117647058,0.7870836853981018,0.9982399940490723,4.699390888214111,0.60803516828952,0.13367561550556945,0.7622702560004067,0.13367561549757634
Allegro > Health > Dermatological cosmetics > Face Dermatological Cosmetics,68,0.17647058823529413,0.9884698390960693,0.9993252754211426,3.573029041290283,0.9490668752207462,0.04369033519588588,0.986413548097891,0.04369033519327343
Allegro > Electronics > Computers > Software,67,0.22388059701492538,0.9137614965438843,0.9998675584793091,5.917869567871094,0.7977304301983853,0.2582588304171217,0.8966645607307776,0.25825883039938646
Allegro > Collections and Art > Collections > Philately,67,0.1791044776119403,0.9918130040168762,0.9997744560241699,6.147989749908447,0.932033123656029,0.041408396886171886,0.980524341561901,0.02718518355801022
Allegro > Kids > Garden Toys > Trampolines and Accessories,67,0.05970149253731343,0.7863379716873169,0.9989383816719055,5.247557640075684,0.4871044684740998,0.08440864101647841,0.654731155331455,0.08440864101223251
Allegro > Kids > Toys > Bouncers and Rockers,67,0.16417910447761194,0.9952648878097534,0.9998317360877991,5.417492866516113,0.9695577509610607,0.02428469560118908,0.9928232324657156,0.019460034801312892
Allegro > Sports and Travel > Winter Sports > Skis,66,0.12121212121212122,0.43118417263031006,0.9975447654724121,3.1268203258514404,0.2662363297139332,0.04406054113224583,0.3994759799856128,0.04406054113048943
Allegro > Automotive > Car Equipment and Accessories > Windows Glass Covers,66,0.045454545454545456,0.9897545576095581,0.9999340772628784,4.118500709533691,0.9385712956865775,0.10723799353862937,0.9821784667896502,0.062105746899154386
"Allegro > Electronics > Stage, Studio and DJ Equipment > Cables, Wires and Plugs",65,0.07692307692307693,0.9182615876197815,0.9994664192199707,4.677619457244873,0.7910663284160735,0.13972372084073129,0.9070405483245849,0.13972372083370296
Allegro > Health > Specialized Medical Equipment > Laboratory,64,0.140625,0.9857763648033142,0.9999165534973145,5.831871032714844,0.9485544121639286,0.17281754862487972,0.9851992931216955,0.1728175486130119
Allegro > Automotive > Car Equipment and Accessories > Automotive Books,64,0.0,0.2583092153072357,0.939862072467804,1.842735767364502,0.1748920471201772,0.0398899671761896,0.2580620888620615,0.039889967174599465
Allegro > Kids > Health and Hygiene > Medical Devices,63,0.30158730158730157,0.9563422799110413,0.9969967007637024,4.935238838195801,0.8733809003759605,0.10787963296382314,0.9541678059668768,0.1078796329573725
Allegro > Health > Medicine Cabinet Essentials > Wound Care Products,62,0.016129032258064516,0.9888086915016174,0.9997632503509521,6.48191499710083,0.9458791382555714,0.07710748703663356,0.9850167449443571,0.04146967025482934
Allegro > Automotive > Car Equipment and Accessories > Safety Features,61,0.06557377049180328,0.9880947470664978,0.9997648000717163,5.454623222351074,0.9366760334275883,0.11492140209353618,0.9814529233291501,0.036546859628798445
Allegro > Business and Services > Industry > Recycling and Garbage Disposal,59,0.11864406779661017,0.9923008680343628,0.9997602105140686,4.1936421394348145,0.9476746637897181,0.07517642346372712,0.9856976260573177,0.049712270658500694
Allegro > Collections and Art > Antiques and Art > Second-Hand Books,58,0.0,0.9916197657585144,0.9998254179954529,4.658115863800049,0.9366036497638932,0.03397168230329982,0.9822651856932146,0.02356159073832848
Allegro > Supermarket > Groceries > Sandwich Toppings and Dressings,58,0.20689655172413793,0.8527798056602478,0.999220609664917,5.497040271759033,0.6974157742504681,0.08308387663274693,0.8504526060203026,0.08308387662943495
Allegro > Sports and Travel > Team Sports > Basketball,57,0.03508771929824561,0.9730193614959717,0.9995937347412109,5.693680763244629,0.8934348875968237,0.09670171860739406,0.9642304903582523,0.035705064385680954
Allegro > Home and Garden > Tools > Hydraulic Tools,57,0.2982456140350877,0.9711445569992065,0.9998273849487305,4.548962116241455,0.9134113545531789,0.2502824250254155,0.9693756469509058,0.25028242500822795
Allegro > Home and Garden > Tools > Staplers and Staples,57,0.2631578947368421,0.763018012046814,0.9946220517158508,4.829192161560059,0.5239144843649253,0.07105075223993551,0.7019062209547612,0.0710507522371032
"Allegro > Fashion > Clothing, Shoes, Accessories > Luggage",56,0.19642857142857142,0.9841861724853516,0.9998947978019714,4.445907115936279,0.9213136567644986,0.045988008926560416,0.9765173654471125,0.04598800892424714
Allegro > Culture and Entertainment > Games > Online Games (MMO),56,0.42857142857142855,0.935990035533905,0.9999758005142212,5.861820220947266,0.7797360571110268,0.19850114099928917,0.8933111993329865,0.1985011409856576
Allegro > Kids > Garden Toys > Gardening,55,0.07272727272727272,0.9917746186256409,0.9999046921730042,5.578605651855469,0.9540780447969431,0.13324986408040387,0.9873578906059265,0.13324986407243625
"Allegro > Kids > Events, Parties > Jewelry",55,0.01818181818181818,0.825208306312561,0.9998422861099243,3.2787702083587646,0.6567153342896865,0.056328336998400355,0.8251134363087741,0.05632833699615493
Allegro > Automotive > Garage Tools and Equipment > Work clothing and shoes,55,0.03636363636363636,0.9872435927391052,0.9999076724052429,2.8807270526885986,0.9520049449716572,0.15426572512355835,0.9864162163300948,0.15426572511433406
Allegro > Health > Medical equipment > Inhalers and Accessories,54,0.4444444444444444,0.8734585046768188,0.9997368454933167,5.83012580871582,0.7199629480484634,0.10510822674634185,0.8638465261017835,0.10510822674105473
Allegro > Electronics > Phones and Accessories > Pre-Paid,53,0.16981132075471697,0.878468930721283,0.9992015957832336,5.302891731262207,0.7311455763988537,0.19608526253816416,0.8567507458183001,0.1960852625264393
Allegro > Sports and Travel > Travel > Boats and Rafts,51,0.21568627450980393,0.9883363842964172,0.9999745488166809,5.373527526855469,0.9596079090519027,0.33753190778066827,0.9877527367834952,0.33753190776048564
Allegro > Health > Vision correction > Glasses,51,0.0392156862745098,0.9780916571617126,0.9999627470970154,4.852856636047363,0.9305060213396326,0.31431772074158526,0.9757844116173539,0.31431772072000025
Allegro > Culture and Entertainment > Music > Audio Cassettes,50,0.02,0.9984191060066223,0.99995356798172,4.432201862335205,0.9829245375207094,0.019316058416468225,0.9964027571678161,0.019316058415496596
Allegro > Collections and Art > Collections > Other,50,0.26,0.9982528686523438,0.9999930262565613,3.899824857711792,0.9918165664458367,0.4285799772534131,0.9981416356563568,0.4285799772277863
Allegro > Sports and Travel > Running > Nutrients and Supplements for Runners,50,0.22,0.9959844350814819,0.9999712109565735,4.527362823486328,0.965260117992201,0.08947103263086771,0.9912188684940338,0.08947103262551781
"Allegro > Electronics > Audio, Video and Household Appliances > GPS and Accessories",49,0.14285714285714285,0.9875338673591614,0.9999514818191528,4.848671913146973,0.9536655176016757,0.14953367043758126,0.9871911552487588,0.14953367042863994
Allegro > Kids > Health and Hygiene > Potties and Toilet Seats,48,0.08333333333333333,0.9947605133056641,0.9998973608016968,6.216416835784912,0.9604194191773083,0.12794818949905845,0.9895334268609682,0.12794818949027192
Allegro > Electronics > Computers > Mini Computers,47,0.46808510638297873,0.999149739742279,0.9999760985374451,4.966966152191162,0.9901119492246636,0.012962465086887691,0.9981048880739415,0.012962465086112604
"Allegro > Electronics > Stage, Studio and DJ Equipment > Light and Effects",47,0.19148936170212766,0.9988294839859009,0.9999685287475586,5.594884395599365,0.9821357645394392,0.07065567463263583,0.9961120942805676,0.042570064279276974
"Allegro > Collections and Art > Collections > Medals, Awards and Decorations",46,0.043478260869565216,0.9981511235237122,0.9999798536300659,5.731713771820068,0.983048668515272,0.03939985233217049,0.9964015172875446,0.03939985232981459
Allegro > Electronics > Consoles and Gaming Machines > Microsoft Xbox 360,46,0.15217391304347827,0.9876564145088196,0.9979543685913086,5.889726161956787,0.8737022259177907,0.03725887791871409,0.9569894127223803,0.022891905815475233
"Allegro > Automotive > Car Equipment and Accessories > First-Aid Kits, Fire Extinguishers, Vests, Triangles",44,0.09090909090909091,0.9965439438819885,0.9999815821647644,5.133266925811768,0.9740366769304883,0.06185258873700286,0.9939493198286403,0.04288946998893891
Allegro > Supermarket > Groceries > Yerba Mate and Accessories,44,0.5681818181818182,0.9686886072158813,0.9989191293716431,6.01026725769043,0.862431801116403,0.02961331976767314,0.9521634768355977,0.02961331976649266
Allegro > Sports and Travel > Fishing > Reels,44,0.045454545454545456,0.9439026117324829,0.9991253018379211,6.436671257019043,0.817206990280453,0.07762443138047027,0.927205047824166,0.07762443137737592
Allegro > Health > Medical equipment > Blood Pressure Monitors and Accessories,43,0.18604651162790697,0.7401984333992004,0.9995697140693665,5.161883354187012,0.5374492439704832,0.06196363692604912,0.7196157144945722,0.061963636923579056
Allegro > Electronics > Consoles and Gaming Machines > Sony PlayStation 4 (PS4),43,0.3953488372093023,0.940376877784729,0.9975227117538452,5.232668876647949,0.797509695640013,0.07304253601536058,0.9160631756449855,0.07304253601168642
Allegro > Automotive > Garage Tools and Equipment > Battery and electrical system maintenance,42,0.047619047619047616,0.983299970626831,0.9998422265052795,5.141284465789795,0.9357648063501343,0.17892274202657482,0.9801469388462248,0.17892274201587618
Allegro > Electronics > Consoles and Gaming Machines > Sony PlayStation 5 (PS5),41,0.2682926829268293,0.9798814058303833,0.9976444244384766,5.476114273071289,0.8699125262245592,0.023362261774556234,0.9557976635490976,0.023362261773381073
Allegro > Supermarket > Groceries > Honey and Bee Products,41,0.07317073170731707,0.9859578013420105,0.9997870922088623,5.555488109588623,0.945143475516402,0.042425479403104614,0.985155075061612,0.042425479401413405
Allegro > Automotive > Garage Tools and Equipment > Air conditioning maintenance,40,0.025,0.9740244150161743,0.9998043775558472,5.798923492431641,0.9179295108653376,0.19694423229713443,0.9725097566843033,0.1969442322872278
Allegro > Electronics > Computers > Internet,39,0.6153846153846154,0.7343975901603699,0.9999299645423889,4.697342872619629,0.5801180163138249,0.15442789683608288,0.7290230744924301,0.1544278968283149
Allegro > Collections and Art > Antiques and Art > Technology,39,0.23076923076923078,0.9996576309204102,0.999997079372406,5.3038554191589355,0.9963826140952408,0.038499168165043056,0.9993961652119955,0.019453053724908364
Allegro > Collections and Art > Antiques and Art > Porcelain,39,0.05128205128205128,0.999264657497406,0.9999638199806213,4.508161544799805,0.9936230608937471,0.03488711823256082,0.9988448879657648,0.03488711823080594
Allegro > Business and Services > Industry > Polygraphy,39,0.05128205128205128,0.9985383749008179,0.9999734163284302,4.957162380218506,0.9897112208013017,0.12849118271648985,0.9979185782946073,0.06317684518337745
Allegro > Electronics > Consoles and Gaming Machines > Microsoft Xbox One,39,0.41025641025641024,0.9770527482032776,0.9976847767829895,5.6817193031311035,0.8673195094592197,0.02195722314847133,0.9547203687521127,0.021957223147366846
Allegro > Automotive > Car Care Products > Motorcycle Chemicals,38,0.15789473684210525,0.9936168193817139,0.9999226927757263,5.270848751068115,0.9705760357740694,0.10363030881609259,0.9928364910577473,0.10363030881087981
Allegro > Supermarket > Groceries > Food Additives,37,0.24324324324324326,0.997442901134491,0.9997385740280151,5.81392765045166,0.97891650512355,2.5840913087983326e-05,0.9954256415367126,2.5840913086953225e-05
Allegro > Home and Garden > Tools > Nailers and Nails,37,0.35135135135135137,0.9811539649963379,0.9997511506080627,5.178733825683594,0.9234655038524624,0.12498490396055732,0.9761134692140527,0.12498490395557503
Allegro > Health > Rehabilitation and Orthopedic Equipment > Bathroom Accessories,37,0.0,0.9785985946655273,0.9973610043525696,5.66986083984375,0.9247294426369828,0.04109367169856719,0.9778895297565976,0.04109367169692907
Allegro > Electronics > Photography > Flash,36,0.1111111111111111,0.9962270259857178,0.9995377063751221,6.04344367980957,0.9725740898575616,0.0011838571432008175,0.9937407390938865,0.0011838571431536252
Allegro > Electronics > Consoles and Gaming Machines > Microsoft Xbox Series X/S,35,0.4,0.9772989749908447,0.9958221316337585,5.7423319816589355,0.8591089813486659,0.010063766289893323,0.9514571019581386,0.0100637662893871
Allegro > Automotive > Garage Tools and Equipment > Washing and cleaning,35,0.11428571428571428,0.9868242740631104,0.9999359846115112,5.789754867553711,0.9532031829114456,0.22622691886043628,0.98636497429439,0.22622691884905669
"Allegro > Electronics > Audio, Video and Household Appliances > Ebook Readers",34,0.058823529411764705,0.969241201877594,0.9999608993530273,4.0065693855285645,0.9068511568749036,0.185528079155131,0.9682708067052505,0.18552807914579864
Allegro > Supermarket > Groceries > Fruit and Vegetables,34,0.20588235294117646,0.9995183348655701,0.9999749660491943,5.6780829429626465,0.9892927678672212,0.011736853772236731,0.9979227465741775,0.009030379825796095
Allegro > Electronics > Consoles and Gaming Machines > Other,33,0.12121212121212122,0.9555193781852722,0.9965446591377258,4.5743231773376465,0.8661746346040362,0.06011544266081256,0.9526769663348342,0.060115442658416174
Allegro > Kids > Health and Hygiene > Changing Tables,33,0.0,0.9928346276283264,0.9988204836845398,5.038309097290039,0.9564124902505664,0.0029261004266861526,0.9890325629349911,0.002926100426569509
Allegro > Supermarket > Groceries > Bakery,33,0.12121212121212122,0.9961249828338623,0.9988786578178406,6.330248832702637,0.9590040203763595,0.008080695921077422,0.989791573900165,0.00808069592067095
Allegro > Sports and Travel > Travel > Fire and Heat,33,0.030303030303030304,0.9992982149124146,0.9999606013298035,5.959169864654541,0.9944721640097125,0.019647776014151984,0.9990273641817498,0.014597439421749979
Allegro > Sports and Travel > Military > Protective Accessories,32,0.03125,0.9897388219833374,0.9999455213546753,3.67437744140625,0.9614168027408719,0.22829302857305706,0.9891577605158091,0.22829302855940634
Allegro > Automotive > Garage Tools and Equipment > Brake system maintenance,32,0.09375,0.9936471581459045,0.9998413920402527,4.687880039215088,0.9682873500058764,0.03871791831209656,0.9923925530165434,0.03871791831055314
Allegro > Supermarket > Groceries > Fish and Seafood,31,0.0967741935483871,0.99662846326828,0.9998623132705688,5.979426860809326,0.9799839046176826,0.008745418245691916,0.9956798515012187,0.008745418245343296
Allegro > Health > Specialized Medical Equipment > Veterinary,31,0.5161290322580645,0.9894956946372986,0.999962329864502,6.015815258026123,0.9587920199661455,0.11131997373721815,0.9892047412933842,0.11131997373278059
Allegro > Collections and Art > Collections > Postcards,30,0.43333333333333335,0.9977412819862366,0.9999270439147949,4.3879828453063965,0.9883942189341333,0.03995852122174338,0.9976923763751984,0.039958521220150506
Allegro > Health > Vision correction > Lenses,30,0.2,0.9958773255348206,0.9999344348907471,6.268753528594971,0.9788500023043176,0.07395939104408636,0.9952460328737894,0.07395939104036608
Allegro > Sports and Travel > Team Sports > Fan Gear,30,0.03333333333333333,0.9991217851638794,0.999982476234436,3.9331140518188477,0.9948153836279424,0.16012668211720277,0.9990440646807353,0.16012668211081962
