W,D,H_pbar,C,kappa,score,group,n,true_noise_rate
2.9729197828826424,2.1079540864837982,5.080873869366441,0.9934204006331488,0.41274411625271146,1.4034488259598925,0,35,0.4857142857142857
5.453085164963349,1.554218876119533,7.007304041082882,0.9729510681442004,0.18894155467250617,1.156781955579641,3,25,0.04
3.981991537696484,1.9424446179284538,5.924436155624938,0.8513407350613784,0.3023067977065462,1.108706826434921,4,52,0.19230769230769232
2.6835077549293924,3.6694036493481894,6.352911404277582,0.8564352257306673,0.25105269746978387,1.0714455993584946,5,892,0.757847533632287
2.916974135799018,3.6738904161699457,6.590864551968964,0.9510693727555601,0.23594666440296086,1.1754710188730508,6,1076,0.5687732342007435
0.5229366734436826,1.4948897692006478,2.0178264426443304,0.2717611267617587,0.6571246322314199,0.45034205723987564,7,1019,0.9784102060843964
2.955653577788879,1.7622890305763041,4.717942608365183,0.9424141111974718,0.45516723007934734,1.371370131778915,8,126,0.05555555555555555
2.235938129394259,1.2543692885960205,3.4903074179902793,0.9975930952464311,0.5965697769833471,1.5927269855977215,10,23,0.043478260869565216
3.0790554028089177,1.894035187051926,4.973090589860844,0.9997094547604963,0.4248633056533794,1.4244493184029783,11,37,0.4864864864864865
2.37830710850662,1.4333453121246755,3.8116524206312956,0.7019500858138692,0.5434085670638438,1.083395776096326,12,417,0.002398081534772182
1.580806675489563,1.1974406962035935,2.7782473716931566,0.9999053126640538,0.6787017966591506,1.678542844858177,13,32,0.1875
2.8002892284175,3.422545680630978,6.222834909048478,0.9424707794506659,0.27840677157729843,1.2048610264634658,15,732,0.6024590163934426
2.399799581705749,2.164453493677791,4.56425307538354,0.8609801520705522,0.4690516374051549,1.264824302172584,16,144,0.1875
3.0102907630485087,3.088866779442299,6.099157542490808,0.8218359858455307,0.274973090170039,1.0478187664864167,17,834,0.24100719424460432
2.8067533933382376,2.0534346374311654,4.860188030769403,0.9998087736298156,0.43791678877543494,1.4376418211672901,18,24,0.25
2.2430976436319914,2.192982762033631,4.4360804056656225,0.4929611135360885,0.3676753650833926,0.6742107709273856,19,125,0.032
0.6021616278546328,0.75913098202579,1.3612926098804228,0.9988414698193917,0.8427260975427991,1.8405912437442011,21,23,0.043478260869565216
0.38721261910449545,1.3974892037068312,1.7847018228113267,0.9989653138877588,0.793730340655947,1.7918743927833645,24,71,0.07042253521126761
0.4237251487417136,1.72745287081476,2.1511780195564736,0.9998451403739295,0.7512287087316751,1.750957514108677,25,239,0.3054393305439331
1.4098588117885364,2.5509292766212948,3.9607880884098314,0.999656614654529,0.5419612890976899,1.5414318021877302,26,225,0.6844444444444444
2.9543862523324615,2.970168774996876,5.924555027329338,0.9995395456945632,0.31484989421341636,1.3142444659186225,27,510,0.8901960784313725
0.8312577799795535,1.4550449102059748,2.2863026901855283,0.9999755821533003,0.7355871387838175,1.7355447594831288,28,36,0.25
0.776320292528375,1.533642207159006,2.309962499687381,0.9997451692600583,0.7328798959543616,1.7324383048882455,29,1290,0.006201550387596899
0.8084713297855045,2.060143139714927,2.8686144695004314,0.9983929017449491,0.6684191244175868,1.6657378109540417,30,446,0.2533632286995516
0.8784813794555408,1.0587665947741283,1.937247974229669,0.9999816733934512,0.7759566165492342,1.775924069291075,32,64,0.015625
0.7804783350622508,1.4956215169668772,2.276099852029128,0.9999438661317752,0.7367750006398843,1.7366775087408624,33,22,0.5
0.1481387638579707,0.5211173825305906,0.6692561463885612,0.9999999393990495,0.9225993603811145,1.9225992438697657,34,21,0.0
1.0252795819444842,1.8042545878409662,2.8295341697854504,0.9999338319625165,0.6727693039709028,1.6726586201088964,36,146,0.2465753424657534
0.9884081325755201,1.356685382447727,2.345093515023247,0.9999333879548562,0.7287921561661691,1.7286769977850183,37,33,0.21212121212121213
0.6932167509807553,1.1547587897159857,1.847975540696741,0.9997680420359454,0.7863091441544652,1.785894795522215,38,68,0.04411764705882353
1.2633523881816595,1.8363488739175882,3.0997012620992477,0.9994197729643619,0.6415764910751252,1.6406240040139355,39,196,0.2602040816326531
0.28995090050832945,0.8134033903562516,1.103354290864581,0.9999890149972177,0.872396722233443,1.8723761539502397,40,29,0.034482758620689655
0.5631065308059947,1.2706394575203914,1.833745988326386,0.9999854779564349,0.7879269913250974,1.7879010269714382,41,142,0.24647887323943662
0.6178353305858928,1.6353740780437058,2.2532094086295986,0.9997992847774675,0.7394376660433529,1.7390885344251314,42,923,0.0032502708559046588
0.8978203700175439,1.5542947817235193,2.4521151517410633,0.99887302934434,0.716543141949926,1.714608648199774,43,352,0.002840909090909091
0.6537849640533232,1.2332556282487852,1.8870405923021085,0.999971982726774,0.7817642956837898,1.7817143755066933,44,285,0.007017543859649123
0.45302421165802836,1.4000819041278045,1.8531061157858328,0.9999159966687667,0.7856940052740962,1.78554400102909,45,347,0.008645533141210375
0.5050635790679109,1.4092720652497799,1.9143356443176907,0.9999572754148647,0.7786094497287565,1.778533459377899,46,274,0.0364963503649635
1.6679877880567742,2.0583257971448323,3.7263135852016065,0.9987219417735902,0.5691713559947029,1.5671658636345271,47,242,0.4132231404958678
0.26608416806709007,0.8879565339896782,1.1540407020567682,0.9999658113980181,0.8665370448258697,1.8664732305337597,59,28,0.4642857142857143
0.9315581878791136,2.1992355994108714,3.130793787289985,0.9997954786121577,0.6379471637487073,1.637612168521565,61,66,0.36363636363636365
0.1903535444589356,0.7922552301739295,0.9826087746328651,0.999986096692792,0.8863627533254004,1.886336526644535,63,95,0.0
0.18384731930971276,0.9527336135161704,1.1365809328258831,0.9999434968841261,0.8685593657143245,1.8684537862879662,65,119,0.025210084033613446
0.655330745204275,1.557723518524332,2.213054263728607,0.9995722765074408,0.744110829283277,1.7433648321079658,67,310,0.19032258064516128
0.34239810885713723,1.0776759983345618,1.4200741071916991,0.9999605024475715,0.835770872760633,1.8356983643043394,68,243,0.04938271604938271
0.32017742685427075,0.7447225904844788,1.0649000173387495,0.9998883290251666,0.876860612640812,1.876651021786572,69,106,0.009433962264150943
0.7050384807430439,1.8492879734824574,2.5543264542255013,0.9999117243081836,0.7046020068018077,1.7044515318803857,70,105,0.3523809523809524
0.22369618609129588,0.7404019905267429,0.9640981766180389,0.9998383129248926,0.8885231795230008,1.888217829733831,71,94,0.010638297872340425
0.10421798287122652,0.6466387983864422,0.7508567812576687,0.9999935171200636,0.9131628954085219,1.9131504926031722,72,57,0.0
0.08000058343626616,0.7465117852391264,0.8265123686753926,0.9999652191376895,0.904416590656763,1.9043503534055417,74,71,0.0
1.0217796129543866,2.1667898400695424,3.188569453023929,0.9997653356142671,0.6312613412831702,1.6308785423425483,75,42,0.5476190476190477
0.4123053044873676,0.8543082930519902,1.2666135975393578,0.9999912377491142,0.85351471896455,1.8534984780035622,76,40,0.075
1.3830402039645118,1.8901649727487606,3.2732051767132724,0.9999171774469988,0.6214638785222164,1.621329584744198,79,56,0.39285714285714285
0.2924489695843109,0.8842284038423442,1.1766773734266551,0.9999862704576317,0.8639167959732246,1.8638912052486032,80,82,0.04878048780487805
0.7613073389627558,1.2520415601926864,2.0133488991554422,1.0000104559207472,0.7671572673829862,1.7671757446393217,82,23,0.043478260869565216
0.7871454819492201,1.5217418849198336,2.3088873668690537,0.9999386437433075,0.732971451202808,1.7328651225616074,85,36,0.19444444444444445
0.09885417732732144,0.593115207420102,0.6919693847474235,0.9999871301103104,0.9199736192527506,1.9199489094040638,87,34,0.0
0.32272410787804473,1.2135889872918972,1.536313095169942,0.9995384279476289,0.8223846542939406,1.8215434924688485,88,25,0.08
0.5266745082266427,0.4845609414416726,1.0112354496683154,0.9997684862955137,0.8830821693521097,1.882646210023231,89,25,0.76
0.11151261852191953,1.0098807287691691,1.1213933472910886,1.0000005331748292,0.8703100304075858,1.8703110276098167,90,38,0.02631578947368421
0.706938341633754,1.2263947952089311,1.9333331368426852,0.9999130738314072,0.7764180188894878,1.7762636016772864,91,85,0.29411764705882354
1.1073649938995551,1.1984178725450714,2.3057828664446265,0.9998031313304145,0.733359657924344,1.7330184137145754,92,128,0.0546875
0.9095243235384423,1.032589210105085,1.9421135336435273,0.9994694548673068,0.7754597313068096,1.7745177697880719,93,204,0.1323529411764706
1.0911763468098277,1.0975956502596083,2.188771997069436,0.9998446983013933,0.746886777103361,1.7466154826196032,94,143,0.02097902097902098
0.5795154876871924,1.1687628959710479,1.7482783836582403,0.9988846487672189,0.7979558658449433,1.7959505135534872,95,179,0.0335195530726257
0.6618986942199554,0.8544952002235295,1.516393894443485,0.9995170505666104,0.824687950624028,1.8238067186121614,98,24,0.0
1.0185463943556743,0.7612276120491395,1.7797740064048138,0.9998144358971286,0.7941849490206982,1.7938520127002477,103,97,0.010309278350515464
2.0272906872262437,1.6212558781019726,3.6485465653282163,0.999123864131751,0.5781250024725046,1.5767423505532578,104,37,0.6756756756756757
1.9195394817328946,1.4616666864981747,3.3812061682310692,0.9998466724485682,0.608976549051133,1.6087298486165558,105,43,0.18604651162790697
1.4943636959592579,1.2579603129515144,2.7523240089107723,0.999945450941048,0.6817000596715852,1.6816083245158906,106,26,0.07692307692307693
1.8090014407820774,1.3232670245053089,3.1322684652873862,0.9995030625833894,0.6378005846038313,1.636986700212395,107,21,0.047619047619047616
1.004571224786398,1.40529060485292,2.409861829639318,0.999642222355891,0.7213388315026998,1.7207229749508515,110,475,0.02736842105263158
0.9053121708684444,1.0623735277100332,1.9676856985784776,0.9939225302801156,0.7731655097875768,1.7623891500934994,111,35,0.05714285714285714
0.8946502610508956,1.312603819596585,2.2072540806474805,0.9962533266151563,0.7451690873594364,1.738630508787775,112,149,0.013422818791946308
1.0889871926277077,2.093868579753302,3.18285577238101,0.9984581646958397,0.6320594049058055,1.629543038096835,113,571,0.3555166374781086
0.9060600190023973,1.1841801760983686,2.090240195100766,0.9948142206660955,0.7588736410666462,1.7497525104878533,115,30,0.6
1.662732443540631,2.0833302533848865,3.7460626969255175,0.9999292976091969,0.5667766197743531,1.5666658449214808,116,26,0.5769230769230769
0.7232299511587813,0.931950577139743,1.6551805282985244,0.9999921173548469,0.8085789088745394,1.8085646524887695,118,156,0.01282051282051282
1.0826660451088121,1.0523636768999285,2.1350297220087406,0.9999463886868445,0.7530826930507027,1.752988707985458,119,56,0.017857142857142856
2.0930753821317465,1.7520060076552344,3.845081389786981,0.9997266567893706,0.555318112127321,1.554892976481002,124,36,0.3333333333333333
1.3263323955112183,1.5245624564022608,2.850894851913479,0.9974425923413992,0.6705639812346749,1.6662916681148827,125,289,0.15916955017301038
1.8502350710484954,1.793428123951317,3.6436631949998124,0.9996492492135667,0.5786424505258129,1.578088740444794,126,49,0.2857142857142857
0.2713837134796767,0.927891737042058,1.1992754505217347,0.9999481551766558,0.8613088952619039,1.86121239603104,127,148,0.11486486486486487
0.24660156717649664,1.0493756597518176,1.2959772269283143,0.9999641579468064,0.8501221172034326,1.850055805028093,128,65,0.16923076923076924
0.7000495976326223,1.3827971245134054,2.082846722146028,0.9999740073577508,0.7591133098132524,1.7590675858103146,129,26,0.23076923076923078
0.3770803127361707,0.6381300666037112,1.015210379339882,0.999986991622292,0.8825910431770344,1.882566553721675,130,83,0.024096385542168676
0.43385447637985236,1.0131887616245507,1.4470432380044032,0.999985644511201,0.8326490205102918,1.8326227119378053,131,311,0.04823151125401929
0.7505484636881462,1.3320862577405008,2.082634721428647,0.9999870422436998,0.7591423900094525,1.7591195954710654,132,230,0.07391304347826087
0.5209144739564375,1.3228994635164315,1.843813937472869,0.9999782822128269,0.7867595027287869,1.7867206982661772,133,52,0.15384615384615385
0.29735391115712256,1.0981968965510573,1.39555080770818,0.9996966957794305,0.8386437936780143,1.838086125255268,134,382,0.04450261780104712
0.18512084285900832,0.9582030206453975,1.1433238635044058,0.999983551716882,0.8677743536533001,1.8677436319719307,135,349,0.05730659025787966
1.223367884188062,2.2947401260319467,3.5181080102200086,0.9999304824832772,0.593133327284858,1.5930225766121369,136,108,0.6388888888888888
0.7244955834965562,1.6565032290503954,2.3809988125469514,0.9999499226348663,0.7246391583753835,1.7245527929905256,137,840,0.008333333333333333
0.836833303091397,1.4823382512434982,2.319171554334895,0.9999812218586568,0.7317869446075884,1.7317544248675663,138,74,0.013513513513513514
0.4431502961909856,1.4908178231700453,1.933968119361031,0.9999571350018126,0.776338279175498,1.776262136438381,140,704,0.0
0.30838629086310504,1.0533028912935662,1.3616891821566712,0.9999547489861927,0.8425238816517113,1.8424405055781023,141,237,0.004219409282700422
0.2853636483745318,1.0866353571014833,1.3719990054760152,0.9999742675199559,0.8413302245951676,1.8412828426019086,142,259,0.0694980694980695
0.45607294633599443,1.2773981352634425,1.733471081599437,0.9997756233301176,0.7995524162631968,1.7991486386847568,143,596,0.02181208053691275
1.0684994551248723,1.1987091253818545,2.267208580506727,0.9999220158443046,0.737804555537102,1.7376690343160748,144,32,0.40625
0.6830996998634158,1.694004718409804,2.3771044182732197,0.9998589048922762,0.725101179757597,1.7248577764208046,145,442,0.332579185520362
2.709991059656097,2.397607870981321,5.107598930637418,0.99924280474905,0.40935321491397103,1.408286059352727,146,298,0.9395973154362416
0.14919971421041234,1.199984474464995,1.3491841886754075,0.9999825942289597,0.8439685532075863,1.8439364575131438,147,234,0.004273504273504274
0.11935297786861178,0.9729306289121811,1.0922836067807928,0.9999642901587162,0.8736804584112147,1.8736135495794284,148,191,0.005235602094240838
0.7427779370366977,1.7029628336507039,2.4457407706874017,0.9998596825439889,0.7171648096297515,1.7169238614321125,149,105,0.3523809523809524
0.366244250977423,1.5207040727269783,1.8869483237044014,0.9988072432198947,0.7819245238090282,1.779799121251619,150,1830,0.001092896174863388
0.5670870217929005,1.4934256607990835,2.060512682591984,0.9999358697096992,0.7616983177601616,1.7615853395356211,151,33,0.30303030303030304
1.924598735095185,2.1822484414427823,4.1068471765379675,0.9996053253937244,0.5250702774635638,1.5244683709522633,152,60,0.5166666666666667
2.901135256155432,1.6640414028940205,4.5651766590494525,0.9987733872859064,0.4721373458828013,1.4703316034974494,153,37,0.5945945945945946
0.14839851763892842,0.9953437110964134,1.1437422287353418,0.9999877794590524,0.8677258354454996,1.8677030108254487,154,67,0.07462686567164178
0.16811746396149185,1.0909080202584707,1.2590254842199626,0.9999718874576081,0.8543950520108202,1.8543429202513093,155,50,0.06
0.21004114636518073,0.6925406435295778,0.9025817898947585,0.9999321618951031,0.8956212426334097,1.8954926472807072,157,32,0.0
1.853215008990264,2.7185220146685296,4.571737023658794,0.996384985442125,0.47153138321438803,1.466211775841698,158,170,0.5411764705882353
2.799564253177088,1.8545525969954464,4.654116850172534,0.9997310851410086,0.4617746489323382,1.4613815560087433,159,79,0.05063291139240506
1.9020246806085437,1.9165996525457611,3.818624333154305,0.9985029378152038,0.5585128600534457,1.5561796693861412,160,258,0.03488372093023256
2.141162941493956,2.0159790738918772,4.157142015385833,0.9997450652711615,0.5192478681246029,1.518860559081304,161,408,0.125
1.8627026999721072,1.487531465256484,3.350234165228591,0.9999562853278781,0.6125499728528034,1.6124794807594598,163,21,0.3333333333333333
2.70422040531446,1.254468751811313,3.958689157125773,0.9990810640593235,0.5422576810355137,1.5408404450226258,164,23,0.0
2.2472824785557344,2.430276243192376,4.6775587217481105,0.9992005576653629,0.4591012100531111,1.4579347427752745,165,167,0.0
0.6208022942136618,1.0044679992732917,1.6252702934869536,0.9999730789109984,0.8120365926402078,1.8119878106418232,166,35,0.37142857142857144
0.4353558493923496,0.8817458130706869,1.3171016624630365,0.9999517214453674,0.8476757574094955,1.847586554294498,169,20,0.05
0.929395374864187,1.018649755592413,1.9480451304566,0.9999133599532091,0.7747129611766459,1.774559199962649,170,23,0.043478260869565216
1.0843691673745062,1.2462970352777478,2.330666202652254,0.9993887398647363,0.7305242737414467,1.7294664732398024,171,56,0.08928571428571429
0.5188173254856496,0.9672848482083445,1.486102173693994,0.9999736875099777,0.8281294860669162,1.8280813834280547,175,26,0.0
0.5477279096023384,0.9179338258220928,1.4656617354244312,0.9999604951659443,0.8304939510861256,1.830421637726348,184,43,0.046511627906976744
1.8750945447168907,3.088812186482058,4.963906731198949,0.9997716568761209,0.425934036950984,1.4256084347185412,186,3259,0.19392451672292113
1.7203289230341758,2.39259215779299,4.1129210808271655,0.9998777962545055,0.5243463288403686,1.5241600480095534,188,706,0.22096317280453256
2.1096484602840584,1.9362400839641682,4.045888544248227,0.9993095504453768,0.5321557276711366,1.531097851431353,189,294,0.003401360544217687
2.3213386978510306,1.598690376773987,3.9200290746250177,0.9999410188316278,0.5466472184295219,1.5465559953695194,190,57,0.05263157894736842
3.707717562983547,2.05955191949675,5.767269482480297,0.9998950545897396,0.33300064442403565,1.3328607521245293,191,22,0.045454545454545456
3.95317571697844,2.1591818355566703,6.11235755253511,0.999573959592633,0.2931278315445375,1.2925769068364086,192,43,0.0
1.2767740597372252,1.2771964613194193,2.5539705210566446,0.9999048266011326,0.7046342595068658,1.7044720236705626,193,58,0.8793103448275862
4.542982109573551,1.784244138765592,6.3272262483391435,0.9998913043941714,0.26824054263092334,1.2681026904568058,194,24,0.041666666666666664
4.232856688000525,2.0499944433404886,6.282851131341014,0.9997952421594037,0.27339509126544526,1.273134353636332,197,28,0.39285714285714285
5.17594123263315,1.8064026140855702,6.98234384671872,0.9586592686824178,0.1907958947667947,1.1415675216271608,199,41,0.0975609756097561
4.034113920851114,1.5742168813039,5.608330802155014,0.9772704191702262,0.35178731267345065,1.3210617536853766,204,27,0.037037037037037035
4.410969632694604,2.5505383022308425,6.9615079349254465,0.9991161519291245,0.194932799635111,1.1938766605853277,205,209,0.19138755980861244
3.9265974348649615,2.141660629932239,6.068258064797201,0.9994644879304972,0.2982295714550468,1.2975343538505473,206,85,0.08235294117647059
3.5878926991968685,2.8520261681352066,6.439918867332075,0.9904012190143838,0.25539514775855643,1.2433448846848167,207,493,0.15821501014198783
3.1261005749390627,2.321780060523352,5.447880635462415,0.9998846827264132,0.36994621842224973,1.3697882399593806,213,150,0.02
2.2557209157050258,2.1489552438072304,4.404676159512256,0.9998768759498733,0.4906076106419236,1.4904240809957516,214,107,0.08411214953271028
3.4776996944564313,2.1841645297457664,5.661864224202198,0.9996708602651743,0.3452092085351379,1.3447664467329554,215,35,0.2
3.8159988529718283,2.4728680816635413,6.28886693463537,0.9999454970685304,0.2726894907817772,1.272620125473679,216,281,0.03558718861209965
3.000592292019762,2.1227677671370064,5.123360059156768,0.999867746918055,0.40748822722497446,1.4073020825691227,217,140,0.25
3.7026039577313266,2.280893438705251,5.983497396436578,0.9997358462034552,0.3080093049934587,1.3076637893696288,218,91,0.45054945054945056
4.210158287350784,1.5159352186040431,5.726093505954827,0.9997653344856674,0.33777962731637057,1.3374656965720626,219,31,0.3870967741935484
2.8458558480087226,2.6317508300552874,5.47760667806401,0.9997991069172736,0.36652030823445414,1.3662457837571247,220,236,0.8940677966101694
1.9686433887344554,1.895101615734207,3.8637450044686625,0.999785727477339,0.5531764603850072,1.5528436573467028,221,436,0.09174311926605505
3.043394924642698,1.4449860620167922,4.48838098665949,0.9992969346791605,0.4809679234241152,1.4799267062358799,222,21,0.7142857142857143
2.1015633721985303,2.4640164019734954,4.565579774172026,0.9982828103650854,0.472131037675412,1.4696031095162796,223,40,0.775
1.9877455184653683,2.024370188500408,4.012115706965776,0.9996303641074812,0.5360261159769747,1.5354583455926634,224,122,0.2459016393442623
1.526637921492232,1.295950356393966,2.822588277886198,0.9998160772186822,0.6735843216162476,1.6732765113330461,227,38,0.18421052631578946
1.7423542872736224,1.0852874617007595,2.827641748974382,0.9998716554218487,0.6729965609260411,1.6727818408881805,228,25,0.36
1.8944760021827507,1.0868571805885365,2.9813331827712872,0.9997848998663292,0.65522507272608,1.6548690335916814,235,29,0.1724137931034483
3.8766727280589266,2.3325792791350834,6.20925200719401,0.9986286565315636,0.28196602684681593,1.2802080111091423,237,212,0.0047169811320754715
3.1214997100068103,2.2154186859093863,5.3369183959161965,0.9997089755743619,0.382799627017798,1.3823971985505725,238,264,0.0
1.5360849563362502,1.0638347940302972,2.5999197503665474,0.9999369508213303,0.6993248152227904,1.6992176741888976,239,81,0.0
1.254267895369689,2.0262529972344376,3.2805208926041267,0.9999031996775705,0.6206109235818273,1.6204540479218918,242,34,0.38235294117647056
1.3166709801363108,1.2471624781841,2.5638334583204108,0.9998907130949191,0.703503723906618,1.7033175532568383,244,51,0.058823529411764705
1.2131582024523284,1.054084983673034,2.2672431861253624,0.9999568724015382,0.7377930286123381,1.7377180817723903,248,31,0.03225806451612903
1.1300876062596181,0.915689733796524,2.045777340056142,0.9999438206050713,0.7634080900408559,1.7633090228413448,249,23,0.13043478260869565
1.368700195399985,1.1063568515932358,2.475057046993221,0.9999283787629047,0.7137627602209163,1.7136400184119416,252,57,0.03508771929824561
0.9598145870893956,0.9699307484679752,1.9297453355573708,0.9999188155783473,0.7768272494789051,1.7766829987862796,253,44,0.09090909090909091
2.152901498626685,1.5604417028978914,3.713343201524576,0.9998479269653546,0.5705539262191291,1.570315087317495,259,42,0.023809523809523808
1.7298171301489724,1.2442778873847267,2.974095017533699,0.9999987308359669,0.6560480386397793,1.6560459368431717,260,22,0.0
2.0655026127884955,1.3508029885470023,3.4163056013354978,0.9993843375389402,0.6049668578860701,1.6039787400404246,264,78,0.02564102564102564
1.9441011884437451,1.6338877209843667,3.577988909428112,0.9994818026742722,0.586259767787735,1.5854377722181578,265,40,0.15
1.9834467715242157,1.265579223495368,3.2490259950195837,0.9999407453656544,0.6242595933147388,1.6241633484064546,266,23,0.17391304347826086
2.0878890303503206,1.605101836226655,3.6929908665769755,0.9999330316146169,0.5729101150394302,1.5728047797886733,267,120,0.075
2.2262133512289544,1.4793146053393058,3.70552795656826,0.9989372446786773,0.5715539463979008,1.5698837690786207,268,133,0.09774436090225563
3.720514208510981,1.9884982975056231,5.709012506016604,0.9998449415104828,0.33975601822476775,1.3395482776802603,269,88,0.03409090909090909
3.095279560799075,1.5622432111409652,4.65752277194004,0.9999419700750813,0.4613533532920878,1.4612685510667167,273,168,0.047619047619047616
3.7730019289359755,2.1184290081214905,5.891430937057466,0.9998393561856262,0.31865697714785723,1.3184451430611976,274,200,0.01
3.4093530260261367,1.3637272037471306,4.773080229773267,0.9996636720288138,0.44802040677044186,1.4475333970047966,275,73,0.0
2.8963598708493272,1.7339457078778295,4.630305578727157,0.9999168475186586,0.46449967739614906,1.4643779006140498,276,91,0.0
1.911507999930236,1.4216167428926927,3.3331247428229287,0.9999395288620326,0.6145247281385,1.614427095990913,277,28,0.8214285714285714
2.8106337444078235,2.5575318490452563,5.36816559345308,0.9997560721145566,0.37917993960480345,1.3788435191584898,278,384,0.2838541666666667
2.2635482696837417,2.210851612620839,4.4743998823045805,0.9998202826896339,0.4825476772059508,1.4822812377249137,279,202,0.3069306930693069
2.382859515838615,1.7061112603542812,4.088970776192896,0.9999772191754467,0.5271060078368464,1.5270712191028075,280,57,0.0
2.7072191045089045,2.2391459454702702,4.946365049979175,0.9998938577492511,0.42795724730085527,1.4278056807046535,281,298,0.15436241610738255
3.1199092530539874,2.4748138883894555,5.594723141443443,0.9976134004716859,0.3531034867788734,1.3498741706355668,282,374,0.15775401069518716
1.90213588280051,2.027146960627993,3.9292828434285028,0.9995153613148223,0.5456182990341313,1.5448692326139009,283,413,0.10653753026634383
2.547178010341825,1.7611227306985642,4.308300741040389,0.9999274380915861,0.5017499184471053,1.5016409486070623,284,43,0.2558139534883721
2.244883287724139,2.4258382328767927,4.670721520600932,0.9995773435240323,0.4598596775440167,1.4592426583972986,285,593,0.026981450252951095
1.8436330959666631,1.609224765487209,3.452857861453872,0.996408931349223,0.6010119411579637,1.5952625973665517,286,326,0.009202453987730062
1.4403003749416463,1.813182579529248,3.2534829544708943,0.9998760627577261,0.6237389702379394,1.6235377285077957,287,282,0.014184397163120567
1.0447843152042786,2.045726282972094,3.0905105981763725,0.999802934106021,0.6425957866841154,1.6422720870769663,288,419,0.1957040572792363
0.8382831309195163,1.5831650359197593,2.4214481668392756,0.9998716951808133,0.7199767083790177,1.7197560270784438,289,54,0.4074074074074074
1.373792620800413,1.786878455200289,3.160671076000702,0.9996847329326191,0.6344978993440418,1.6339825959846752,290,333,0.0
1.796147988559873,2.2301058556045885,4.0262538441644615,0.9977165186411948,0.5345542353653636,1.5310501093748312,291,889,0.11023622047244094
1.8256044293731037,1.8818808755065024,3.707485304879606,0.9989887974327718,0.5713235640414023,1.5697346376194976,292,392,0.07397959183673469
1.7190161440077876,1.9299919057295114,3.649008049737299,0.9988293205613044,0.5781027797853404,1.5762553273088973,293,267,0.10486891385767791
1.3860536032115416,1.9915458821482224,3.377599485359764,0.9999701614950345,0.6093825883689667,1.6093345667986123,294,42,0.42857142857142855
2.012643587806597,1.4848845765924605,3.4975281643990574,0.9999693746387242,0.595503220008275,1.5954543571457456,299,64,0.015625
1.825873832055575,1.9400264262017568,3.7659002582573318,0.9999312376714,0.5644767122291057,1.5643691351673323,301,272,0.003676470588235294
0.9247937894145688,1.0259266459387784,1.9507204353533472,0.9999683622151957,0.7744024016022771,1.774346263440939,303,30,0.0
1.6411970018991182,1.5644034438357708,3.205600445734889,0.9999533525035806,0.6292679032220416,1.62919190195336,304,30,0.0
1.409737718344602,1.3632441506626727,2.7729818690072747,0.9999593669143436,0.67930546563942,1.6792372302765914,305,41,0.0975609756097561
1.3372875793262,1.4894026449318554,2.8266902242580554,0.9999737318722924,0.6730860772340144,1.6730421283952719,306,134,0.014925373134328358
0.7594405726178821,1.3464842004323612,2.1059247730502433,0.9999893387307539,0.756445495827526,1.756426769889179,307,52,0.019230769230769232
0.8688454105700906,1.3976041204977276,2.2664495310678183,0.999947344101674,0.7378871312108248,1.7377956212027417,308,75,0.05333333333333334
1.1061101966310152,1.2208026514349655,2.3269128480659806,0.9999525399740529,0.7308936641451551,1.730811515886943,309,80,0.0
0.6433357625446242,1.18118931863793,1.8245250811825542,0.9999989338930996,0.7889918305078896,1.7889899232513544,310,44,0.0
1.1913708377128327,1.2220965386529834,2.413467376365816,0.9999945318306972,0.7208832477985925,1.7208738377176431,313,64,0.046875
1.019619676383679,1.063303084843326,2.082922761227005,0.9999715407515032,0.7591109540626728,1.7590608910868977,314,35,0.02857142857142857
0.9180584918357089,1.2485024659318231,2.166560957767532,0.9999486489146656,0.7494378113387217,1.7493479758083845,316,57,0.03508771929824561
0.8554936814933553,1.2458358398599252,2.1013295213532803,0.9997663901488845,0.7570156673358782,1.7566052111674242,317,52,0.07692307692307693
1.1159073859204878,1.2457224172375898,2.3616298031580776,0.999903362970954,0.7268821167795623,1.726715236022284,318,21,0.0
0.8029635767605064,1.3790593777065836,2.18202295446709,0.999933391854035,0.7476576028266428,1.747541194593937,319,35,0.02857142857142857
0.7976923093699395,1.2159806592908176,2.013672968660757,0.9999244760844939,0.7671267359244941,1.7669932755942015,321,20,0.0
2.7837380285386573,2.211396697079766,4.995134725618423,0.9992114438730164,0.42237050365433804,1.4212488846788407,333,458,0.8733624454148472
0.9729686350853023,1.147329847557947,2.1202984826432494,0.9996240734403472,0.7548291488386097,1.7541694619539085,335,55,0.07272727272727272
0.8962991148439506,1.0675311355696775,1.9638302504136282,0.9999846081099828,0.7728854536628099,1.772858165604894,337,32,0.625
1.0660394037635077,1.1176775483816204,2.183716952145128,0.9999924331631813,0.7474549874985427,1.7474417647918044,340,38,0.02631578947368421
1.7535558245272374,3.118040823983214,4.871596648510451,0.9991165342570492,0.436664007326961,1.4353947638923572,342,70,0.7428571428571429
0.7957614743482001,1.473621586580463,2.269383060928663,0.9999744854734376,0.7375418211428381,1.7374974885858894,344,124,0.06451612903225806
1.6879004251840102,1.4765340613732456,3.164434486557256,0.9999170918703838,0.6340375255269328,1.6339020505319688,345,22,0.13636363636363635
1.4344924981206162,2.241617175662599,3.676109673783215,0.9995720014251597,0.5748986992327692,1.5742246448339796,346,133,0.44360902255639095
1.3820412742327373,1.2486502778584405,2.6306915520911778,0.9995531660370318,0.6958165344918563,1.6950587860692825,347,45,0.8
0.9081179887444474,1.4422340001125984,2.350351988857046,0.9999576728912472,0.7281817215137558,1.7281085725780847,348,120,0.11666666666666667
3.49718787390728,2.2270206932339702,5.72420856714125,0.9982535818082438,0.3380879068405548,1.3357510457778794,349,422,0.035545023696682464
3.2421505932026355,1.3936364513811061,4.635787044583742,0.9998036476690301,0.46387964895090095,1.46359221276957,350,174,0.034482758620689655
3.0841752499212935,1.5779580464424834,4.662133296363777,0.9998645538781958,0.46083262135215464,1.4606347572389875,351,85,0.058823529411764705
2.84811473056687,1.5611684660666523,4.409283196633522,0.9995866508497634,0.49010079624745484,1.489484864349559,352,106,0.0660377358490566
2.6094283406435155,1.59553174774162,4.2049600883851355,0.9998298733205728,0.5137073724450654,1.5134498504361669,353,284,0.05985915492957746
2.551821237668631,1.2772655000311506,3.8290867376997815,0.9999927371232904,0.5571632135726746,1.5571519040882378,355,22,0.0
2.49412461153459,2.57897845592367,5.07310306745826,0.9905093301200913,0.4137555630098937,1.4003380756704824,356,511,0.5166340508806262
1.4121355017643344,1.5437041636425854,2.95583966540692,0.9996559782122385,0.6581861998710601,1.657615747690139,358,115,0.34782608695652173
1.8265193676667135,2.106160698427752,3.9326800660944654,0.9998581987078677,0.5451895808064378,1.5449704709272902,359,179,0.5586592178770949
2.777318737586749,2.4204577530229123,5.1977764906096615,0.9989929983290529,0.3989509170834503,1.3975421711723741,360,95,0.8210526315789474
3.558501138901187,2.589317424867634,6.147818563768821,0.9982797200605831,0.2890803310979564,1.2868627520640716,361,105,0.8476190476190476
1.0018349978519068,1.3942608404833512,2.396095838335258,0.9999511848317775,0.7228890234800891,1.722804920362579,365,35,0.2
0.46734572560167253,0.7618263807749494,1.2291721063766219,0.9999436349010465,0.8578501276397403,1.8577454097334551,366,112,0.7946428571428571
0.6894966578519869,0.9793788490878182,1.6688755069398051,0.9999668276738154,0.8069958463530236,1.806935904097394,367,56,0.03571428571428571
0.3656215986451481,0.7797184873926088,1.145340086037757,0.999983172781254,0.8675397277527411,1.8675083022532255,368,25,0.0
0.8633954114819924,1.2017755872765041,2.0651709987584965,0.9999184346082921,0.7611681011356175,1.761024450769585,370,41,0.0975609756097561
1.1596321132921255,1.5500503618618884,2.709682475154014,0.9994636468156453,0.6866854379760521,1.685780778870389,371,185,0.15135135135135136
0.7006799927619837,0.9733748031856825,1.6740547959476662,0.9996712738962341,0.8064345809242354,1.80584075872274,372,23,0.6521739130434783
1.0277649558804423,1.2031163731179428,2.230881328998385,0.9995159293082669,0.7420550494183568,1.7412117716255477,374,42,0.14285714285714285
0.8548064414395117,1.2706131782025896,2.125419619642101,0.9993088401533102,0.7542785159104417,1.753066029040334,375,290,0.006896551724137931
0.36152662572962807,0.4939104075684431,0.8554370332980712,0.9999669170504626,0.9010690742996034,1.901006181327351,376,22,0.2727272727272727
1.5996253031662877,1.6451279812386237,3.2447532844049114,0.9998959909869096,0.624751418023942,1.624582429232436,377,608,0.0
1.26340334275658,1.227865350451607,2.491268693208187,0.9995787431268361,0.7119343150546507,1.7112131509580288,379,56,0.017857142857142856
1.419971005877666,1.6811834247092892,3.101154430586955,0.9999304179897992,0.6413541666698294,1.641239957947461,381,396,0.0
3.3103154800950345,2.5791991284387463,5.889514608533781,0.9998220457145235,0.31887877746133053,1.3186440773308572,382,790,0.0012658227848101266
1.382431435416628,1.738543840019644,3.120975275436272,0.9995827044245944,0.6391002732892901,1.6384162839976004,383,195,0.7333333333333333
2.5810735376458016,2.2478203768530642,4.828893914498866,0.9999016657905745,0.44153430314138853,1.4413925510053294,385,37,0.8378378378378378
3.6576537635811435,2.2808243400651764,5.93847810364632,0.9999168088333095,0.3132106280819137,1.313101380557653,387,82,0.12195121951219512
2.8648073128792637,2.5608313612789475,5.425638674158211,0.9997860364110671,0.37253016978700015,1.3722364983059538,388,158,0.006329113924050633
1.8779608873530138,1.1940120871988598,3.0719729745518736,0.99993741186854,0.6447254977390414,1.6446225574433733,389,57,0.017543859649122806
1.665471849030788,1.4865641836988353,3.1520360327296233,0.999768708911213,0.635490689625958,1.6351124152036536,390,79,0.012658227848101266
2.510787762011612,2.2620954692659976,4.77288323127761,0.9998954115408734,0.4480171839751025,1.4478657380890416,391,1098,0.0009107468123861566
2.8939929150689774,2.0579568113868807,4.951949726455858,0.9998907366517301,0.4273199117922246,1.42716395803961,392,190,0.0
3.202696579058558,1.7597575877820066,4.962454166840565,0.9999171564446179,0.42607431752267244,1.4259561764559696,393,29,0.0
2.548410278581183,2.277596459094451,4.826006737675634,0.9982326114528268,0.441997364661047,1.4394487950336912,395,91,0.8241758241758241
3.2956117666066795,2.238543897288446,5.534155663895126,0.9990828906698346,0.3600358143886465,1.3587885128539114,398,43,0.4418604651162791
3.6644187700120017,2.0396952208925847,5.704113990904586,0.999894936736653,0.3403112688423673,1.340170451366562,400,36,0.08333333333333333
3.618165238872559,2.0842562629974064,5.702421501869965,0.99948066728496,0.3405370507640141,1.3398408660178291,401,56,0.017857142857142856
3.1413368472261762,3.0470883484006492,6.1884251956268255,0.9995009550171718,0.28433129684736846,1.2836903577573877,404,2095,0.0
2.9324553512653666,2.7511493329895127,5.683604684254879,0.9998721374917461,0.34269263099989755,1.342520950952284,405,1294,0.0
2.1127834565286108,1.9869736303431207,4.0997570868717315,0.9997425038027967,0.5258811954472596,1.525488286842048,409,84,0.2261904761904762
2.936632411490711,1.2525840615589336,4.189216473049645,0.9999362167201201,0.5155162870843852,1.5154196224848837,410,20,0.05
2.6963769280137106,1.2271896814562067,3.9235666094699173,0.9999098869145466,0.546247144974582,1.546107807873475,411,73,0.0
2.820120836520815,1.17800647126233,3.998127307783145,0.9999584500806602,0.5376138919274956,1.5375500041943102,412,54,0.0
3.2577160199637447,2.19188517633291,5.449601196296655,0.9997789987992464,0.3697676655600234,1.3694649452611811,414,166,0.07228915662650602
0.7236856882845638,1.0981502293803067,1.8218359176648704,0.9999053144986327,0.7893146799941437,1.7891452578365645,415,137,0.043795620437956206
1.194494696843641,1.647245242838504,2.841739939682145,0.9999203597839814,0.6713575299972615,1.6712244227225281,416,550,0.0018181818181818182
2.200637865663716,1.5649311915678008,3.765569057231517,0.9998395335674124,0.5645350652221672,1.5642840098615927,417,117,0.008547008547008548
0.7079818680664344,0.8611012115648072,1.5690830796312416,0.9999827249648838,0.818534649374843,1.8185032341249152,418,65,0.0
0.9514129347841581,1.528897836355803,2.480310771139961,0.9998973457415353,0.7131606948041418,1.7129848315633858,420,208,0.004807692307692308
1.3369864031099752,1.275209188679686,2.612195591789661,0.9999873580555759,0.6979008754322491,1.6978794106637443,421,68,0.0
1.084460772714932,1.0825136519073353,2.1669744246222673,0.9998842249493832,0.749397418416355,1.7491948818416891,422,54,0.018518518518518517
1.2216193094101713,1.3566522465458126,2.578271555955984,0.999777549443696,0.7018469300773096,1.7014683532809696,423,169,0.04142011834319527
1.7842735804221403,2.07070049581214,3.8549740762342806,0.9999537471872888,0.5541731935853131,1.5541013087036695,424,106,0.0
1.8147276329841857,1.1989498107144658,3.0136774436986515,0.999938762029879,0.6514588985805241,1.6513577665898367,425,37,0.02702702702702703
1.4985051013433548,1.5537868358556057,3.0522919371989605,0.9999369165802467,0.647001178045818,1.6468972795791692,426,49,0.20408163265306123
1.557151154917585,1.28312750339019,2.840278658307775,0.9999562465761143,0.6715225017316143,1.6714493668990615,427,255,0.0
0.8291783998643432,1.3196742530956032,2.1488526529599463,0.9999421641051576,0.75149483525408,1.751393535982971,428,71,0.7323943661971831
2.2478077060583086,2.0422905591798663,4.290098265238175,0.9998270154729022,0.5038576340350234,1.5035974899333775,429,241,0.004149377593360996
2.990049867695728,3.087744447328095,6.077794315023823,0.9992684340333455,0.2971388798624054,1.2961899372038737,430,2144,0.0
3.016939673305881,1.7726251326610463,4.789564805966927,0.9989076332644964,0.4461589527693054,1.4445792168350495,431,43,0.023255813953488372
3.5651121554359326,1.9647614967215468,5.529873652157479,0.9999323314624462,0.3604759074269823,1.3603838460119495,432,25,0.08
4.1233134035207435,2.1109978588995197,6.234311262420263,0.9977065877665199,0.2791015517666928,1.2761680446200077,433,108,0.018518518518518517
3.8808874463729106,1.9499712633299096,5.83085870970282,0.9936759796003902,0.32590588901541995,1.3175208331253236,434,125,0.008
4.308273402339117,2.3365060533772155,6.644779455716333,0.9995528802919034,0.23154714638924723,1.2309964973886465,435,146,0.0
3.616606422309023,1.8526919839414524,5.469298406250475,0.9998360375629046,0.367475211005006,1.367250996436742,436,32,0.0
4.271802439404049,1.782940086415656,6.054742525819705,0.9998560727270904,0.29976738410772774,1.2995803121327163,439,65,0.015384615384615385
3.5574216530278604,1.551581268083034,5.1090029211108945,0.99992359643861,0.4091386253880518,1.40903096217858,440,30,0.06666666666666667
3.5930451165081703,1.8690040120324518,5.462049128540622,0.9999625692019701,0.3683142230281232,1.3682630059347995,443,24,0.4583333333333333
3.794413486690945,2.407270313095995,6.20168379978694,0.9997755042088381,0.2827794620523163,1.2824914834620966,445,432,0.6944444444444444
2.5703886607423665,1.065557455401144,3.6359461161435105,0.9999329405234236,0.579504517851841,1.579398597105624,446,54,0.1111111111111111
2.378344377634702,1.0073367718786153,3.3856811495133172,0.9996169262236398,0.6084826779570738,1.6078665104234189,448,36,0.05555555555555555
3.0200740818122247,1.1657019353122111,4.185776017124436,0.9999655745078145,0.5159135155805635,1.515861329511679,449,27,0.0
2.8185676717153347,1.7736896328065566,4.592257304521891,0.9999154249565583,0.4689014398727097,1.4687772074696208,450,42,0.023809523809523808
1.2955445889311343,1.0140616005204957,2.30960618945163,1.000001758518007,0.7328969444809545,1.7328999918114358,452,36,0.027777777777777776
2.0929323791715873,1.4209255848770872,3.5138579640486745,0.9998662782730656,0.5936297458374973,1.5934166429157899,453,280,0.010714285714285714
2.0149532849940615,1.7582946194139257,3.773247904407987,0.9998594724304626,0.5636270374951847,1.5634073047879427,454,347,0.03170028818443804
2.2998352550548273,1.276149381651059,3.5759846367058863,0.9999021247611926,0.5864326704941063,1.58627739801763,455,26,0.07692307692307693
2.473454415750406,1.286165862023969,3.759620277774375,0.9998693717535887,0.5652090024055751,1.5650045418983236,456,33,0.0
2.4419474075358267,2.0972829974589042,4.539230404994731,0.9988684905351972,0.475132356093948,1.473463229871191,457,159,0.25157232704402516
2.465179875800844,2.6394140151914125,5.104593890992256,0.9909230276453986,0.410087794435532,1.39728846650788,458,1578,0.031051964512040557
2.9047578719553173,2.6625465418818357,5.567304413837153,0.9983370831588062,0.3562406604822228,1.353985345047195,460,460,0.29347826086956524
2.2802481268735186,2.0362247678215826,4.316472894695101,0.9916728630326073,0.5013567443232247,1.4888547410763264,461,485,0.03917525773195876
1.7311575308708658,1.852353941904367,3.583511472775233,0.988001962477113,0.5865050345389136,1.5674700876042666,462,291,0.0
1.3398590417847092,1.6543542591582008,2.99421330094291,0.9968866191229462,0.6540408857681361,1.6488912265045204,463,98,0.08163265306122448
1.4466788438568252,1.6664890886433414,3.1131679325001667,0.9995232746738008,0.6400168858311657,1.6392350482462956,464,29,0.034482758620689655
1.6598780104216382,1.8018445289802947,3.461722539401933,0.9968490850723517,0.5999438535846414,1.5949025666129826,465,61,0.11475409836065574
1.0484675025658294,1.8306150318617531,2.8790825344275826,0.9987640102332577,0.667168369210903,1.6651077661671216,466,82,0.5609756097560976
1.7452231447736926,1.9775576318868675,3.72278077666056,0.9999296840425729,0.569459582088128,1.5693492240349702,467,50,0.24
2.10495070587456,1.8665093238894594,3.9714600297640192,0.9999294341762448,0.5406996194155356,1.5405908986777321,469,110,0.05454545454545454
1.244979888487254,1.0048552916279985,2.2498351801152525,0.9999601348452587,0.7398060687712931,1.7397367111331417,470,33,0.030303030303030304
2.490518660816201,2.0978131579989383,4.588331818815139,0.9999511000041923,0.46936021768947556,1.4692883659809906,471,69,0.6231884057971014
1.4506804436442995,2.4561426567558966,3.906823100400196,0.9999499069301703,0.5481715306583391,1.5480939779937455,472,65,0.7230769230769231
2.204501618684286,2.117093348520392,4.321594967204678,0.9998721957474956,0.5002132199787466,1.50002148634957,473,51,0.2549019607843137
2.059817809422515,1.9526343857951791,4.012452195217694,0.9999580995472149,0.5359578272460559,1.5358934699176356,475,86,0.26744186046511625
1.515029422690924,1.663004934091967,3.178034356782891,0.9999124266915855,0.6324673016720592,1.6323243411095734,476,35,0.2571428571428571
2.989448527150718,2.230768027193121,5.220216554343839,0.9998627816214074,0.39630087534411984,1.3961092772019776,477,25,0.2
1.8204504972449607,2.3172018616157324,4.137652358860693,0.9999434432957417,0.5214727778412594,1.521386728355326,478,140,0.5214285714285715
4.110945613961665,1.886515604195563,5.997461218157228,0.9998669360930479,0.30639041215281493,1.306216578740569,479,29,0.4827586206896552
2.757670653156084,2.2097421627036544,4.967412815859738,0.9994449193580428,0.42555107253298985,1.4247597767285054,481,106,0.3018867924528302
1.449486167234503,1.432621282810457,2.88210745004496,0.999964370005274,0.6666813245751932,1.6666219407283887,482,113,0.07079646017699115
3.4306846789340053,2.0462924651454317,5.476977144079437,0.9996488002886358,0.36660632639939406,1.366126374652014,483,198,0.0
1.6043679527637489,2.4043232922022213,4.00869124496597,0.9960111020653335,0.5367201322480302,1.5305903124863456,484,443,0.07900677200902935
0.7012336818740983,1.391047681974519,2.0922813638486173,0.9979855647149725,0.7582743698989268,1.7547324399674429,485,573,0.012216404886561954
1.6276403904561754,1.9707897446591947,3.59843013511537,0.9991689849404892,0.5839238484049838,1.5826075838338411,486,72,0.0
3.1779910251542955,2.163223061024054,5.34121408617835,0.9998368023546667,0.3822936987712138,1.3820681116944151,487,114,0.3508771929824561
0.7873337447577741,1.673877449998609,2.461211194756383,0.9999702520883427,0.7153608701500604,1.7153098417464347,488,226,0.017699115044247787
0.8070070799985125,1.698236915248293,2.5052439952468055,0.9999675946981708,0.7102648222032012,1.7102094005554298,489,295,0.003389830508474576
1.626087206424033,1.6080157093829945,3.2341029158070276,0.9999893205520547,0.6259754545847702,1.6259580900645427,490,25,0.2
1.5307407134619802,1.8393789642424896,3.3701196777044697,0.9999383590230347,0.6102426526594854,1.6101433957292244,491,98,0.02040816326530612
1.5142080211834406,1.7114160929391031,3.2256241141225437,0.9999513896361041,0.6269530286383296,1.626873941859566,492,89,0.0
2.113757770262836,1.4358738651719545,3.5496316354347903,0.9999220764943908,0.5894817859161334,1.589357927923273,493,23,0.0
1.7605610035555683,1.5838511086205025,3.344412112176071,0.9998868766310762,0.6132225715204241,1.6130400783483099,494,69,0.0
1.8644752099226471,1.5578862835301173,3.4223614934527644,0.9999658602699483,0.6041995243461653,1.604144757407455,496,28,0.6071428571428571
1.799560213132072,1.6326193719111077,3.4321795850431798,0.9999703163182897,0.6030689212114082,1.6030213362237913,502,28,0.0
1.3304342187715006,1.5949883422678066,2.925422561039307,0.9999305680946164,0.6616681181828581,1.6615527453992975,503,30,0.03333333333333333
1.854768590772091,1.6216212328441892,3.4763898236162802,0.9999348738916123,0.5979504107058964,1.5978463424142506,504,105,0.780952380952381
2.1114255046260206,1.8228342701367382,3.934259774762759,0.9999017418701173,0.5450056730837867,1.5448538637156912,505,74,0.0
1.7791193632797875,1.3923484754347182,3.1714678387145057,0.9999842447618235,0.6332170696744763,1.6331913379505496,506,84,0.17857142857142858
2.1410703070453403,2.6615338167369478,4.802604123782288,0.9997422449282365,0.4445903659037602,1.444218015410328,507,820,0.00853658536585366
2.6355272846220332,1.975482064616017,4.61100934923805,0.9999120153671259,0.46672437147739043,1.4665953222720385,508,38,0.631578947368421
1.1915438412746677,1.550792292932541,2.742336134207209,0.999935519453632,0.6828480702187214,1.6827395592556993,509,148,0.060810810810810814
1.4699077437204986,1.5449559823504622,3.0148637260709608,0.9999576168374265,0.6513233263655542,1.6512533380605514,511,27,0.1111111111111111
1.3550201328536629,2.083894844640646,3.4389149774943086,0.9999285394502277,0.6022914015198733,1.6021769008954254,512,204,0.5245098039215687
1.7738002636497916,1.6326720850880496,3.406472348737841,0.9998460210930534,0.6060446391395785,1.6057973421415364,513,124,0.056451612903225805
2.0143813814705855,1.6357660042791435,3.650147385749729,0.9999251242134026,0.5778575241805006,1.577739380857239,515,134,0.08208955223880597
1.802368619775775,1.4730035015170506,3.2753721212928255,0.9999455657255691,0.6212023728677445,1.621114123892872,516,108,0.0
1.752387563797382,1.6880033927757003,3.4403909565730824,0.999943253852249,0.6021215054332978,1.6020305912096355,517,36,0.1111111111111111
1.7661768278437124,2.0528837504211532,3.8190605782648657,0.9996901413093778,0.5583557870093518,1.5578729169256658,518,234,0.23504273504273504
4.138749456459259,2.2686371735644135,6.407386630023672,0.9997872500002499,0.25899322740853103,1.2587253765997146,519,207,0.033816425120772944
1.5022664688942557,1.7544143015718856,3.2566807704661414,0.9997853193276913,0.6233810913763023,1.6230325828321925,520,337,0.011869436201780416
1.1007117014666845,1.3184184504933112,2.4191301519599957,0.9998548088500727,0.720244443014836,1.7199946787459988,521,101,0.04950495049504951
0.9737966223770477,1.4811864431851767,2.4549830655622245,0.9997194764547939,0.7161107397011809,1.7156293302325136,522,107,0.09345794392523364
0.8233359171088336,1.2496008755718937,2.072936792680727,0.9999514750525917,0.7602690743172045,1.760183657352949,523,35,0.0
0.9954313074331654,1.2783715478480713,2.273802855281237,0.999982433326468,0.7370317502736511,1.7370012364039793,524,21,0.14285714285714285
0.8838782963684098,1.4936958236092666,2.3775741199776763,0.9999087882441906,0.725041262501305,1.7248839184589086,525,459,0.015250544662309368
1.1200293771711936,1.677145758853832,2.7971751360250257,0.9999272320883132,0.6765067482707006,1.6763847523757,526,88,0.2840909090909091
1.5167761118500267,2.45297973714689,3.969755848996917,0.9997963101205073,0.540910595341626,1.5405967274481518,527,3302,0.0027256208358570565
2.1845721092276795,1.838333480085514,4.0229055893131935,0.9999020822986873,0.5347557980251185,1.5346055182652996,528,225,0.013333333333333334
1.6580131449688125,1.8903590553420933,3.5483722003109057,0.9999297363436768,0.5896298074763726,1.5895181142738988,529,153,0.006535947712418301
1.6055357537962813,0.9513748553615871,2.5569106091578684,0.999905433765538,0.7042946180688173,1.7041334493443725,531,34,0.0
2.1514277581926384,1.2603556213855605,3.411783379578199,0.9997681449082889,0.6054408163794309,1.6050685867517127,532,32,0.0
2.4962790624682176,2.0182969724161834,4.514576034884401,0.9999651947348973,0.47788936172217156,1.4778379233911445,533,168,0.5297619047619048
3.531911754284644,2.1242216926910307,5.656133446975675,0.9999217379499472,0.34586660474457154,1.3457612744649867,534,221,0.0
2.0964277400608102,1.2446494036990394,3.3410771437598497,0.9999533422324429,0.6136064231828092,1.6135311359093878,535,96,0.0
2.3742002581502444,2.557822465494633,4.932022723644877,0.999642392060812,0.42963773340783273,1.4291264836042032,536,533,0.001876172607879925
1.1452332156353389,2.0506976353589623,3.195930850994301,0.9975322044246051,0.6306336416265481,1.626609571140652,537,241,0.12448132780082988
3.3318603205819786,1.8830442953330886,5.214904615915067,0.9997109780564407,0.3969180258486973,1.3965142858858735,538,39,0.48717948717948717
1.3555852822156829,1.3638741357896027,2.7194594180052856,0.9999014235446836,0.6855039028645709,1.6853377518644046,541,43,0.6744186046511628
0.8853698519821633,1.7244235168462732,2.6097933688284365,0.9999776034269063,0.6981807272878735,1.6981426938590887,542,31,0.8064516129032258
0.4493442767799358,0.9225593251849311,1.371903601964867,0.9999936842109289,0.8413390917856582,1.8413274622763462,546,24,0.0
1.1435656952307716,1.1988408695212944,2.342406564752066,0.9991168453572583,0.7291853482177902,1.7276582101493507,554,24,0.125
0.6475797670417219,0.9410897834803661,1.588669550522088,0.9999413022444499,0.8162742656817537,1.8161676544588947,555,45,0.6666666666666666
1.8786206315394072,1.1006930032025162,2.9793136347419233,0.9999790245036956,0.6554454945775037,1.6554107707866499,556,48,0.8541666666666666
0.696364729874197,1.2462627361160492,1.9426274659902463,0.9999895776584858,0.7753311916123315,1.7753126885043518,557,71,0.04225352112676056
0.7840059081618649,1.233966260628478,2.017972168790343,0.9999727764194036,0.7666193533430831,1.7665712596387342,558,78,0.0
1.2545061895865237,1.7108667985333479,2.9653729881198716,0.9992840620983622,0.6571335043413935,1.6559470996575616,559,30,0.23333333333333334
1.064779185190806,1.0922704359829751,2.157049621173781,0.999974821507511,0.7505373562473121,1.7504932803556361,564,25,0.04
0.5627685399687433,0.8677866355477558,1.4305551755164991,1.000018006069915,0.8345575727033226,1.8345906058752401,565,21,0.047619047619047616
0.6715328187853041,1.197206502962111,1.8687393217474153,0.9999890481990497,0.7838772649766445,1.7838577283079187,568,148,0.0
0.9169672944682123,1.2700587899665814,2.1870260844347937,0.999946023385915,0.7470741713581202,1.746979870209795,569,184,0.021739130434782608
1.046556963417855,1.5224809023272807,2.569037865745136,0.9987386076515465,0.7030322490469954,1.700884057198878,572,110,0.045454545454545456
1.1932974250079451,1.1748288918937964,2.3681263169017415,0.9999131244582208,0.7261280081809272,1.7259780498750361,574,20,0.2
0.6937788935950687,1.2929428637929234,1.986721757387992,0.9999869523380317,0.7702328656880149,1.770209768287978,575,309,0.009708737864077669
0.7767608852697316,1.2501014807391413,2.026862366008873,0.9999725808972357,0.7655956905061472,1.765547279456469,578,32,0.09375
0.8431894344813586,0.9147140773916664,1.757903511873025,1.0000201470684926,0.7966997083395467,1.7967359065716313,581,32,0.0
1.4260911136099332,1.3112134807408193,2.7373045943507526,0.9998588271150148,0.6834503325501113,1.683212675009936,583,35,0.05714285714285714
1.0342710315302748,1.2335882688250481,2.267859300355323,0.9999852189966373,0.7377213305489962,1.737695645284166,584,21,0.0
2.146113121528097,1.3856267550037704,3.5317398765318675,0.9999447366601781,0.5915586514762535,1.5914706966296506,585,22,0.36363636363636365
0.9461334676261086,1.128590437782214,2.0747239054083226,0.9998304593983228,0.760084837160446,1.759786431318151,587,25,0.04
1.4361580918713788,1.834530305319598,3.270688397190977,0.9999266393206994,0.6217414357655254,1.6216224637121477,590,80,0.45
1.1150579171479171,1.302277117152047,2.417335034299964,0.9999883233571368,0.7204302202448759,1.720410131395623,591,26,0.07692307692307693
1.2736235981316324,1.231415999036293,2.5050395971679253,0.9993389734754716,0.710375689020337,1.7092450853229861,595,32,0.8125
0.9613364423050781,1.4085474877008144,2.3698839300058925,0.9999832911559998,0.7259229301415959,1.7258940919645998,598,25,0.12
0.6299721783925536,1.0286659921320773,1.658638170524631,0.9999525733576081,0.8081787206934602,1.8080929648478934,599,21,0.09523809523809523
0.992645329475118,1.6526951760281516,2.6453405055032695,0.9999769707742117,0.6940638340036281,1.694024821025095,600,118,0.07627118644067797
1.2311591000944493,1.5083297712138932,2.7394888713083425,1.0000117708464744,0.6831870313509296,1.6832068438870633,601,38,0.05263157894736842
2.6090128463418725,2.474408798471629,5.083421644813502,0.9998715272866989,0.4120993545044245,1.4119179382689007,602,203,0.024630541871921183
3.1296346623190856,1.72346682961965,4.853101491938736,0.9999425690039014,0.43873072838870286,1.438648100649854,604,28,0.0
1.8693292619547548,1.4282604468912456,3.2975897088460004,0.9999495556891775,0.6186256209415906,1.6185439704876625,605,40,0.0
1.8439224786786999,1.5664664609616508,3.4103889396403506,0.9998377286668618,0.6056025063453265,1.6053419630861319,606,62,0.0
1.9498819650053256,1.9342300788975753,3.884112043902901,0.9998032223892662,0.5508190107544972,1.5505138442948805,607,122,0.00819672131147541
2.180000557773229,1.9416815174534143,4.121682075226643,0.9997379309977514,0.5233434244133438,1.5229442033220257,608,65,0.15384615384615385
4.648863998859718,1.8280547878180071,6.476918786677725,0.999848196862299,0.2509502964064513,1.2507603982263489,617,30,0.03333333333333333
3.221645603304925,1.4200701471807853,4.6417157504857105,0.9992720850530294,0.46324862271449174,1.4621835021708838,619,56,0.017857142857142856
1.8147989445547414,1.9318466245162431,3.7466455690709846,0.9998963579722947,0.566700744050546,1.5665383680086253,621,105,0.0
1.0519808452784831,0.8085136256321444,1.8604944709106275,0.9999857863781192,0.7848335902138868,1.7848082212641154,622,25,0.08
1.3365443444306544,2.4255321130598286,3.7620764574904833,0.999639071806765,0.5649484899681574,1.5643836559371675,623,144,0.5416666666666666
2.195111585317007,1.7239130812042776,3.9190246665212847,0.9999405122865141,0.5467506666854723,1.5466586540249785,624,20,0.15
2.595217146242548,1.4607255331009132,4.055942679343461,0.9995741165976102,0.5309643295866238,1.530312317289002,627,106,0.018867924528301886
1.8631980353604511,1.0998233870153098,2.963021422375761,0.9993974811371504,0.6573876208337326,1.656389013529127,628,39,0.1794871794871795
1.887983117255257,2.20868521705001,4.096668334305267,0.9995299528393717,0.5262535887154188,1.5255361775496445,630,56,0.5535714285714286
3.8506209151448467,1.758593298194739,5.609214213339586,0.9997785651598643,0.35130893498222193,1.3510097081042303,631,109,0.0
3.802976988896059,2.0498757467821105,5.852852735678169,0.9998070696259544,0.3231265592584397,1.3228712879564524,632,105,0.0
1.6630798405988387,1.9766628783624172,3.639742718961256,0.9999658172215671,0.5790580021230538,1.5790040255332345,633,20,0.65
1.7375428788895804,1.1251951405897789,2.8627380194793592,0.9999079709465784,0.6689340355990925,1.6687804451795731,634,192,0.005208333333333333
1.6098882427303192,1.2955907348496556,2.9054789775799748,0.9997316858464251,0.6640122234690319,1.6635657454377535,635,84,0.0
1.8565353273980145,1.1663157085002718,3.0228510358982863,0.999368498578627,0.6504769237336787,1.6494346452103974,636,41,0.024390243902439025
1.9687036899744395,1.1752898329482577,3.143993522922697,0.9989156210197577,0.636508859964843,1.634734264156117,638,61,0.0
2.398975886540281,1.422190318800058,3.821166205340339,0.9998429329999706,0.558090609170862,1.5578458845531056,639,171,0.011695906432748537
3.7255868093652995,1.7632401640423745,5.488826973407674,0.999629188080716,0.36523085798208677,1.3647246141073728,641,165,0.024242424242424242
4.04681124830573,1.9298851402558892,5.976696388561619,0.9981546236161162,0.3088879005610018,1.3064725097401553,642,235,0.01702127659574468
3.9319085356757655,1.804448613878392,5.736357149554157,0.9999491195830716,0.33659186571668565,1.336523859365295,643,20,0.2
3.9378001838543186,1.8291807779339013,5.76698096178822,0.9988097746178668,0.33311303116036983,1.3315263261934303,644,97,0.010309278350515464
3.04409538865051,2.1041234895369123,5.148218878187422,0.9933266151224338,0.4049489626027536,1.395573197441968,645,33,0.030303030303030304
3.3229610183345697,2.024807532850958,5.347768551185528,0.9998159424197979,0.38154843510446834,1.3812941506425709,646,108,0.12962962962962962
3.8038380165369694,2.0439252154294905,5.84776323196646,0.9990128674919452,0.3237665487898589,1.3224598157964729,648,65,0.046153846153846156
3.6383625045893373,2.029093269090052,5.667455773679389,0.9996709619466797,0.3445760626144857,1.3441336459243018,649,27,0.14814814814814814
3.9089250075115674,1.6300306061427081,5.5389556136542755,0.9997636400199781,0.35943290943082995,1.3591115938955158,650,21,0.047619047619047616
4.060808838330231,1.6977787582666108,5.758587596596842,0.9997010903341216,0.3340525249649089,1.3336537637704073,652,24,0.0
2.88131539536098,1.7606491060919764,4.641964501452956,0.9997136867886469,0.46317083217258925,1.4627519070328718,653,34,0.2647058823529412
2.4634958563501757,2.3343669680817483,4.797862824431924,0.9997223075875996,0.4451427186750909,1.4447414135072791,654,28,0.6071428571428571
3.3585357356870214,2.1055050715495973,5.464040807236619,0.999316831355346,0.36811222324489723,1.3671775718716084,655,73,0.2191780821917808
3.172356837011943,1.9517904134867212,5.124147250498664,0.999347102472844,0.40743523558856465,1.4065163246036168,656,42,0.30952380952380953
3.275106648152349,2.1603281893683115,5.435434837520661,0.9999514918965999,0.3713930722520352,1.3713265485750843,664,44,0.13636363636363635
1.4815108752945199,1.5846623321119415,3.0661732074064614,0.9993567141727067,0.6454620833996951,1.6444035809620954,666,365,0.9013698630136986
3.2175230286683187,2.523052572636145,5.740575601304464,0.9716502381277747,0.33630411320099574,1.2984202098028723,667,174,0.2471264367816092
3.214014390214081,2.2224443045082243,5.4364586947223055,0.9996939061610317,0.37128589000397005,1.3708661478415758,668,112,0.0625
3.7470619203198257,2.00583258379756,5.752894504117386,0.9998429581409536,0.3346774876145693,1.3344678873806868,669,78,0.0641025641025641
3.5679100923587086,1.916815759409741,5.48472585176845,0.9997253886040747,0.3657139404938623,1.3653388998822287,670,118,0.00847457627118644
3.143434231324027,2.650540818430511,5.793975049754538,0.9901200920363966,0.3302417718299516,1.317099105554931,671,766,0.10574412532637076
1.8778982571078433,1.504760519623175,3.3826587767310183,0.9996222510408471,0.6088327144753887,1.6082249795920445,672,229,0.021834061135371178
2.355521165742097,1.7068444144152783,4.062365580157375,0.9992157186080843,0.530263026139819,1.529062869323681,673,33,0.12121212121212122
3.022900015891728,1.195015229591351,4.217915245483079,0.9982620575537654,0.5123475614077002,1.5097191883872703,674,37,0.02702702702702703
2.868023838076236,1.489751120161495,4.357774958237731,0.9975861757236661,0.4962069887476398,1.4925954079957804,675,53,0.03773584905660377
3.2771180879494772,1.4811970113667896,4.758315099316267,0.9990508101574658,0.44976154541449853,1.4483854464814945,676,20,0.0
2.295277686171271,1.1465762767724534,3.4418539629437244,0.9998685017041447,0.6019539510237242,1.6017432968091259,677,48,0.041666666666666664
1.9958615001833517,2.420438243167873,4.4162997433512245,0.9997392467437562,0.48928251056471916,1.4888941753006226,678,36,0.3888888888888889
3.187093378739547,1.8120028362887024,4.999096215028249,0.999966412875265,0.4218448804001348,1.421797124718783,679,40,0.125
2.423140892873168,1.8732821551683396,4.2964230480415075,0.9997911861406321,0.5031462971835734,1.502832419404064,680,22,0.18181818181818182
2.880143955504265,2.527139524899129,5.407283480403394,0.9998788112607204,0.37465423741110504,1.374487644797128,681,139,0.07194244604316546
3.580908620029705,1.7260415378136926,5.3069501578433975,0.9998907533065933,0.38624981734157915,1.386098374132799,682,127,0.023622047244094488
3.3123215349678374,1.9983253224500301,5.310646857417868,0.9998616545833474,0.3858292726026218,1.3856375494744944,683,46,0.43478260869565216
3.804727534138113,1.449507215219894,5.254234749358007,0.999913786304794,0.39234583077472907,1.3922257914956533,684,106,0.009433962264150943
2.808569455675711,3.1161401325577227,5.9247095882334335,0.9990807050573254,0.3148558351821511,1.3136470948625218,685,344,0.9273255813953488
3.4720316730534355,1.874020830045371,5.346052503098806,0.9987416546556492,0.38179541636782743,1.3800566405387957,686,85,0.1411764705882353
3.3063146916212145,3.1434692637162978,6.449783955337512,0.9978776881300215,0.254169598465357,1.2515078594395679,688,531,0.903954802259887
1.9239284692200187,2.1978345002172928,4.121762969437311,0.9996027247639068,0.5233510804631951,1.5227458908030513,689,171,0.52046783625731
1.8052792045743378,1.933260198807685,3.7385394033820227,0.9999282833561645,0.5676391227409064,1.5675266969242783,690,84,0.42857142857142855
2.619828776549182,1.7002358995809463,4.320064676130128,0.9992469362876569,0.5004465612184217,1.4993166293608582,691,122,0.5573770491803278
1.4242684971180801,2.1817679532062755,3.6060364503243556,0.9999716442553969,0.582954749796357,1.5829098639357535,692,76,0.2894736842105263
1.8729899280625146,1.8761108848668921,3.749100812929407,0.9999217478558311,0.5664179575390786,1.5662953819752365,693,60,0.016666666666666666
1.224066706721111,1.387554136357911,2.611620843079022,0.9999110546983949,0.6979700571325117,1.6978190306736636,694,75,0.84
1.3244605538005396,2.096428735769565,3.4208892895701046,0.9961840246626013,0.6047353311605208,1.59861170071376,695,47,0.6382978723404256
1.7355675344157724,2.8129328552528543,4.548500389668627,0.9875097089722598,0.47465928369804977,1.4562403600779021,696,260,0.7653846153846153
2.203014590803713,1.895744186179905,4.098758776983618,0.9998576695430998,0.5259928331506256,1.525775637893457,697,33,0.3333333333333333
2.716320132135299,2.985486977724245,5.701807109859544,0.9992401179932299,0.34063292612541707,1.3396142032871707,698,263,0.9239543726235742
1.106052685266652,0.9766458599229364,2.0826985451895883,0.9999728164238324,0.7591402503515059,1.759092430628521,699,43,0.0
0.9812962978703856,1.3293412391132948,2.3106375369836805,0.9998292143581615,0.7327963559821853,1.7325004192443534,700,47,0.02127659574468085
1.763236794571723,2.3847434288503795,4.147980223422103,0.9996730159335621,0.5203157268773504,1.5198186078587064,702,179,0.8603351955307262
2.1966028357792684,2.066148409737721,4.26275124551699,0.9998594977275186,0.5070138893280609,1.506802150451949,703,88,0.06818181818181818
2.330046599392081,2.4012105080697372,4.731257107461818,0.9996818898366389,0.4528546351683722,1.4523924673430388,704,219,0.0273972602739726
3.314971173346567,2.189925230017538,5.504896403364105,0.9997712383122259,0.3633551907186162,1.363043307284152,705,76,0.42105263157894735
2.422628076368917,2.0765117810171754,4.499139857386092,0.999817594979886,0.4796747120954994,1.4794048119998773,706,98,0.6938775510204082
1.9790687069169246,1.5670194780521867,3.5460881849691113,0.9999428924417078,0.5899017732129921,1.5898109778047993,710,36,0.05555555555555555
2.226027634320641,1.4074564721766412,3.6334841064972823,0.9998756565250138,0.5797995617288974,1.5796031239616104,711,28,0.0
2.8855757674359066,2.2359977503005246,5.121573517736431,0.9996552426947714,0.4077095069699832,1.4072241888338155,712,480,0.0020833333333333333
2.9390305477806584,2.077128354151372,5.01615890193203,0.9999394627396638,0.4198832371539578,1.4197972813127833,717,160,0.94375
4.270596151124929,2.3368205854844426,6.6074167366093715,0.9990555916492718,0.23589665135194882,1.234729460233775,719,98,0.8163265306122449
3.392857523740163,1.883131580702233,5.275989104442396,0.9998771657245038,0.3898376565061207,1.3896669368045265,721,43,0.046511627906976744
1.5382358026727352,0.9681138847130271,2.5063496873857622,0.9998664103682503,0.7101484619066865,1.709920003803423,722,43,0.32558139534883723
1.2528252122481167,1.196440224600961,2.449265436849078,0.9999658489124099,0.7167428090521155,1.716684180418074,723,62,0.016129032258064516
0.8976698375278517,1.6722256057765224,2.569895443304374,0.9998938713990727,0.7028009839449645,1.702620268058881,725,294,0.006802721088435374
0.8977511677670967,0.9149955200988785,1.8127466878659753,0.9999748021173445,0.7903552797731094,1.7903101666108578,726,75,0.013333333333333334
0.911124746847422,1.5713863947040834,2.4825111415515053,0.9999621320781266,0.7128939902717718,1.7128291265359707,727,182,0.06593406593406594
0.6980248321990814,0.8278422084219457,1.525867040621027,0.9999569440516747,0.8235364607975026,1.8234579467058771,729,105,0.0
0.6357355943194922,1.0373546510887897,1.6730902454082819,0.9999932309638262,0.8065040300499259,1.8064918017587983,730,40,0.05
0.883168937471936,1.1564646625302943,2.0396336000022304,0.999973705468276,0.7641110287497542,1.7640646422763442,731,21,0.09523809523809523
0.3672668978133982,0.48581070543137067,0.8530776032447689,0.9999236964013827,0.9013487491017153,1.9012036693499321,732,24,0.0
2.015157034777211,2.868213686123742,4.883370720900953,0.9997410793420347,0.4352520409630739,1.4348804245602818,733,1962,0.0005096839959225281
0.8437253946880873,1.7098477284849847,2.553573123173072,0.9998546866206977,0.7046891985633509,1.7044414844152476,734,1872,0.0005341880341880342
0.7598078518141853,1.2183922851120434,1.9782001369262288,0.9999382920218779,0.7712224386549974,1.7711131400995035,735,1587,0.0
2.23849636735188,3.0440270048894167,5.282523372241297,0.9987048652850588,0.3891605213191278,1.3873613713033415,736,2782,0.0
5.313776803114038,1.285349617246097,6.599126420360135,0.999514750539057,0.2368327577982987,1.2362325853693004,737,26,0.0
2.8277733764523365,2.5943980870195693,5.422171463471906,0.9997968342918127,0.37292355603455507,1.3726446250480062,739,109,0.5045871559633027
2.773659389795401,1.4836259190401688,4.25728530883557,0.9987496348428162,0.5077428886187798,1.5058576594448594,740,65,0.03076923076923077
1.8345116469818532,1.9670485631026924,3.8015602100845456,0.9997885142438245,0.5603596949885601,1.5600297011385598,741,173,0.011560693641618497
1.8787248613520235,0.9542876875021999,2.8330125488542235,0.9998050447706943,0.672384981639883,1.6720589414423,742,32,0.03125
2.0973783085709807,1.222641338368593,3.3200196469395737,0.9997490729827895,0.6160657029798418,1.6156601884333768,743,27,0.0
2.6494860053756915,2.145559599526303,4.795045604901994,0.9968577545638817,0.44566531034685286,1.4411226751232609,744,332,0.0
2.1140264266814524,1.300745828351122,3.4147722550325743,0.9993790034446823,0.6051447695658019,1.6041479801931153,745,28,0.03571428571428571
2.1250049032316416,1.2226094486653651,3.3476143518970067,0.9981826181630431,0.6130248443653352,1.6100933623106255,746,112,0.008928571428571428
3.4663526449841755,1.746262842611165,5.2126154875953405,0.9955300783847301,0.39741161830395455,1.3911652979058684,747,55,0.03636363636363636
5.535343985713724,1.6798890592864852,7.215233045000209,0.9983245946821137,0.16560637684218926,1.1636535137198656,748,43,0.11627906976744186
3.194632759441581,2.002321487389117,5.196954246830698,0.999509623336823,0.39900113569075246,1.3983150981820516,752,91,0.6153846153846154
3.820742779207829,2.7903075455924498,6.611050324800279,0.9997527527332477,0.2354354568264353,1.235129998786486,753,1206,0.0008291873963515755
4.7298529800251545,1.5962875230527027,6.326140503077857,0.9998583178815792,0.2683901265344909,1.2682104183343794,754,51,0.0392156862745098
3.5183719704342917,2.028436382483067,5.546808352917359,0.9999254851532486,0.3585149718599051,1.3584137423249676,755,29,0.27586206896551724
2.0871660263145344,1.3289216503628598,3.416087676677394,0.9999829755925562,0.6049267072887794,1.6048993843625972,756,67,0.014925373134328358
2.814991051109294,1.64430632813986,4.459297379249154,0.9999403721533024,0.4842763978995973,1.4841878936940867,757,73,0.0136986301369863
1.8968693001955665,1.4337828071759546,3.330652107371521,0.9999855330352323,0.6148150875738387,1.6147917261008604,758,51,0.0196078431372549
3.5074828106317075,2.151574199559217,5.659057010190924,0.999726666150897,0.34553924787810764,1.345171466456366,759,153,0.0
3.8968819322987462,2.657144728825779,6.554026661124525,0.9991352617807603,0.24205601763074402,1.240981964321862,760,79,0.6329113924050633
3.8926235363898494,2.0389736925804858,5.931597228970335,0.9999533745051107,0.31400614060240906,1.313944874415816,761,121,0.0743801652892562
4.387967579002264,2.0674004427582124,6.455368021760476,0.9971791552740801,0.25354067293345417,1.2500046293374838,762,51,0.058823529411764705
2.3192594254995953,1.8398431476344577,4.159102573134053,0.9987290991552249,0.5191021974855674,1.5171715692194834,763,170,0.10588235294117647
3.0893482242485377,2.063115096589289,5.1524633208378265,0.9987351193072994,0.40420669362041806,1.4024305396850967,764,92,0.043478260869565216
2.415733929624242,1.4244819389690946,3.8402158685933365,0.9965225452321342,0.5561725803011086,1.5507610605421185,765,40,0.05
2.3623674964408266,1.4365697258622991,3.7989372223031257,0.9989038748405754,0.560750886062976,1.5590401077491682,767,103,0.0970873786407767
2.333126708253178,1.5168385213325903,3.8499652295857683,0.9998420422935075,0.5547537795736346,1.5545081942324526,768,43,0.06976744186046512
2.6433224240681366,1.113427841325152,3.7567502653932885,0.9997355265271166,0.5655494280564165,1.5651353817622078,770,34,0.0
2.71536232834208,1.261912302919789,3.977274631261869,0.9997468961392679,0.5400591829095982,1.539669387984648,771,25,0.0
3.5884545508573074,1.9962576262927452,5.5847121771500525,0.9964248526193475,0.35431355052979896,1.3494716799870403,772,159,0.018867924528301886
2.069187317365708,1.0287920049592518,3.0979793223249597,0.9999541645060501,0.6417169111926364,1.641641662287086,773,66,0.030303030303030304
2.9698776500814006,1.890494401500873,4.8603720515822735,0.9984976881682639,0.43800589661192924,1.4358455633393428,774,168,0.0
2.9986422075949566,1.8878214901373322,4.886463697732289,0.9998872795038732,0.43488023664470077,1.4347184962325437,775,126,0.0
3.2865539586546246,2.2507499284405297,5.537303887095154,0.9998764637899284,0.3596087147772321,1.3594407538694282,776,598,0.0
3.6571254516513774,1.2853238507136746,4.942449302365052,0.9998532499091887,0.42841164286191313,1.4282020233236072,777,104,0.009615384615384616
3.4870469227042955,1.473388476837365,4.960435399541661,0.9997990691760079,0.42633277533401814,1.4260461811141834,778,32,0.0
2.9760168029809453,2.049306416517883,5.025323219498828,0.9996416890735178,0.41884226900785193,1.4183338823199116,779,109,0.5596330275229358
3.457226287058568,2.243137044586281,5.700363331644849,0.999872446451535,0.34075114387260164,1.3405801263065922,781,207,0.028985507246376812
2.88847482961555,1.721092496423557,4.609567326039107,0.9999102506343703,0.4669028248413989,1.466771171243429,782,63,0.047619047619047616
3.1021863602213227,1.430813061807445,4.532999422028768,0.9999761231121425,0.4757568544363179,1.4757216179553996,783,126,0.0
2.1447654985990625,2.0808594480889044,4.225624946687967,0.999749459874532,0.5113233805172988,1.5109447333679213,784,1073,0.0027958993476234857
1.7979210061522026,1.840779593671731,3.6387005998239337,0.9997837297691008,0.5792015337572574,1.5788599994769152,785,68,0.5294117647058824
3.1702643244487527,1.6777002089307702,4.847964533379523,0.9998910503606114,0.439331628991789,1.4391748143298497,786,43,0.0
4.572789452123585,1.8052714905853806,6.378060942708966,0.9998554933657483,0.26236919606892994,1.262186775345223,787,85,0.011764705882352941
3.5917896554613007,1.4398689873816224,5.031658642842923,0.9998846699145028,0.4180901337228029,1.4179265852664378,788,21,0.19047619047619047
4.018326780399713,2.146949192335171,6.165275972734884,0.9994372979376296,0.2870130426158696,1.2862888377224921,789,155,0.0
1.3193460352692143,0.8977093058338543,2.2170553411030687,0.9999667756815073,0.7435935980935919,1.7435356683845669,790,26,0.0
2.539798629263131,1.3422105998013234,3.8820092290644546,0.9999552432655329,0.5510463252093194,1.5509769054407958,791,20,0.05
3.560489750573761,1.3905345942281562,4.951024344801917,0.9999146644109977,0.42740394581015395,1.4272821374536941,792,37,0.0
1.6560057351869173,1.5845070472550995,3.240512782442017,0.9999436698393117,0.6252340226783542,1.6251424729847006,793,71,0.39436619718309857
2.7210960879118042,1.8967728262652033,4.6178689141770075,0.9999053379096821,0.465945322193427,1.4658065527449364,794,240,0.008333333333333333
3.51477688227022,2.0055031613661933,5.520280043636413,0.999731791380684,0.36158773450926585,1.3612225449429156,796,200,0.0
2.6308220743991604,2.59291641037466,5.22373848477382,0.9999050696739327,0.39587388044836946,1.3957413696857497,797,781,0.0038412291933418692
3.2183279175221817,2.3768298268885197,5.5951577444107015,0.9998038395114617,0.35292911045399544,1.352663719218731,798,276,0.0
3.627391198685837,1.9592030106479283,5.586594209333765,0.9991622757195757,0.3539639351762157,1.3528296867128997,802,34,0.0
2.8257524171912394,1.843744256134773,4.669496673326012,0.9992328643941528,0.46002744166979326,1.4589074026337743,803,27,0.7777777777777778
2.299549761359633,1.307650119814928,3.607199881174561,0.9997856215045204,0.5828301319119552,1.5824908071696762,807,26,0.0
2.715445935644388,2.7565409855990226,5.471986921243411,0.9991168701346302,0.36721396208916357,1.3660065346068921,808,730,0.03424657534246575
1.7433631202803046,1.772250394487451,3.5156135147677556,0.9996904656850774,0.5934473296072068,1.5929541029796717,811,322,0.11180124223602485
1.9244858663284985,1.5799312241709158,3.5044170904994143,0.9998388428829891,0.5947292620228649,1.5944722600525845,812,127,0.07874015748031496
2.1105176169277997,1.6769935738576067,3.7875111907854064,0.9996261132614417,0.5620026228260584,1.5614186107597905,814,137,0.021897810218978103
1.1634032106102,1.385172097763246,2.548575308373446,0.9999391701682454,0.7052546421082867,1.7051509117553085,815,39,0.1282051282051282
2.5361884855061607,2.5047973784360025,5.040985863942163,0.999444114692803,0.41704862909740115,1.4162609125849022,816,121,0.256198347107438
2.696823198792442,1.3173040385486074,4.014127237341049,0.9998908528725909,0.5357757969394117,1.5356081714228313,817,67,0.014925373134328358
3.1420180870189385,2.4701482955539187,5.612166382572857,0.9996462397004713,0.3509691445036004,1.3504912252543868,818,500,0.104
1.9778244034535888,1.2913537577208452,3.269178161174434,0.9999506974697592,0.6219265468580251,1.6218465817754002,819,104,0.009615384615384616
1.564673078615156,2.6963959560202877,4.261069034635444,0.9998842262898748,0.5072054711448879,1.5070309763755725,821,1578,0.010773130544993664
1.982407837281807,1.5597825656751245,3.5421904029569315,0.9999324192566184,0.5903480248557137,1.5902405479539583,822,53,0.39622641509433965
1.4088105767410373,2.1208169094344846,3.5296274861755217,0.9999091789678276,0.5917980834325651,1.5916535146876178,823,283,0.4169611307420495
0.8444352653172554,1.223656584061899,2.0680918493791545,0.9999568329729833,0.7608230660362614,1.7607470565393983,824,46,0.043478260869565216
1.2833179224888407,1.3475194174166343,2.630837339905475,0.9999505147569436,0.6957333461585129,1.6956494323817195,825,20,0.0
0.37921687927089187,0.7525251950224945,1.1317420742933864,0.9999488115460784,0.8691162826058199,1.8690206054331135,828,70,0.2571428571428571
0.8313024049843409,1.1470762719941843,1.9783786769785252,0.9999365538396596,0.7712008826055148,1.771088506710322,829,199,0.0
1.5780527466335428,0.6665176625951339,2.2445704092286767,0.9999516342799277,0.7404132128591356,1.7403290365208726,830,20,0.05
1.4527149966611095,1.0853240467783443,2.5380390434394537,0.9999761985622843,0.7064705023704592,1.7064298859190834,832,32,0.03125
1.1823822628008736,0.7969003458560993,1.9792826086569728,0.999954276808896,0.7710900242479595,1.7710090443603184,834,110,0.6909090909090909
1.1759222149318593,0.8196917265198911,1.9956139414517504,0.9999323245641623,0.769201604343904,1.7690818728542452,835,20,0.1
1.2417874649856047,1.0995467428591463,2.341334207844751,0.9999487593278078,0.7292264204372244,1.7291378137130686,836,81,0.024691358024691357
1.09793425651745,1.1244063159628648,2.2223405724803147,0.9999575491151321,0.7429820739193846,1.7429080827880379,837,73,0.1095890410958904
1.293682883014169,0.7123965859675394,2.0060794689817083,0.9999762661386405,0.7679924380850739,1.767950476797664,840,24,0.041666666666666664
1.2385377300685887,1.056495963354723,2.2950336934233118,0.9999763189812836,0.734576229250973,1.734535152718823,841,43,0.046511627906976744
1.38549548272598,0.7497462822070664,2.1352417649330464,0.9998352570485469,0.7530669205393457,1.752778115120761,842,26,0.0
0.7048260300225716,1.3712881121243576,2.0761141421469294,0.9999756034888728,0.7598922723887045,1.7598493371572985,843,89,0.14606741573033707
0.9542926308710089,0.9649871506945686,1.9192797815655775,0.999951814629018,0.7780322239934444,1.7779465488511135,845,43,0.09302325581395349
1.4022462535476208,0.8414245036834676,2.2436707572310883,0.999871123467118,0.7405251646662594,1.7403008518176435,847,53,0.018867924528301886
1.3860217679787201,0.9462003303273003,2.3322220983060205,0.9998969634485508,0.7302818838647624,1.7301036015864142,848,129,0.023255813953488372
1.567011140640224,0.7977754744672614,2.3647866151074854,0.9999597766416275,0.7265108878040307,1.7264414417378564,849,28,0.0
1.5188726587671963,1.6642340352795153,3.1831066940467116,0.9994493973056813,0.631927165850621,1.6310286223561716,850,193,0.23834196891191708
1.0520450122041718,1.03414918068123,2.0861941928854018,0.9997390849660561,0.7587570796796208,1.7582981935164772,851,55,0.03636363636363636
1.203170497026611,0.9092179828641695,2.1123884798907806,0.9998416630493143,0.7557242836844432,1.7554462876551198,852,24,0.0
0.8625511568815085,0.7122836960558683,1.5748348529373768,0.9999412810353743,0.8178767332712567,1.8177699894316617,853,36,0.0
1.0541089626819966,0.9260076370880557,1.9801165997700523,0.9999684729604237,0.770999839403987,1.7709440050219605,855,47,0.0
0.9501597082274165,1.0765650779350544,2.026724786162471,0.999967948614679,0.7656117690130668,1.7655551787099308,856,39,0.02564102564102564
1.3418416392678871,1.0243850528353935,2.3662266921032806,0.9999661463138287,0.7263431392066522,1.7262846961277936,857,33,0.030303030303030304
1.201308398472803,0.8032082401963951,2.004516638669198,0.999976894416928,0.7681776305973217,1.768136775822192,858,24,0.0
1.3136702938672467,1.031499450244464,2.3451697441117108,0.9999485029600794,0.728785239246622,1.7286962119241425,861,22,0.0
1.199611528681816,0.9803932295755935,2.1800047582574096,0.9999363860262148,0.7478878460394154,1.7477766559477979,862,26,0.038461538461538464
1.0964726790169288,1.1438392658429484,2.240311944859877,0.9999400546894626,0.7409112623005167,1.7408069028342799,863,80,0.0
1.6230363100477536,2.1256945212466913,3.748730831294445,0.9999598992543377,0.5664717921614848,1.5664089754745603,864,28,0.5714285714285714
1.5564282446476319,1.202013998576755,2.758442243224387,0.9999691931936281,0.6809816979580536,1.6809299122803698,865,52,0.0
0.9170280999775312,1.242754823418414,2.1597829233959454,0.9999540425111163,0.7502113670534599,1.7501309317340144,866,30,0.06666666666666667
1.2161292894114792,1.4757485954841436,2.691877884895623,0.9999859455748015,0.6886800836800988,1.6886563502521785,867,39,0.15384615384615385
1.1814406687242869,1.497827407947602,2.679268076671889,0.9998921291126595,0.6901447600156149,1.689962442600618,868,48,0.22916666666666666
1.1584496077510362,0.9134225634067485,2.0718721711577848,0.9999637812360025,0.760389695908889,1.7603259367699493,870,38,0.0
0.822253040535131,0.9802080861536763,1.8024611266888073,0.9998836277862184,0.7915618161944383,1.7913533281797611,873,21,0.0
1.338661863750271,1.0835927126363272,2.422254576386598,0.9999251157969947,0.7198724503878176,1.7197436591100996,874,27,0.037037037037037035
1.3967378984644039,1.2137414898669683,2.610479388331372,0.9996812215255519,0.6981309869977478,1.6975896593922997,877,67,0.08955223880597014
0.9187732241875133,0.8563156855079561,1.7750889096954694,0.9999651550772688,0.7947058459033179,1.7946433095167922,878,54,0.018518518518518517
0.5122615410928695,0.5468533814754093,1.0591149225682788,0.9998895537553065,0.8775233078851525,1.8773159424864723,879,25,0.0
0.9839496460308333,1.3143277918016798,2.298277437832513,0.9999173655513574,0.7342064306569555,1.7340631254647256,880,90,0.9333333333333333
0.683578519991902,0.9604570044662692,1.6440355244581712,0.9999140741126673,0.8098688108925411,1.8097132963090095,881,26,0.07692307692307693
0.5335846871210459,0.7018710814907914,1.2354557686118373,0.9999910811905921,0.8571192938637036,1.857102730570674,885,46,0.0
0.8009233342589555,0.9988387945736565,1.799762128832612,0.999858522668161,0.7918725882633513,1.7916190789105684,887,197,0.9644670050761421
1.4504750608251467,1.5189118089384008,2.9693868697635475,0.9998464330330685,0.656597041737981,1.6563426431548536,889,23,0.5217391304347826
0.7653525817072594,1.201784657118521,1.9671372388257804,0.9998772218236289,0.7725162896602453,1.7722986633426128,890,52,0.057692307692307696
2.617460093321118,1.7575214160758947,4.374981509397013,0.9997458834501202,0.49404927773399043,1.4936696150861821,891,70,0.7
1.3887981189877636,1.338540659480575,2.7273387784683387,0.9998672837393139,0.6845961693725106,1.6843725960681453,892,33,0.21212121212121213
1.0324748878836512,1.3080964843856853,2.3405713722693364,0.999975829113799,0.7293112706443337,1.7292694716584047,893,72,0.05555555555555555
1.2460973407657079,1.230639249153719,2.476736589919427,0.9989849516588838,0.7136848255484438,1.7119453526090749,894,40,0.175
0.8064665037582787,1.743016674112869,2.5494831778711475,0.9997111523361581,0.7051835435369442,1.7046910052539719,896,76,0.9210526315789473
0.4439715599010974,0.7125569848491917,1.156528544750289,1.0000067559277017,0.8662505061829926,1.8662631144364856,897,22,0.13636363636363635
0.4153013156697705,0.526382884327629,0.9416841999973996,0.9999743514141708,0.8910948324349581,1.8910463285268373,899,30,0.03333333333333333
1.274058391759791,1.290947720626916,2.565006112386707,0.9999794121794567,0.7033618181046997,1.7033267495972684,903,24,0.7083333333333334
0.698813299881865,0.7089027442056008,1.4077160440874659,0.9998973613390747,0.8372043546681806,1.8370157864733714,907,32,0.03125
1.1596558980180496,1.2588558146780198,2.4185117126960693,0.9991515404469287,0.7203973316621274,1.7189376441110003,910,659,0.015174506828528073
1.1178871894909155,1.8365986510598225,2.954485840550738,0.9977903427026713,0.6585414198140992,1.654876611662885,911,696,0.007183908045977011
0.981076514748583,1.2289118590738495,2.2099883738224326,0.9999137837367602,0.7444163824430274,1.744265985380999,912,62,0.0
1.1919465385872472,1.068732957696738,2.260679496283985,0.9995279914917468,0.7386015202969198,1.7377808855868777,913,73,0.0821917808219178
0.9181382524232644,1.3448002041357254,2.26293845655899,0.9999479440020976,0.7382894125002031,1.7381989241101923,914,482,0.016597510373443983
0.7186075701909989,1.2620516325930136,1.9806592027840124,0.9999764353906537,0.7709360744712623,1.7708943430544903,915,180,0.06111111111111111
0.7267091527146574,1.2466942079732237,1.9734033606878811,0.9957457957795546,0.7722888480032407,1.764749169306217,916,366,0.02459016393442623
1.9445810910934493,2.5762124167332106,4.52079350782666,0.9981086362711791,0.4773099855084463,1.4745158549856305,917,2222,0.036453645364536456
1.8259221801452457,2.1469302929440466,3.9728524730892922,0.9983460785937295,0.5406811295225942,1.5381329640222399,918,565,0.7628318584070797
1.6127163481243971,1.2005276809712786,2.8132440290956757,0.9999115460023198,0.6746607575208339,1.674512627082073,922,162,0.006172839506172839
2.3037906822449985,2.1790355509484858,4.482826233193484,0.9757392430828427,0.4826431443838404,1.4466730994630543,924,742,0.4326145552560647
2.545854003778083,1.1121115315666739,3.657965535344757,0.9990793898599393,0.5770387322224348,1.5755868943742823,925,134,0.0
4.419870858571111,1.8987353774986708,6.3186062360697814,0.9984844658715704,0.26932371604665817,1.2674000126349643,927,79,0.06329113924050633
2.709426460261897,0.9411542333732212,3.6505806936351184,0.9999432939156909,0.5777920546124067,1.5777025842031356,934,20,0.1
3.5973764501910046,1.8487724125267575,5.446148862717762,0.9995272746798214,0.370165724953323,1.3695180129222968,940,49,0.2857142857142857
3.301206714023569,2.4062873680659385,5.707494082089507,0.9995281071684512,0.33996652813400274,1.3393342075348609,942,44,0.6818181818181818
5.289311816619378,1.5475011104359009,6.836812927055279,0.9997835867986917,0.20931942752897892,1.209057714840263,944,53,0.18867924528301888
1.8008973322875133,1.2771387534320853,3.0780360857195985,0.9999784090503505,0.644032342815013,1.6439968465954773,947,27,0.5925925925925926
3.8144692478921516,1.2092765678806452,5.023745815772797,0.9999019669393049,0.4190070180289728,1.4188679084278475,949,22,0.045454545454545456
2.751613584689867,1.2893489046504447,4.040962489340312,0.9998816175035186,0.5326589367759614,1.5324774967847712,950,33,0.18181818181818182
2.8554158407560872,0.6062794313943578,3.461695272150445,0.9996930298860603,0.5996587957562699,1.599167748313472,952,21,0.0
2.8924986911414345,1.2850340813731451,4.17753277251458,0.9998420959401703,0.5168814114397191,1.5166418897065725,953,21,0.0
3.318974876702538,1.2115989062095336,4.530573782912072,0.9999140024394888,0.47604558083717174,1.4759186445180164,957,21,0.047619047619047616
3.2181035946255245,1.7886177491866042,5.006721343812129,0.9998858435184041,0.4209753245767671,1.420813111033279,958,95,0.8947368421052632
3.162274930671628,1.780438164899258,4.942713095570886,0.9999480438431566,0.4283710580843383,1.4282968454136138,959,52,0.15384615384615385
3.135298153554393,1.1955348992585169,4.33083305281291,0.9999616691914643,0.4991240794534647,1.499066616815404,961,21,0.0
2.908656514891431,1.3790913755136036,4.287747890405035,0.9999408524699382,0.5041141280378175,1.504025163402213,962,21,0.19047619047619047
3.620192421642581,1.1130297730208016,4.733222194663383,0.9997752940435582,0.4526223947916521,1.4522959818870818,965,29,0.0
3.957616053903554,1.3672780926861132,5.324894146589667,0.9999497126484262,0.38418416315487847,1.384114556199223,967,29,0.0
2.7520566530527977,1.781513659955087,4.533570313007885,0.9997729589750566,0.47571518973744775,1.475380141848245,968,57,0.6842105263157895
4.139167485013052,1.5550026947316749,5.694170179744727,0.9997136548591132,0.34147993356757744,1.3410958073070032,972,50,0.0
3.4358062710085857,1.7482124105693897,5.184018681577975,0.9998025266052457,0.4004787380896788,1.400202180798987,979,23,0.21739130434782608
4.092744166909204,1.859642587205263,5.9523867541144675,0.9996825469045261,0.3116065383088832,1.3111901647532531,984,75,0.06666666666666667
4.421173393314607,1.8463246188104474,6.2674980121250545,0.9998185583740826,0.27517066411970803,1.274939295081088,986,57,0.5789473684210527
5.025610341347872,1.6404501622128782,6.66606050356075,0.9994188601578541,0.2290872009513999,1.2283729294094554,987,44,0.045454545454545456
3.263111867183583,1.368020480508787,4.63113234769237,0.9992130388901301,0.464482776930622,1.4633302859391033,988,28,0.0
1.7042525077944486,2.1005583229541713,3.80481083074862,0.9999196589853941,0.5599703703866299,1.5598450407843178,993,28,0.32142857142857145
2.3570153593734573,2.176737411165776,4.533752770539233,0.9999121561306528,0.4756607984715777,1.4755311707171959,995,35,0.45714285714285713
2.613827433043737,2.4800577822547942,5.093885215298531,0.9974282352806103,0.41105262039589363,1.4074237250495572,996,265,0.8
4.156952566493319,1.5715751143249603,5.72852768081828,0.9998274698092622,0.3374756416864615,1.3372448867588942,997,23,0.17391304347826086
3.8726257326883777,2.175408665203313,6.048034397891691,0.9995539750853999,0.3005694104714943,1.2999893241112572,998,112,0.017857142857142856
3.775689374346629,1.8565806131710714,5.6322699875177005,0.9994806091114421,0.34865616245402653,1.3479556827314505,999,43,0.18604651162790697
3.819539947605975,1.6920199386709935,5.511559886276968,0.9993577646514413,0.36261333693173214,1.361738218480337,1000,21,0.3333333333333333
2.344850865143356,2.2441661177488372,4.589016982892193,0.998067578217873,0.4694224203432783,1.4665828764510611,1001,309,0.13592233009708737
5.334567300711369,1.3907873100199923,6.725354610731362,0.9996264893679052,0.22222474500521483,1.2217682310681461,1002,29,0.0
3.1199126112252564,1.4285867945803528,4.548499405805609,0.9999446459991856,0.4739670632252202,1.4738854732512021,1003,24,0.041666666666666664
2.9060041981968565,1.2768935075804393,4.182897705777296,0.9998576826747405,0.5162416368596596,1.5160258494054548,1004,23,0.043478260869565216
1.1516494848798429,1.1052740044729372,2.25692348935278,0.9982293702198666,0.7391991479298741,1.7361196701249666,1005,431,0.9466357308584686
4.13077493380359,2.0939394241425564,6.224714357946146,0.999555652747369,0.2801148414846806,1.2795460259718148,1006,33,0.30303030303030304
1.6067764473219168,1.5032609441258153,3.110037391447732,0.9993141499122117,0.6403994116358459,1.6392743435553676,1007,53,0.8490566037735849
1.7128289848778904,1.8991716326943493,3.6120006175722397,0.9997484776005348,0.5822999848812882,1.5819020009924172,1010,61,0.6885245901639344
3.2815820940907336,1.9746060369311316,5.256188131021865,0.9999177510738748,0.392120446856683,1.3920059464448922,1011,20,0.05
3.460611432046055,2.3741813246401042,5.834792756686159,0.9994399802429712,0.3252217795678568,1.3244796291888539,1013,37,0.3783783783783784
2.4154381097071447,2.081270049607392,4.496708159314537,0.9996258885151199,0.4799845976292595,1.4794309183938408,1015,74,0.5540540540540541
2.8864039865592197,1.9529358941280162,4.839339880687236,0.9998870170733434,0.44032384471544495,1.4401611127121356,1017,25,0.08
3.929347846643707,2.040599719536316,5.969947566180023,0.9990441922095812,0.3096293114414962,1.3083775575430596,1018,35,0.3142857142857143
2.903047666311415,1.5140181595185807,4.4170658258299955,0.9996387996112999,0.48919395565057433,1.4886560582149435,1020,43,0.09302325581395349
1.2688497399339616,2.0305268641642713,3.299376604098233,0.9996580726517871,0.6184536972944739,1.6179003037135526,1021,94,0.8297872340425532
2.1328633839579485,2.5922117511130054,4.725075135070954,0.9990904898783939,0.45361558613490194,1.452293508046388,1024,337,0.9020771513353115
2.1418132156940013,1.545008490165178,3.6868217058591792,0.9998354739157104,0.5736309483391332,1.573372045001086,1025,70,0.07142857142857142
1.6588885611641966,1.6938040442864821,3.3526926054506787,0.9999451608889522,0.6122647363040783,1.6121763211391658,1026,42,0.4523809523809524
1.5168756280655844,1.9392382714108531,3.4561138994764375,0.9998331020909543,0.6003108440709449,1.6000437555372464,1027,330,0.2787878787878788
1.0030646145771775,1.5201935174480117,2.5232581320251892,0.9995334477762301,0.7082366081716653,1.7074396265833975,1028,572,0.0
1.515824299975777,2.452113685937348,3.967937985913125,0.9997800670897147,0.5411245719394097,1.5407856279271908,1029,61,0.639344262295082
2.9534004788737214,2.099606995124118,5.053007473997839,0.9994886218059842,0.4156457892317257,1.4149218588446622,1030,35,0.6571428571428571
1.02523416166241,1.8399218286485797,2.8651559903109898,0.9999690692393906,0.6686387698170742,1.6685871575507414,1032,35,0.22857142857142856
0.4372246535891296,1.2144436818403501,1.6516683354294797,0.9999286384272752,0.8089906887051568,1.8088615962845662,1033,442,0.9524886877828054
0.9868150527723248,1.8027251483459588,2.7895402011182835,0.999358232043093,0.677459027552513,1.6763824880996054,1034,159,0.7610062893081762
1.4571293835793737,1.7058988690304142,3.163028252609788,0.9998153807212392,0.6342194243793368,1.633917715967871,1035,33,0.18181818181818182
1.6027615530606396,1.574487878585376,3.1772494316460156,0.9999659814658921,0.6325537303645543,1.6324981932797948,1036,30,0.03333333333333333
2.3064653839757456,2.0999264950608234,4.406391879036569,0.9996549848702078,0.4904323129472906,1.4899180912493926,1037,60,0.36666666666666664
2.744922615169986,1.4041481442944583,4.149070759464444,0.9999454800870999,0.5201506416728774,1.5200677631922983,1038,44,0.0
1.6090523474243985,1.9621687382239605,3.571221085648359,0.9999226292848815,0.5869955374173572,1.5868727504377373,1039,63,0.30158730158730157
2.2924369651385335,1.5982762689836867,3.89071323412222,0.9999854920720954,0.5500440351689311,1.55002154724182,1040,25,0.0
1.914703005749517,2.2747937961862448,4.1894968019357615,0.9996601149996989,0.5155166086983163,1.5150015073353125,1043,47,0.7872340425531915
1.0223364576687612,1.7285802943598503,2.7509167520286115,0.9999367182747176,0.6818629550455735,1.6817565238560896,1044,33,0.42424242424242425
1.6114520349313837,1.1338416589181841,2.745293693849568,0.9998984336963632,0.6825163918551711,1.682345504884442,1047,60,0.03333333333333333
1.305488432716902,1.2707891413625487,2.576277574079451,0.9998513779042311,0.7020638447691787,1.7018108804734364,1048,30,0.06666666666666667
1.3411260544631598,1.6278896378928756,2.9690156923560354,0.9998118699439635,0.6566609878147036,1.6563493200902326,1049,27,0.2962962962962963
1.3724968495831176,1.3509034365813646,2.723400286164482,0.9999359632676192,0.6850424300110496,1.6849345253999086,1050,29,0.06896551724137931
3.3074827421833195,2.0155432862153884,5.323026028398708,0.9997597143252319,0.38440103897602473,1.3840683872382247,1052,32,0.125
3.2147657436046746,2.354079286956578,5.568845030561253,0.9994161147129932,0.35599269887563667,1.3552009546894745,1055,69,0.2028985507246377
2.3583382476468775,2.1957097600663293,4.554048007713207,0.9997308791064998,0.4733544507028279,1.4729579402366122,1056,49,0.6530612244897959
1.393308818549674,1.698233065470251,3.091541884019925,0.9999533618134192,0.6424617148923082,1.6423851134563971,1057,100,0.15
1.6447525277569888,1.3036282468548572,2.948380774611846,0.9999729903288817,0.6590102996532381,1.6589654903306625,1059,39,0.02564102564102564
1.373248203147639,1.730973212596583,3.104221415744222,0.9999453925776518,0.6410001308855718,1.6409105200983511,1060,157,0.03821656050955414
1.0879756110848133,1.6960881373615828,2.784063748446396,0.9999611449472534,0.6780193736443417,1.677954174113069,1061,27,0.48148148148148145
0.6047847266036849,1.315500220205216,1.920284946808901,0.999974653624986,0.7779201092106288,1.7778750453807959,1062,39,0.07692307692307693
0.747069919625437,1.0185071756578425,1.7655770952832797,0.9999759073967789,0.7958103559945807,1.7957670902482135,1065,182,0.06043956043956044
0.5350869109916061,1.0180048308498224,1.5530917418414285,0.9999566408264012,0.8203870276152616,1.8203080971381143,1066,275,0.2909090909090909
1.0418032238209702,1.3591203309457869,2.400923554766757,0.9998853881025531,0.7223461456331026,1.7221487442732912,1067,148,0.0472972972972973
0.9657381675538935,1.238310816772013,2.2040489843259063,0.999872138974871,0.7451162648694007,1.7448931325148052,1068,73,0.0136986301369863
1.9432526372813903,2.2871594504356665,4.230412087717057,0.9998188568088338,0.5107653628578901,1.5104916979989587,1070,631,0.0
1.4947792646836888,1.133443262067604,2.628222526751293,0.9999304291340503,0.6960489040319868,1.6959309084410403,1071,48,0.020833333333333332
1.7542415381040855,1.5572354868192881,3.3114770249233736,0.9999586838321232,0.6170120164382864,1.6169452076983564,1072,24,0.5416666666666666
1.77739148225704,1.4993787095309077,3.2767701917879477,0.999924846491597,0.6210417754833388,1.6209199485066432,1073,96,0.020833333333333332
1.5310157224508603,1.5284683397628658,3.059484062213726,0.999939138921428,0.6461709304919592,1.6460707427536156,1075,122,0.040983606557377046
2.7209549512965427,2.04498969810707,4.765944649403613,0.9997774119587746,0.44882713242361116,1.4485046408301308,1076,69,0.028985507246376812
3.134303544267306,1.8958888808013246,5.0301924250686305,0.9984948625638901,0.4183672725713955,1.4162324348912951,1077,25,0.12
2.798081344722345,1.7460106662202635,4.544092010942609,0.9984947553215004,0.47458612877091266,1.472366515847591,1080,46,0.021739130434782608
3.0532600415571984,1.8955491785005183,4.948809220057717,0.991524989172381,0.428117659823103,1.4160143471929882,1081,283,0.014134275618374558
2.4276790970333186,2.4511031529525784,4.878782249985897,0.9998769575839481,0.43576772670199804,1.4355910663720153,1082,127,0.8661417322834646
3.400170855359742,2.0940068857896743,5.494177741149416,0.99967262867325,0.3646036601216852,1.3641569280109833,1083,83,0.1686746987951807
2.5503678544092807,2.150956609333324,4.701324463742605,0.9991039967944959,0.45635735683300793,1.455052455972926,1084,152,0.7171052631578947
3.07490445236296,1.300344982142923,4.375249434505883,0.9998905358479064,0.494011163866347,1.493847623201076,1085,54,0.05555555555555555
3.0314025156259876,2.3692299657699984,5.400632481395986,0.9989647294290251,0.3754853440317578,1.3740613445342746,1086,76,0.13157894736842105
4.085831224077309,2.230899566897473,6.316730790974782,0.9985606895139155,0.26953631187766736,1.2677090549515169,1087,117,0.008547008547008548
2.8982936509062265,1.8564427023270538,4.75473635323328,0.9999178476080804,0.4501062329567356,1.4499871032611606,1088,55,0.5818181818181818
1.0300201937291131,1.4143282680321505,2.4443484617612636,0.9999264862364496,0.7173129397502891,1.7171866936128943,1090,50,0.08
1.416252361264727,1.9897760418175348,3.406028403082262,0.9999696897688559,0.6060980794494739,1.6060493982454456,1091,116,0.47413793103448276
1.007065679554266,1.6855121321060005,2.6925778116602666,0.9999289053356898,0.6886049377841286,1.6884848869829243,1092,264,0.6553030303030303
1.1655476012506012,1.3884790142741517,2.554026615524753,0.9999674084265755,0.7046210091161331,1.7045654528353535,1097,42,0.21428571428571427
1.55432008750521,1.69059397052306,3.24491405802827,0.9999244646922446,0.624732398975617,1.6246096743138403,1099,51,0.2549019607843137
1.971763101296772,1.5724692232899131,3.544232324586685,0.9998412773181258,0.5901185435075627,1.5898661556278393,1100,26,0.15384615384615385
1.9265818263578847,1.5957553293290083,3.522337155686893,0.9998821104051336,0.5926353860417457,1.5924476309013154,1101,23,0.5217391304347826
2.1401966586898746,1.2833668457842218,3.4235635044740964,0.9998812115787479,0.6040710731139376,1.6038805280435862,1103,63,0.0
0.9675739435771097,1.273507951760267,2.2410818953373766,0.9999403283627806,0.740822980554659,1.7407191027973001,1105,122,0.1885245901639344
0.7936023738730827,0.943260943070238,1.7368633169433207,0.9999744584781527,0.7991324423138343,1.7990864897332526,1107,69,0.3333333333333333
0.8592147320852273,1.3144764948991412,2.1736912269843685,0.9999514918714643,0.7486056962236857,1.7485208746338148,1108,23,0.043478260869565216
0.6993260307272267,0.9655864436673549,1.6649124743945816,1.000010007442878,0.8074542270559909,1.8074723150509227,1109,44,0.022727272727272728
0.7610371674589838,0.8611613936827267,1.6221985611417105,0.9999889745727866,0.8123898666733529,1.8123698843007956,1110,39,0.02564102564102564
1.015014265005389,1.067166858975225,2.082181123980614,0.999975798370655,0.7591958021023077,1.7591532266975598,1111,97,0.17525773195876287
1.937971459702923,2.164768880245032,4.102740339947955,0.9996280228503955,0.5255444563997718,1.5249769887212854,1113,31,0.6774193548387096
0.7241658275554691,1.2081076406909226,1.9322734682463916,0.9999717411205531,0.7765258566737554,1.7764756540437374,1115,35,0.34285714285714286
1.296501163964811,1.3015975432998965,2.5980987072647075,0.999805778594967,0.6995446267298611,1.6992145387845414,1118,63,0.0
1.1609735427292296,1.279725090812468,2.4406986335416976,0.9998494166752745,0.7177460758801524,1.717487411965012,1119,333,0.0
1.336174861568709,1.4483266700376602,2.7845015316063693,0.9998769374130554,0.677982574121432,1.6777760772450128,1120,420,0.007142857142857143
2.7003031711541214,1.8295109732497488,4.52981414440387,0.9999173981705836,0.47612869579500694,1.4760067648642803,1121,188,0.005319148936170213
3.4321654932202637,2.2939349485473204,5.726100441767584,0.9987642758585935,0.3378459230135499,1.3361927145089998,1122,100,0.29
2.826550883551252,1.742289827237168,4.56884071078842,0.9999481230371563,0.47161341764900266,1.471537074814415,1123,80,0.1125
2.0183310037026647,1.0743463653230174,3.092677369025682,0.9997876169558315,0.6423589029222649,1.642010093738845,1125,52,0.038461538461538464
1.6686798439409603,0.862366993728704,2.531046837669664,0.9999712262451226,0.7072831342849535,1.7072340093385412,1128,25,0.08
3.3013899753178504,1.4924739286021889,4.793863903920039,0.9998704214074956,0.4455954256055781,1.4454081073849974,1129,54,0.5555555555555556
2.178317608684824,0.7393059059785463,2.9176235146633704,0.9999848080635863,0.6625806661186734,1.662555408298911,1134,27,0.0
1.4256166884585109,1.3020231228908066,2.7276398113493174,0.9999947263297528,0.6845500138134171,1.6845411300521294,1135,31,0.1935483870967742
1.5829906570926497,0.743135655241467,2.3261263123341167,0.9998908768725683,0.7309991112473364,1.7308102192107355,1137,20,0.0
2.0529551354574287,1.4298778528432634,3.482832988300692,0.9998419652360966,0.5972201799389457,1.5969677636249073,1140,44,0.18181818181818182
3.7762239103913693,2.0349124101437903,5.81113632053516,0.9997528784677132,0.32795382361373016,1.3276256576300327,1141,130,0.007692307692307693
2.7550455802398055,1.7354737021461286,4.490519282385934,0.999879012330107,0.4806744148169235,1.4804952714696047,1142,288,0.013888888888888888
4.6254055533030956,2.3654453844563887,6.990850937759484,0.9984991821509324,0.1915529285649501,1.1897646246616511,1143,341,0.02346041055718475
5.115306713046363,1.764596667309175,6.879903380355538,0.9994185353033156,0.20435367486872502,1.2036533857244667,1144,40,0.05
3.806863340009823,2.2086837735206366,6.0155471135304595,0.9998664186222458,0.304297531220999,1.304123301359777,1145,718,0.0
4.214007361334025,2.5801187588632724,6.794126120197298,0.9997900153398309,0.21425695596406502,1.214001980629809,1146,476,0.06722689075630252
4.241048057161312,2.0092808111025464,6.250328868263859,0.999857387801939,0.2771488573920007,1.276966720386197,1147,204,0.004901960784313725
2.722683626569735,3.3375031266367627,6.060186753206498,0.9993108809397386,0.2991719727715787,1.2982766886025845,1148,2779,0.029507016912558474
2.314284817742331,2.813441421096503,5.127726238838834,0.9995003203558102,0.40701225975806565,1.406309204372739,1149,2095,0.0801909307875895
2.7058139562082366,2.0623088937285137,4.76812284993675,0.9998755702096451,0.4485732390672472,1.4483929934027964,1150,231,0.0
3.1970550041093886,1.4884107390629633,4.685465743172352,0.9998778213415969,0.45813041624354867,1.4579522638255153,1151,36,0.19444444444444445
2.7645641437574158,2.0150306916890095,4.779594835446425,0.9999232508660141,0.44723387134140824,1.4471227973951077,1152,132,0.0
2.510284375439556,2.0297428105422273,4.540027185981783,0.9997456443668348,0.474960060497133,1.4745848960970518,1153,404,0.0024752475247524753
2.593572645459156,1.9770925767957341,4.57066522225489,0.9997275226135682,0.4714238002046732,1.47102287049326,1154,246,0.0
2.0950220914894913,1.9499829525883334,4.045005044077825,0.9997982633773994,0.5322108741921987,1.531901771145327,1155,206,0.043689320388349516
2.703366986293702,2.5677708691822647,5.271137855475967,0.9996787940515639,0.3904091916633926,1.38996258396027,1156,1602,0.033707865168539325
2.7947189618099095,2.470375346377562,5.2650943081874715,0.9993043178714576,0.3911352234993357,1.3901674355859615,1157,726,0.0
2.7394871925013775,1.4651504702424858,4.204637662743863,0.9999451937363981,0.5137322941452136,1.513649332134078,1158,21,0.047619047619047616
2.5397798577080843,2.0466480391277226,4.586427896835807,0.9998820917746575,0.4695782475208644,1.4694049721576974,1159,44,0.2727272727272727
2.546525314776051,2.158359553603464,4.704884868379515,0.9999378483099084,0.4558782400240019,1.455787754730817,1160,231,0.0
2.35084029418745,2.3616061911441077,4.712446485331558,0.9999214369622638,0.45501184745679046,1.454897537306112,1161,223,0.004484304932735426
2.962775942058214,2.9057387195275344,5.868514661585748,0.9998438215540242,0.3213048081992559,1.321098448867651,1162,712,0.0028089887640449437
3.9547586106994235,2.860960725019728,6.815719335719152,0.9997825396415437,0.21176590635495618,1.211502395306595,1163,935,0.012834224598930482
2.9854691509133167,3.2623654030349485,6.247834553948265,0.9998834948851343,0.2774341139159434,1.2772852863077682,1164,2180,0.007339449541284404
1.4874554097929682,2.0931066726705465,3.5805620824635147,0.9999132983343422,0.5859087295375114,1.585771228609079,1165,314,0.0
2.333225708153699,1.8764358309112774,4.209661539064976,0.9999288120581897,0.5131539001528691,1.5130461818410752,1166,65,0.03076923076923077
3.3113989040475604,1.6535518859993474,4.964950790046908,0.9998266292522109,0.4258087551915206,1.4255615616614288,1169,52,0.019230769230769232
4.652349502771058,1.1973039485799584,5.849653451351016,0.999583885490102,0.3235038755223646,1.3229531463558535,1173,27,0.07407407407407407
2.0146666651590874,1.3095645948737444,3.324231260032832,0.9997708998247783,0.6155780412987548,1.615207912086409,1179,34,0.0
3.8255042033850315,1.7539461105341645,5.579450313919196,0.9996838975502806,0.35475905604320146,1.3543308133868068,1180,48,0.08333333333333333
3.9223947617043478,1.742625155818017,5.665019917522365,0.9997972445287209,0.3448441475560293,1.3445714730470946,1181,83,0.1686746987951807
2.1972748815711323,2.6697955901668284,4.867070471737961,0.9998571293122716,0.4371236774080455,1.4369183545599034,1183,160,0.64375
3.040652835875569,1.6178903631725041,4.658543199048073,0.9996599723592521,0.4612572616541023,1.4607603937948963,1185,32,0.0625
3.5624048731297626,1.2108117218545495,4.773216594984312,0.9998430245754251,0.44797208425449075,1.4477447882217922,1186,31,0.03225806451612903
3.864824205385803,1.95294274183488,5.817766947220683,0.9982741688252972,0.32726511252280277,1.3249744770145155,1189,41,0.7560975609756098
3.5398450842879527,1.8430239324817692,5.382869016769722,0.9988682465798578,0.37753969339199434,1.3759806581326164,1190,59,0.01694915254237288
3.034220796631698,1.3728339461879413,4.407054742819639,0.9992853844492564,0.4903798127348531,1.4893147641441584,1191,52,0.038461538461538464
2.7916945234211705,1.3783624526303506,4.170056976051521,0.9999678892832194,0.5177315043475863,1.5176827689011012,1192,35,0.0
1.6031868811283811,1.2494734001115402,2.8526602812399213,0.9999158712267289,0.6700954489110642,1.6699549458297016,1193,200,0.01
1.6596479853173451,1.959341683826866,3.618989669144211,0.9997868944040694,0.5814731619177793,1.5811361411371605,1194,49,0.5714285714285714
1.8361847529719473,1.7012113546673477,3.537396107639295,0.9996205126860285,0.5909318614502472,1.590328122991434,1195,107,0.028037383177570093
1.1292894313518302,0.9013684624320235,2.0306578937838538,0.9999797143094542,0.7651570015135681,1.7651211940848706,1196,28,0.0
1.0884755735830303,0.8633374820688444,1.9518130556518747,0.9998387791981058,0.7742946960450267,1.7740086428313337,1197,100,0.95
1.0244254175896657,1.2733609439800475,2.297786361569713,0.9997871986897768,0.7342862417975252,1.7339171834129687,1200,105,0.01904761904761905
1.9776318572469387,1.4268477922829235,3.404479649529862,0.9995303305902598,0.6063248873884759,1.605570445726765,1202,45,0.044444444444444446
1.3318169152474892,1.1820464975028728,2.513863412750362,0.9999933891812527,0.7092732625214186,1.7092619628256904,1203,25,0.08
1.2677938596656138,0.9750729094038018,2.2428667690694155,0.9999893407297603,0.7406109383619,1.740592384719526,1205,29,0.034482758620689655
1.3274007154284468,1.4103693819751337,2.7377700974035806,0.9993034861124186,0.6834545224961763,1.682281973042146,1206,144,0.1111111111111111
1.4041484149013883,1.1677041211277144,2.5718525360291027,0.9964147275226172,0.7029593860430026,1.696853812626122,1207,78,0.0641025641025641
2.780133422920164,1.4293603741008019,4.209493797020966,0.9999279311262822,0.5131707410194504,1.5130616885084023,1209,41,0.04878048780487805
3.9970635400782792,1.5710643250396648,5.568127865117944,0.999673154074689,0.3560630267768117,1.3556198031020448,1211,25,0.04
4.235603276264268,1.758663772815824,5.994267049080092,0.9987092088212156,0.3068315028750581,1.3051446562989895,1212,37,0.02702702702702703
3.0707285259720756,1.3751337303662403,4.445862256338316,0.9998376896659082,0.4858120266274504,1.485570863981011,1213,23,0.17391304347826086
3.27346840038375,1.501229426061221,4.774697826444971,0.9998070341971922,0.44782974290223654,1.4475503612735685,1214,36,0.027777777777777776
4.102554283399353,1.7347270978755756,5.837281381274929,0.9997522594659918,0.32493074671766153,1.3246025076669459,1215,108,0.009259259259259259
3.5066491328418303,1.817207047263885,5.323856180105715,0.9998823687684932,0.3843031453221709,1.384140308038408,1216,122,0.08196721311475409
4.114878932580579,2.1348067048222106,6.24968563740279,0.9992910809760158,0.27725395209912396,1.2763484824740219,1217,300,0.07
3.5243792920399013,1.601292129893908,5.125671421933809,0.9982997626754155,0.40732806446957115,1.4049352727664248,1218,27,0.037037037037037035
4.247675891852037,1.692003761782999,5.939679653635036,0.9993515028862203,0.31310567930687794,1.3122541340637597,1219,126,0.007936507936507936
3.638967120052678,1.575397065262674,5.214364185315352,0.9996653380707158,0.39697827110062556,1.396510755657251,1220,74,0.02702702702702703
2.8574093017983055,1.7912463822685933,4.648655684066899,0.9990609065628253,0.4624515728973396,1.461078194223046,1221,72,0.013888888888888888
2.2824251945388245,1.5468708397624291,3.8292960343012536,0.9992109280794876,0.557216174876721,1.5559874193189582,1222,129,0.0
2.56924346222591,1.7626816344124485,4.331925096638359,0.9999309734231319,0.49900728420452445,1.4989038128629955,1223,20,0.0
1.299703948031987,0.6170815553246436,1.9167855033566306,0.9998003483132909,0.7783408436132006,1.7779857948642295,1225,40,0.025
1.2968570454738526,1.0240722466372005,2.320929292111053,0.9999229350617209,0.7315886547686554,1.731455209995851,1226,112,0.008928571428571428
0.5038493720946976,0.8757943526416457,1.3796437247363433,0.9999728021652894,0.8404464182343028,1.840396362076826,1227,40,0.0
1.9001630768257385,2.3110817909177426,4.211244867743481,0.9979354539283352,0.5131337737756362,1.5100098393870844,1228,110,0.43636363636363634
2.5718068788580104,1.4711655653387141,4.0429724441967245,0.9999360702347966,0.532414127701288,1.5323161608259097,1233,24,0.4583333333333333
1.8476070546602474,1.6485616175948414,3.496168672255089,0.999937834837741,0.5956644822011903,1.5955652874597432,1234,23,0.17391304347826086
1.5334769225908853,1.3905221690018967,2.923999091592782,0.9999123449236268,0.6618210139052003,1.661675346857308,1235,20,0.35
2.540758382189649,1.312608759118957,3.853367141308606,0.9998937644692156,0.5543663058976122,1.5542011769680717,1236,73,0.1232876712328767
1.8081840593315361,1.2573854217973002,3.0655694811288363,0.9999608756590016,0.6454702821967839,1.6454059042563607,1237,32,0.65625
3.0911713845325335,1.787373946431154,4.8785453309636875,0.9999335079260028,0.4357906670498417,1.4356951983505637,1238,51,0.0392156862745098
1.6251634655406009,1.147626736302068,2.772790201842669,0.9999270371011271,0.6793299435502873,1.6792074147694418,1239,76,0.05263157894736842
1.95212656758628,1.5954267698625193,3.5475533374487993,0.9999720170822315,0.5897211926961016,1.5896767076586915,1243,32,0.03125
1.2339091536793962,0.9796938948852423,2.2136030485646385,0.9999287928774232,0.7440002818905599,1.7438760966487132,1244,54,0.0
1.8712514802597358,1.4551701945002382,3.326421674759974,0.9999132672525952,0.6153058578880019,1.615165757973048,1251,42,0.023809523809523808
2.8948071998168508,2.157906696518984,5.052713896335835,0.9997580782983866,0.41566351716131966,1.415321037434336,1252,282,0.06028368794326241
1.7774421530180156,1.3126383373699684,3.090080490387984,0.9998744833094773,0.6426436743649903,1.6424374951672758,1255,36,0.027777777777777776
1.0076686799843346,1.1961074340002604,2.203776113984595,0.9999814242977301,0.7451395904692726,1.7451071732758205,1258,56,0.07142857142857142
2.289014480496336,1.9136445682913923,4.202659048787728,0.9999656139274575,0.5139603774597696,1.5139083183084039,1260,43,0.6744186046511628
0.8512498841908978,1.1049035039163906,1.9561533881072883,0.9999624239057027,0.7737727064189416,1.7737060549684631,1263,151,0.0
1.5408381824561177,1.5488708956717647,3.0897090781278824,0.9999545403391282,0.642674223487514,1.6425995480743913,1264,480,0.010416666666666666
3.4117534128973857,1.8635018586053915,5.275255271502777,0.999919672332035,0.3899144001945647,1.389802751612126,1265,336,0.008928571428571428
4.192024851855975,1.9681631055905235,6.160187957446499,0.9999303118741989,0.28756407866991973,1.2874743507424284,1266,109,0.009174311926605505
2.313894570274446,1.2978301250214321,3.611724695295878,0.9999241695480741,0.5822980588891962,1.582178072512309,1267,82,0.012195121951219513
3.144709480506261,2.5820898922933297,5.726799372799591,0.9996717836660616,0.3377108663070951,1.3372718077506862,1268,518,0.0
2.869986555553521,2.4334134575571293,5.30340001311065,0.9996204717880486,0.3866838929842268,1.3861576073257806,1269,505,0.0
4.642826304616947,1.8072976521815685,6.450123956798516,0.9993487305450571,0.25407627979456515,1.2532595382193665,1270,168,0.005952380952380952
2.6388539621853226,2.4332546944752558,5.072108656660578,0.9983457081870466,0.41352367173344895,1.4111852910958844,1271,1369,0.005843681519357195
1.4429253587349549,1.4334652733133058,2.8763906320482606,0.9997036460836364,0.6673679743730144,1.6668738433437897,1272,32,0.0
2.5640201415600212,2.6326228034995096,5.196642945059531,0.9989352821434028,0.3990800324700273,1.3975904069766478,1273,1204,0.6470099667774086
2.805577620072935,2.938633850217332,5.744211470290267,0.9964193091640994,0.33585257361727916,1.3310692985488135,1274,1093,0.7438243366880146
0.7285569607483042,1.1672133760041872,1.8957703367524914,0.9992539928287729,0.7808413690205445,1.7795128485884373,1275,74,0.02702702702702703
0.8253895434594398,0.9345017780977092,1.759891321557149,0.9999581500987298,0.7964670517851362,1.7963918698163839,1276,97,0.010309278350515464
0.6560009062780792,0.7816367995287561,1.4376377058068353,0.9999996240822233,0.8337386837049796,1.8337379943700105,1277,21,0.09523809523809523
1.3137250128602322,1.444106183665967,2.7578311965261992,0.9996759373552395,0.6810850867060964,1.680540309826831,1278,174,0.040229885057471264
1.5931730011007101,1.4191144448601756,3.0122874459608857,0.9999631890980842,0.6516332230329752,1.6515724249244013,1279,218,0.013761467889908258
1.8849590332037423,1.6761443846682518,3.561103417871994,0.999961914036621,0.5881539912174172,1.5880935048426674,1280,141,0.014184397163120567
1.718720064657527,1.2874192398803344,3.0061393045378613,0.9998814000598496,0.6523376264894665,1.6521416593458564,1281,72,0.0
1.6133219266722467,1.7595206951110798,3.3728426217833265,0.999949266860793,0.6099260033043067,1.609844326704268,1282,103,0.009708737864077669
1.1458243984985852,1.3604611658434365,2.5062855643420217,0.9993147108673821,0.7102252625883048,1.7090532638015246,1283,412,0.014563106796116505
1.2136494778940987,1.2340319910304398,2.4476814689245385,0.9999132280541269,0.7169305237349888,1.7167815423325155,1284,105,0.01904761904761905
1.4456332234164901,1.4290256641577126,2.8746588875742027,0.9997608165154466,0.6675647168850735,1.6671658629453705,1285,161,0.031055900621118012
1.7936595310643333,1.4035260138791283,3.1971855449434616,0.9998823246893617,0.6302487844834611,1.6300569444513293,1286,52,0.019230769230769232
1.387964217776909,1.5304007950418146,2.9183650128187235,0.9998886066826038,0.6624942849067587,1.6623090941532106,1287,419,0.06205250596658711
1.2080731221070309,1.5226049722004817,2.7306780943075126,0.9999175640496115,0.6842024423664985,1.6840636035375154,1288,453,0.026490066225165563
1.68335536360419,1.4943267158710372,3.177682079475227,0.9998589933536075,0.6325082180442947,1.63227802353526,1289,240,0.1375
1.3053815616003601,2.120688833010831,3.426070394611191,0.9997434270015509,0.6037971828341068,1.6033856917820029,1290,1148,0.016550522648083623
1.4740490680188911,2.471208526040286,3.945257594059177,0.9986456190419046,0.5438482564921825,1.5417572978114007,1291,1196,0.014214046822742474
1.899830919782523,2.5296809103768414,4.429511830159364,0.984022179680426,0.4885937250702298,1.4648092420022123,1292,663,0.6515837104072398
2.1501902941037025,2.016196829472107,4.166387123575809,0.9997759662903125,0.5181746727886574,1.5178345504847588,1293,234,0.01282051282051282
1.6391771033587066,1.7874604217658412,3.426637525124548,0.9999221334647387,0.6037131983690669,1.603588322778757,1294,129,0.015503875968992248
2.223857391470889,2.1785733097671023,4.402430701237991,0.9998876187607971,0.4908668617490186,1.4906993162836089,1295,182,0.0670391061452514
1.3790012962382718,1.5818038582715528,2.9608051545098246,0.9999427972739274,0.6575839410263262,1.6574891227062054,1296,295,0.0
1.1272930539519133,1.144061258373194,2.271354312325107,0.9999658980959325,0.7373165162236164,1.7372572704224454,1297,55,0.01818181818181818
2.0007303824902998,1.5399691699221374,3.540699552412437,0.999596225172003,0.5905510892878236,1.589908864795326,1298,277,0.19133574007220217
1.4676365078612574,1.6492033459531708,3.116839853814428,0.9999391646142582,0.63953609943742,1.6394363576263733,1299,294,0.003401360544217687
0.7245537491504132,1.3901262665896938,2.114680015740107,0.9984309290816313,0.7556287737279859,1.752874067675678,1300,583,0.008576329331046312
0.8147965715378361,1.399043886491203,2.213840458029039,0.9997990721527651,0.7439901534772562,1.7436397372901191,1301,339,0.014749262536873156
1.6157522696229354,1.6637618281709694,3.279514097793905,0.9995472768493893,0.6207684243555472,1.6200346649680626,1302,589,0.010186757215619695
2.21651121368056,2.5331733341116607,4.749684547792221,0.999106921404445,0.4507645585094121,1.4494689117350177,1303,489,0.0081799591002045
4.537055550945887,1.549082058743413,6.0861376096893,0.9994823286328139,0.2961610095183048,1.2954900240764142,1304,38,0.0
1.9371247815214436,2.016930176681636,3.9540549582030793,0.9987875478868565,0.5428138379582477,1.5409432500602283,1306,122,0.3114754098360656
4.103175815728521,1.9728853595675915,6.076061175296113,0.9986983117601973,0.29736474021826464,1.2956759757931877,1307,71,0.04225352112676056
3.18898059495433,1.9645503547275682,5.153530949681898,0.9996947750477162,0.40400944621955626,1.4035809075033279,1308,91,0.08791208791208792
2.7113437648292584,2.074020427848606,4.785364192677864,0.9989393472917572,0.44664737596845294,1.4451129855112597,1309,215,0.009302325581395349
4.135522726296988,1.9646052291760787,6.1001279554730665,0.9991672531356794,0.29456463050660997,1.2934865858698954,1310,188,0.10638297872340426
3.6889109762543812,2.337658265876766,6.026569242131147,0.9999106021210409,0.3030205249827801,1.3029040377116066,1311,197,0.7563451776649747
4.3773512954313825,1.8209266442877832,6.198277939719166,0.9996554569030529,0.2831732487804457,1.2827311402953911,1312,104,0.11538461538461539
2.751241901815938,1.6194817703561015,4.37072367217204,0.9999502083949738,0.4945186556500354,1.494444241167429,1313,29,0.034482758620689655
1.7477539017240236,1.5008583177712327,3.2486122194952562,0.9998746559162789,0.6243021615699449,1.6240985649038167,1314,53,0.6792452830188679
2.7359065430820966,1.5091070584865598,4.245013601568656,0.999710854620947,0.5090887628004156,1.508652416758071,1315,35,0.17142857142857143
3.329128600360318,1.7582592313283416,5.08738783168866,0.9993596147083048,0.4116961207824641,1.410792091350372,1316,52,0.07692307692307693
3.057539038896014,1.917948429115103,4.975487468011117,0.9976068435338338,0.4247371633867498,1.4213275444316036,1317,40,0.125
2.1428773294289214,1.4541451635237372,3.5970224929526586,0.9998215709007408,0.5840166710218146,1.5837340363539925,1319,24,0.125
2.6490887500729157,1.9762150686236044,4.62530381869652,0.9986176195352907,0.4651899588758259,1.4631645088995877,1320,80,0.3125
2.0772099682519203,1.682299155377113,3.7595091236290332,0.9997451644226738,0.5652221755854672,1.564823301288708,1321,34,0.14705882352941177
3.1554089484246237,1.8664122754514283,5.021821223876052,0.9997035123895495,0.4192524711350024,1.4188316803612095,1322,61,0.5737704918032787
1.232443297907863,0.9800654377773392,2.2125087356852022,0.9999633817590288,0.744114863906031,1.744050997487663,1323,31,0.03225806451612903
1.5958813742323164,1.3880462232890693,2.9839275975213857,0.9981304045894588,0.6551086102588219,1.6520142267971347,1324,164,0.06097560975609756
1.3620974484415587,0.8753297986883204,2.237427247129879,0.9999441635456539,0.7412432070684369,1.7411459822216,1326,21,0.047619047619047616
1.9157575540454461,1.2029922093331042,3.1187497633785504,0.9999199900770475,0.6393152427335621,1.6391840812472962,1330,36,0.027777777777777776
2.815264758614112,1.8920966161846264,4.707361374798738,0.999936746650234,0.45558648154595616,1.4554944108251244,1336,56,0.03571428571428571
1.6170555166948808,2.451482230524331,4.068537747219212,0.999826792898608,0.529477235080285,1.5292123187617517,1337,193,0.32642487046632124
1.6894544932494977,1.6013629722651466,3.2908174655146443,0.9999348668912053,0.6194190765285331,1.6193135987296374,1338,46,0.0
2.0328651832011064,1.7416185038833523,3.7744836870844587,0.9999457574407878,0.5634797823948599,1.5633949752501863,1339,27,0.4074074074074074
2.37154042754003,1.727214538252292,4.098754965792322,0.9999396748393072,0.5259966850536268,1.5259046290583842,1340,34,0.11764705882352941
3.217013461758971,2.0175742783072055,5.234587740066177,0.9998548723060128,0.39460469118462604,1.3944022954217705,1341,37,0.10810810810810811
3.639326624401645,1.4624225701912654,5.1017491945929105,0.999798369114465,0.40998566922329227,1.4097013725642151,1343,21,0.0
2.878585395045898,1.6391080995572458,4.517693494603144,0.9998068671767373,0.47753193673425265,1.4772465768198504,1347,22,0.18181818181818182
1.4783347684687502,1.373713672301073,2.8520484407698232,0.9999717313610372,0.6701577802424951,1.6701105671551946,1348,23,0.043478260869565216
2.4151195425224152,1.1037834858246556,3.518903028347071,0.9999437014109057,0.5930378004154425,1.5929481146349054,1351,27,0.3333333333333333
2.428799302266765,2.1057198194754694,4.5345191217422345,0.9998756132877389,0.47558101879102865,1.4753974761194264,1354,33,0.30303030303030304
2.609258927776663,1.4604722030525519,4.069731130829215,0.9997805715444777,0.5293544412132742,1.5290188573302927,1355,54,0.0
4.3117377138965525,2.229127005725408,6.54086471962196,0.9986332525902655,0.2436048696840114,1.2419051759496376,1358,272,0.011029411764705883
3.4094693801252736,2.2859544240526275,5.695423804177901,0.9996798838185905,0.3413524407975166,1.3409230521762443,1359,68,0.029411764705882353
3.6320999448792834,1.7766454565080627,5.408745401387346,0.9982619692432562,0.37458108142790014,1.3721920172307402,1363,35,0.5142857142857142
3.5916197087138197,1.5538012412781725,5.145420949991992,0.9998210403703429,0.404934282308109,1.4046828557892546,1364,134,0.014925373134328358
2.0252341536196106,2.057389318581434,4.082623472201044,0.9998246717913621,0.5278582973525092,1.527590420694182,1365,115,0.5565217391304348
2.9330162161179265,1.2501541952188955,4.183170411336822,0.9997554787954422,0.5162310228598668,1.5158602722237693,1366,56,0.125
4.567125814964211,1.640133043434414,6.207258858398625,0.9994069893741131,0.2821498812815397,1.2813895527779602,1368,42,0.023809523809523808
3.0845893263328175,1.7488256412592862,4.833414967592104,0.9998018365019654,0.4410276057860184,1.4407420467148915,1369,59,0.23728813559322035
2.5006037217287416,1.2556229754626878,3.7562266971914293,0.9998612924086272,0.5656060827071142,1.5653889212583434,1370,33,0.06060606060606061
3.347868921156381,1.4936555512028709,4.841524472359252,0.9998563717568947,0.44008922940966844,1.4398823919237334,1371,39,0.0
2.047522156985666,2.350121602102419,4.397643759088085,0.9994861258676792,0.4914506247343241,1.4906842068386394,1374,533,0.21388367729831145
4.491038480497074,2.0501495141790516,6.541187994676125,0.9999386228986322,0.24349352064121343,1.2434171986133469,1375,28,0.2857142857142857
3.1773129009239556,2.4135287327864514,5.590841633710407,0.9992689579183271,0.3534490543670602,1.3524596261529176,1376,68,0.27941176470588236
4.390835559364476,1.1614201388152665,5.552255698179742,0.9994381320601621,0.3579141026055698,1.3571511342062619,1377,29,0.0
5.243394565423127,1.8981682112361629,7.14156277665929,0.996012446182186,0.17414929389331413,1.1694673103937663,1378,57,0.08771929824561403
2.6059934433106573,1.8572080467479086,4.463201490058566,0.9997969787694023,0.48383786214365043,1.4835366115548707,1379,52,0.038461538461538464
2.3686099031003574,1.5261923019530053,3.8948022050533626,0.9998680661113574,0.5495612178009388,1.5493567781637845,1380,26,0.0
3.343268528812311,1.3612975711867352,4.704566099999046,0.9999063703760358,0.4559355037770594,1.4557991850833245,1381,25,0.04
3.2592672194209533,1.8247808361008073,5.084048055521761,0.9992519477522435,0.41208380933288735,1.4110274968652954,1382,66,0.045454545454545456
2.755233179131035,1.2651799546887679,4.020413133819803,0.9999919730865829,0.5350381253215756,1.5350258037034519,1384,64,0.0
3.203940593851036,1.8196207578665708,5.023561351717607,0.9999307112162588,0.4190432409966339,1.418944917216389,1386,21,0.14285714285714285
3.0097782218313136,1.0308702250079924,4.040648446839306,0.9999762148104072,0.5326934940942516,1.532657038688907,1388,24,0.0
2.7016112675786426,1.635480807427185,4.3370920750058275,0.999967356440884,0.498412754262895,1.498363840737571,1389,117,0.008547008547008548
2.194485625806697,1.9004417432993237,4.094927369106021,0.9998922336832312,0.5264270360418464,1.5262625386223558,1390,32,0.0625
2.8089881537550068,1.6881386975236814,4.497126851278688,0.9999078455925903,0.4799065233028845,1.4797701433942079,1392,31,0.03225806451612903
2.2946188968530774,1.6204385050456112,3.9150574018986886,0.9996417492574631,0.5472520830391077,1.546697778831467,1394,42,0.07142857142857142
2.1645695099071505,1.9560238016981932,4.120593311605344,0.9998974791119415,0.5234465461974239,1.523290361104598,1395,63,0.07936507936507936
2.9376400451506637,1.397462747270584,4.335102792421248,0.9998487794397706,0.49865590450141384,1.498429276915944,1398,25,0.08
2.685859848507746,2.223921766135597,4.909781614643343,0.9999131478486503,0.4321763763767096,1.4320519887773089,1399,79,0.0759493670886076
2.9362130066719105,1.7381586262710762,4.674371632942987,0.9992038881840541,0.45946260133085437,1.4583007059090038,1400,64,0.03125
2.491830863331312,1.766197034200402,4.258027897531714,0.9998951009883039,0.5075605011583102,1.5074023595516666,1402,54,0.2037037037037037
2.6858606106404896,1.8016116456580176,4.487472256298507,0.9954778294573813,0.4813454383463134,1.474646541641581,1403,136,0.08088235294117647
2.941660639411723,1.5619610245889066,4.5036216640006295,0.9996416208100252,0.47917752060143237,1.4786474141597703,1404,26,0.038461538461538464
2.4468530113479012,1.7952649559679505,4.242117967315852,0.9995437156421783,0.5094378317391194,1.5087490988673924,1405,173,0.046242774566473986
3.1009199047841225,1.9334259038635269,5.034345808647649,0.9989632027994435,0.4178537498170203,1.4163837230184115,1406,80,0.0125
3.0972972304827264,1.544506748287355,4.641803978770081,0.9988745858725967,0.46325731075661336,1.4616105403070616,1408,33,0.030303030303030304
2.2364710793658955,1.7051005318192254,3.941571611185121,0.9997350472254679,0.5441821491128733,1.543773013768083,1409,78,0.02564102564102564
2.3589786992156667,1.8949046737652524,4.253883372980919,0.9994699858049007,0.5080743266707788,1.5072750258703784,1411,34,0.08823529411764706
2.327788689014803,1.6910787721513088,4.018867461166112,0.9997298465481395,0.5352457087016244,1.5348309567739644,1413,23,0.17391304347826086
2.643979549561815,1.6294973531557404,4.273476902717555,0.9997667118338456,0.505789508525468,1.5054382256524095,1416,28,0.03571428571428571
3.1267385470132023,1.700044394208053,4.826782941221255,0.9998588342711872,0.4417881556897735,1.4415846246139818,1417,32,0.0
2.745440239535334,1.8065136199579124,4.5519538594932465,0.9973991887564808,0.4737606832459125,1.46992770989067,1418,98,0.01020408163265306
2.0949513163054543,1.5012420167462066,3.596193333051661,0.9998960726142166,0.5841083279545941,1.5839436957172721,1419,50,0.02
2.207553509852999,1.6261764233897047,3.8337299332427035,0.999244432046043,0.5566857457284846,1.5555095638646304,1420,49,0.0
3.241588256219957,1.9143288521041435,5.1559171083241,0.9991520153718108,0.40377847781601384,1.402588095245443,1423,37,0.5135135135135135
2.044758253502686,1.8030186418066383,3.847776895309324,0.9997449375044811,0.5550264296945333,1.5546298007727777,1424,67,0.05970149253731343
2.8354532786560407,2.2372162888687646,5.072669567524805,0.9998049496708887,0.41335448951998444,1.4130788142616526,1426,123,0.024390243902439025
2.3502020348775337,1.6722622923556663,4.0224643272332,0.9989969144605787,0.5348917753947431,1.5333521476502678,1427,81,0.0
2.206349341036126,1.7904935394601473,3.9968428804962732,0.9986945311417615,0.5378766079314732,1.5358689579120053,1429,207,0.033816425120772944
2.3472618703567147,1.652906354303672,4.000168224660387,0.999834581197619,0.5373794966562581,1.537125185181116,1431,33,0.09090909090909091
1.9624028014120727,1.53136901235901,3.4937718137710827,0.9999808735375557,0.5959427086454949,1.5959121839072148,1432,64,0.015625
2.891089748897709,1.9186816686747754,4.809771417572485,0.9996952435460105,0.44376800028325336,1.4433280026671036,1436,123,0.0
3.032355514647857,1.7097774856932362,4.742133000341093,0.9997249594134376,0.45158599497537744,1.4511867499118738,1437,75,0.0
2.1209384562597755,2.3393265884740506,4.460265044733826,0.9989297776667316,0.4842525470719855,1.4826640668478985,1439,450,0.017777777777777778
2.604940102102325,2.277944000296242,4.882884102398567,0.9998941749401784,0.4352966738893411,1.435144783532965,1440,257,0.20622568093385213
2.64972906176864,1.8861444010628534,4.535873462831494,0.9999713213422108,0.4754201394395934,1.475377826370319,1441,124,0.008064516129032258
2.9461953895816824,1.572043325672293,4.518238715253975,0.9999662473730602,0.4774573163612683,1.4774074482956496,1442,44,0.0
2.48434205885411,2.1785103608615275,4.662852419715637,0.9997967302825408,0.46075344355691794,1.4604565166171686,1443,419,0.057279236276849645
2.027685324706379,2.143478356398578,4.171163681104957,0.9999133891904308,0.517606122586387,1.5174746814915028,1444,206,0.27184466019417475
3.294167027566096,2.005213520673725,5.299380548239821,0.99986615157841,0.3871248307711799,1.3869391663020327,1445,217,0.004608294930875576
2.457712895632124,2.4897568470556894,4.947469742687813,0.9999014371254776,0.4278274658788288,1.4276867350994698,1447,353,0.0821529745042493
2.2384917097955457,1.8717105412081025,4.110202251003648,0.9989910359696996,0.5247276931145504,1.523189297716195,1448,62,0.016129032258064516
3.0044173208361653,1.6018619553321574,4.606279276168323,0.9997368114186354,0.4673032825098442,1.4669171050404888,1452,156,0.00641025641025641
3.1855078703114663,2.148417033604581,5.3339249039160475,0.9997044831646478,0.3831418637627073,1.382733122056285,1453,242,0.0
3.3684802163108523,1.8978283309823722,5.2663085472932245,0.9999203469055598,0.3909450300656584,1.3908342369898175,1454,90,0.011111111111111112
3.5403986207206875,1.6667849493158848,5.207183570036572,0.9999237189452908,0.3977797717962145,1.3976731476809707,1457,31,0.0
2.7629725814335018,1.9226267438343765,4.685599325267878,0.9998467695104626,0.45811801694306065,1.4578945888055213,1458,26,0.23076923076923078
2.170083587123477,1.9070044191194935,4.07708800624297,0.9997453114782775,0.5284984581609644,1.5281091671482003,1459,141,0.7872340425531915
3.1555592326043587,1.8343153215369097,4.989874554141268,0.9984769330886634,0.42301266064993615,1.4208453171520872,1462,20,0.15
3.0903825752748,2.085415975413744,5.175798550688544,0.9987149398644943,0.40150555082368944,1.399704531910636,1463,51,0.7254901960784313
3.5806292320670097,2.1378924585800596,5.718521690647069,0.9994771875284709,0.33866657000469436,1.337966698426677,1464,58,0.4827586206896552
3.3142238775601074,2.59878191622951,5.913005793789617,0.9993958664582725,0.3161925794817184,1.3153974233970807,1465,228,0.35964912280701755
3.6338422369515166,1.9577618714521154,5.591604108403632,0.9998361533283597,0.3533305819194943,1.3531088432080178,1466,71,0.014084507042253521
3.507761497466552,1.8974423665877023,5.405203864054254,0.9998474372458573,0.37488359546204864,1.3746738394340994,1467,41,0.12195121951219512
3.654627533553632,1.8531425423411898,5.507770075894822,0.9999153241881117,0.36302251512954276,1.362907100091452,1468,76,0.0
3.4600809809046345,2.472419455644455,5.932500436549089,0.9992929265536894,0.3139440368886198,1.3130149819501977,1469,702,0.009971509971509971
3.151236381249656,1.8295855292722067,4.980821910521863,0.9999122422728937,0.42396483683151287,1.4238398729139532,1470,30,0.4
2.8557378569696503,1.481180248258184,4.336918105227834,0.999922719421003,0.4984273975005661,1.4983115981637023,1471,29,0.0
3.422831178719683,1.9124695411708412,5.335300719890524,0.9998159894395087,0.3829805542360246,1.382726071209091,1472,56,0.21428571428571427
3.1842044177056534,1.6722972853319984,4.856501703037652,0.9999616259302688,0.43834374718858404,1.4382885520853321,1473,26,0.07692307692307693
3.0728148446027927,2.2471127782852327,5.3199276228880255,0.9993244099972135,0.3847903900507066,1.3838548395072334,1474,56,0.26785714285714285
5.001513291656889,1.7321600025684747,6.733673294225364,0.9997053384470961,0.22125871336281921,1.2208988553738422,1475,64,0.84375
3.671978116858348,1.8438440291928186,5.515822146051167,0.99935650773998,0.3621309517759663,1.3612544310513648,1476,26,0.11538461538461539
3.4568174520325887,2.185115680035264,5.6419331320678525,0.9995195675357074,0.3475403801119329,1.3468929779663819,1477,47,0.0851063829787234
3.295994657328159,1.9169053417935191,5.212899999121678,0.9935355584927696,0.3974615442124082,1.3884277358012433,1479,45,0.044444444444444446
2.8538331816496654,1.8115029335903166,4.665336115239982,0.9999485481692184,0.4604465683218367,1.4603714256721378,1480,37,0.16216216216216217
2.0771523487923274,1.6708397212802533,3.7479920700725806,0.9996355171812359,0.5665736277113746,1.5660026385397448,1481,167,0.023952095808383235
2.5748207493383015,1.685313312442723,4.260134061781025,0.9997719723168146,0.5073264487729403,1.5069827366150226,1482,211,0.04265402843601896
2.3893764998653237,1.6199283278768482,4.009304827742172,0.999870941634131,0.5363236144251794,1.5361253390100558,1483,41,0.21951219512195122
1.997966233343025,1.7251807522160656,3.7231469855590906,0.9999060257552123,0.5694275709347124,1.5692800851639848,1484,66,0.030303030303030304
2.972996448801341,1.9795898293270247,4.952586278128366,0.9996469579948284,0.4272571724850609,1.4267532907509912,1485,118,0.0
3.7826899167428785,1.481278933398655,5.263968850141533,0.9998491653093136,0.3912251409395576,1.3910152959257487,1486,28,0.0
3.2141228450276604,1.8952899157157481,5.1094127607434086,0.9990547044875049,0.40916403305857807,1.4078319566217583,1490,86,0.046511627906976744
2.779599054850197,1.9218728981037585,4.7014719529539555,0.9997648201473588,0.4562873834493214,1.4559448939970785,1491,38,0.05263157894736842
2.7997521280053097,1.5821093513762858,4.3818614793815955,0.9994089922607328,0.49328375140721703,1.4924012091532133,1492,37,0.02702702702702703
2.749796812562597,1.5194288808727712,4.269225693435368,0.9999328021093378,0.5062607749655681,1.506159557418703,1494,36,0.05555555555555555
3.001489161844233,1.9474604074556514,4.948949569299884,0.999906394701168,0.42765464914556395,1.4275210131055018,1495,49,0.061224489795918366
3.4026481527439945,1.8720981928244491,5.274746345568444,0.9997469093140194,0.3899894613953673,1.389637668009077,1496,26,0.038461538461538464
2.62891019514454,2.0491796621824125,4.6780898573269525,0.9930667554552733,0.459408219595116,1.4492897855180789,1497,241,0.024896265560165973
2.977959066449961,2.1949711522013806,5.1729302186513415,0.9794624917456821,0.4023835459362074,1.373582082285823,1498,524,0.7938931297709924
2.3931935641877438,1.9028344562962873,4.296028020484031,0.9844770676922163,0.5040654661468991,1.4807179597294255,1499,376,0.0026595744680851063
2.4185539533568714,1.835962995880133,4.254516949237004,0.9805450355133072,0.5090338805475172,1.479675679992249,1501,617,0.006482982171799027
1.9860148027681053,2.458420899767197,4.444435702535302,0.9940727700510055,0.4864071350685868,1.4775968581812091,1502,464,0.7693965517241379
1.7749078789220838,1.744717034307798,3.519624913229882,0.9972481291846225,0.5932036530939293,1.5888193624580271,1503,32,0.09375
2.7888011253117253,1.7981108837438318,4.586912009055557,0.9999114983060745,0.4695261638720095,1.4693961083172389,1505,58,0.10344827586206896
2.663612356483908,1.6329267447341849,4.296539101218093,0.9999432993337731,0.5030999429417802,1.5030147161736098,1506,114,0.0
2.863303814047496,1.8079350483230017,4.6712388623704975,0.9998526295228047,0.4597774738475343,1.4595623457446145,1507,377,0.03978779840848806
2.529688822492673,2.297296322953779,4.826985145446452,0.9998556561661045,0.4417628789469342,1.441554769365419,1508,789,0.0012674271229404308
2.1641389026241424,2.0358864672395236,4.200025369863666,0.999939680127998,0.5142607962038352,1.5141694561864307,1509,230,0.013043478260869565
2.7024018105823764,1.7805746454816713,4.482976456064048,0.9999451269822602,0.4815260791280389,1.481444783321217,1510,41,0.0
3.1829891788383797,2.1620333910233773,5.345022569861757,0.9998939085956582,0.3818470937865116,1.3817004916877462,1511,267,0.0149812734082397
3.186863372263084,2.5165321128983145,5.703395485161399,0.9999319358108026,0.3403917877756433,1.3403005550954015,1512,307,0.03257328990228013
3.3487803209424998,2.0084246390370346,5.357204959979534,0.9998145340078892,0.3804438866111921,1.3801878612162084,1513,331,0.0
3.0254710091727013,3.0993616329506075,6.124832642123309,0.9998170206536217,0.29166501615858476,1.2914286681381884,1515,1186,0.00505902192242833
1.231298756961222,1.4562892509582412,2.687588007919463,0.9999136864919852,0.6891825560104536,1.6890367567383668,1516,24,0.041666666666666664
0.9554645521926265,1.4802450789748378,2.435709631167464,0.9999656136233992,0.7183105787732953,1.7182514922986165,1517,166,0.06626506024096386
1.0162796397070373,1.0222800946343897,2.038559734341427,0.9999366574480453,0.7642432048536014,1.7641314531867374,1518,53,0.05660377358490566
1.0569080702456182,1.0115006370626825,2.0684087073083006,0.9999083409395892,0.7607952227443149,1.7606338299086224,1521,81,0.0
1.4534319439158412,0.9979528864266074,2.4513848303424486,0.999901611857825,0.7165043518838475,1.7163354682096303,1522,32,0.0
1.5872750583848372,1.4067404337020657,2.994015492086903,0.9999023760708754,0.6537451647702934,1.6535837196695378,1523,41,0.3902439024390244
0.8411337530916942,1.1356499305484398,1.976783683640134,0.9999256852688807,0.7713935393680009,1.7712618987334163,1524,26,0.038461538461538464
1.330228086186795,0.9013230522352771,2.231551138422072,0.9996118838859844,0.7419620672445748,1.7412859836962733,1525,37,0.10810810810810811
1.221900264280025,1.0159027398515723,2.2378030041315973,0.9999038442381349,0.7412071685156781,1.7410397414138246,1526,121,0.01652892561983471
2.2679055097205536,1.6753503603507154,3.943255870071269,0.9994555473988282,0.5440033214539495,1.543162684829366,1527,78,0.4358974358974359
0.7583576727900474,0.9231121593191549,1.6814698321092023,0.9999639520477588,0.8055369643636042,1.8054718784533432,1531,33,0.09090909090909091
1.831185411764008,1.6615171325407652,3.4927025443047732,0.9998391521380494,0.5960933633563756,1.5958366351514064,1532,24,0.4166666666666667
0.7629816098615518,1.1833250830714637,1.9463066929330155,0.9999820025995353,0.7749069617024525,1.774875017991075,1533,24,0.4166666666666667
0.8262089615392099,0.9455115864595143,1.7717205479987241,0.9999607135997319,0.795100682102305,1.7950301590583866,1534,76,0.039473684210526314
1.0015357215799823,0.7764642506374353,1.7779999722174176,0.9999862774971344,0.7943723152362883,1.7943476919570505,1535,127,0.08661417322834646
1.1854451965189936,1.0800322210613835,2.265477417580377,0.9999678760229413,0.7379951207222449,1.7379392894068588,1536,168,0.03571428571428571
0.4990016479351969,0.6173748370512966,1.1163764849864934,1.0000057330838457,0.8708898948682846,1.8709006208369179,1537,37,0.1891891891891892
1.1452481416157267,1.1856642458504938,2.3309123874662205,0.9965362386598964,0.7308295618985037,1.724834381375691,1538,83,0.060240963855421686
1.268110876567207,1.1296132764235813,2.3977241529907882,0.9998504187095025,0.7227216314793189,1.7224639445545145,1539,21,0.0
1.3688765234171236,1.15881402862804,2.5276905520451636,0.9999672136027453,0.7076707443816139,1.7076147560102084,1540,186,0.7741935483870968
1.5482000237911153,1.2285879076508133,2.7767879314419286,0.9995524059735185,0.6789130965615655,1.678161625088563,1541,27,0.07407407407407407
1.83500726946678,1.6404107544601616,3.4754180239269417,0.9999623315868533,0.5980660217629721,1.5980058251518288,1543,29,0.4482758620689655
0.40302343667019747,0.8244755697778152,1.2274990064480127,0.999980179176407,0.8580375781967398,1.8580007503616733,1544,27,0.0
0.4379750090582392,0.8536414310418654,1.2916164401001047,1.0000129893873897,0.8506240677619934,1.8506481062349223,1545,38,0.15789473684210525
0.12570049986084944,0.7839896526321891,0.9096901524930385,0.9999905169991617,0.8947930213385263,1.8947750530147167,1546,27,0.037037037037037035
0.9064992049592512,1.2636063043334405,2.1701055092926915,0.9999679853251144,0.7490289331168518,1.7489729385241928,1547,82,0.3902439024390244
0.9779878632812601,1.2269589108073546,2.2049467740886146,0.9998429161318089,0.7450114868884044,1.744737373734006,1548,223,0.02242152466367713
1.7076873707846134,1.9091301432070076,3.616817513991621,0.9999352514792736,0.5817118096455269,1.581609396145637,1549,75,0.4
1.1626959921164115,1.2679936942378989,2.4306896863543104,0.9999832848697916,0.718888034246252,1.718859302808946,1550,20,0.0
0.9702581793696068,1.1053869652271524,2.075645144596759,0.9999294437512706,0.7599562326396405,1.7598320567299375,1553,347,0.0345821325648415
0.9278717288595176,0.9412714350570158,1.8691431639165335,0.9999792143415001,0.7838305432966481,1.7837934652041534,1554,173,0.028901734104046242
1.1971242200015537,1.1708101366211154,2.367934356622669,0.9999459324635538,0.7261513481914232,1.7260580194404933,1555,213,0.023474178403755867
1.533970903640289,1.4808465431913123,3.0148174468316014,0.9999516637659851,0.6513334253132583,1.6512536060743757,1556,183,0.03278688524590164
2.3031831295180507,1.7776894214298546,4.080872550947905,0.9998839015397067,0.5280545757933581,1.5278771710098644,1557,102,0.0
2.9012523942770145,1.714097276014519,4.6153496702915335,0.9999175544899099,0.4662465683554414,1.4661256829091955,1558,30,0.1
2.5007607753472443,1.605416658970673,4.106177434317917,0.9982413258636067,0.5252660279949413,1.5225835820803872,1559,236,0.025423728813559324
2.9292193243578954,1.7639649267313549,4.69318425108925,0.9997332514017103,0.45725015900714205,1.4568614395698694,1560,158,0.03164556962025317
2.839876977164196,1.8356447540273821,4.675521731191578,0.999831390455262,0.45928690360246494,1.4590408539020063,1561,116,0.008620689655172414
3.509924103962216,1.6597893672196844,5.1697134711819,0.999934598295853,0.40211902269049105,1.40202732171699,1562,74,0.06756756756756757
2.756374609767279,1.8284400070862135,4.5848146168534925,0.9986135951840439,0.46987089158463646,1.4678330555017098,1563,39,0.10256410256410256
3.196331646881831,1.7173238742686503,4.913655521150481,0.9999171526136992,0.4317304885988359,1.4316118734699683,1564,58,0.10344827586206896
3.0137954688394437,2.083045739759415,5.096841208598859,0.9999196097800638,0.4105483013879493,1.41043490709977,1565,171,0.7660818713450293
3.04073562445275,1.6103409458319367,4.651076570284687,0.9999523638026584,0.462085912333111,1.4620162641200607,1566,27,0.037037037037037035
3.1044734539825307,1.874968124853217,4.979441578835748,0.9996811069853826,0.42413441544133745,1.423680268924377,1567,40,0.6
3.0202347038864046,1.8107093949686615,4.830944098855066,0.9999147911999045,0.4412961947596853,1.4411733836403475,1569,49,0.10204081632653061
2.690663701683827,1.5981073877371403,4.288771089420967,0.9984625515106662,0.5041336958498561,1.5018211677714157,1570,75,0.06666666666666667
2.746159428032915,1.776308200900281,4.522467628933196,0.9999197115300628,0.4769761348111691,1.4768575506571713,1571,48,0.08333333333333333
2.9049880963489256,2.0913142584801,4.996302354829026,0.999952702239777,0.4221806071926879,1.422113341235335,1574,59,0.2542372881355932
2.745153217275914,1.8571726556110244,4.602325872886938,0.9998603051132922,0.46774428782115784,1.4675392514491545,1576,59,0.22033898305084745
3.2128299755936043,1.737934429794417,4.950764405388021,0.9999238504231864,0.4274460298416408,1.4273373304305441,1579,71,0.014084507042253521
2.609704927704689,1.747322953432338,4.357027881137027,0.9928693295909344,0.49659956629771074,1.4859278080560914,1580,64,0.015625
2.8994273661273176,2.1194972729353183,5.018924639062636,0.9964694855181341,0.41977932222421865,1.4147667707660523,1581,296,0.793918918918919
2.7243496825717513,1.8366993880300901,4.561049070601841,0.9975116305456397,0.47269714695207177,1.4690325323560727,1584,62,0.0
2.992884922075668,1.8281922377906565,4.8210771598663245,0.9920824571618951,0.4428889124768266,1.431464777701665,1587,88,0.0
3.171284455845932,2.0197139307186904,5.1909983865646225,0.9715810997718033,0.4002902071236345,1.360495499436867,1588,217,0.0
3.1289672584658894,1.7105474193187509,4.83951467778464,0.9894184441331827,0.440862334197055,1.425615768911356,1589,55,0.0
2.2643787401341497,1.55181086547219,3.81618960560634,0.9905679054352647,0.5593744602294868,1.544666292858769,1590,86,0.0
3.0653689006764324,1.9499024250218087,5.015271325698241,0.9853374914875943,0.4205988311527321,1.3997692886982416,1591,108,0.6666666666666666
2.300519743805024,1.4497877842079179,3.750307528012942,0.9619569764508609,0.5683553322182684,1.508690353381271,1592,436,0.7454128440366973
2.541459594417914,1.3392468138758677,3.880706408293782,0.9943216169793478,0.5516498419585179,1.5428389798419428,1593,61,0.0
2.762769750747644,2.0749997309110553,4.837769481658699,0.996744120076527,0.44072620353758396,1.4360353720162644,1594,39,0.0
2.6609541297964525,1.7958235432598717,4.456777673056324,0.9999139573236959,0.48456555940493573,1.4844378234110556,1595,82,0.04878048780487805
2.6045994332276474,1.660219143007693,4.26481857623534,0.9997787456437541,0.5067915656002484,1.506458181402405,1596,53,0.09433962264150944
3.6810237406837194,1.936830091147022,5.617853831830741,0.9999473416815473,0.3502824069364916,1.350211303335506,1598,31,0.03225806451612903
2.3884262294921332,1.9064580567049316,4.294884286197065,0.9997918238851773,0.5033105294409881,1.5029975760955971,1603,183,0.6557377049180327
1.9696733289705413,1.4694180919889193,3.4390914209594605,0.9998709895066117,0.6022740349925224,1.6020673248287247,1604,103,0.0
1.2064429177965357,1.5650412558373494,2.771484173633885,0.9999517077465802,0.6794745629984447,1.6793934573872362,1605,37,0.0
3.6301934485217893,1.8456311951728108,5.4758246436946,0.9991788502529875,0.3667825746110741,1.365660241445711,1606,30,0.0
2.661876376951617,1.6563255211059706,4.318201898057588,0.9999077035648596,0.5006044342063485,1.5004659337665154,1607,63,0.0
4.1181833175022104,1.2723114281924675,5.390494745694678,0.9998905311413105,0.376583854832086,1.3764331617686072,1608,32,0.0
4.278341654454481,1.6693512789514413,5.947692933405922,0.9996323664580695,0.31215926345069456,1.3116768696930952,1609,80,0.0
4.378474554735517,1.9760191322503822,6.354493686985899,0.9993135286337664,0.26513999019395684,1.2642715078164117,1610,98,0.6632653061224489
4.292119549410355,1.227910912587653,5.520030461998008,0.9999246302074676,0.3616104396908124,1.3615078153944629,1614,27,0.0
3.9349982717145764,1.1715776423121609,5.106575914026737,0.999960178685089,0.4094135435563995,1.4093574188558418,1616,20,0.0
3.7886210714295285,1.276501274894763,5.065122346324292,0.9998998470961893,0.41422647462043094,1.4140848357323517,1618,30,0.16666666666666666
3.8149551152127747,2.623562760974713,6.438517876187488,0.9998715656802688,0.25538080799414264,1.2552195740140644,1620,591,0.0
3.874935198949807,2.664417546495583,6.53935274544539,0.9995836364657278,0.24373464064711414,1.2432167948964374,1621,154,0.06493506493506493
3.7201526332736417,1.1082485562418012,4.828401189515443,0.9998854870031659,0.44159326434991175,1.4414281831849953,1622,25,0.0
4.771340315400202,1.7460529880833953,6.517393303483598,0.9997022093720147,0.24627719298814799,1.2459060633202044,1626,23,0.0
4.411192209903228,1.6304244429771702,6.041616652880398,0.9998301132300478,0.30128426881236725,1.301063197831149,1630,77,0.0
3.903716823706137,2.4825048516207056,6.386221675326842,0.9996211210780133,0.26144994326718385,1.2609720064725385,1634,293,0.0034129692832764505
1.1294115305552501,1.595409054649894,2.724820585205144,0.999316985002768,0.6849523191789647,1.6838014714753446,1635,242,0.07851239669421488
4.259333471143835,1.5212500206490622,5.780583491792897,0.9996421543143821,0.3314884438412017,1.331011976446123,1636,47,0.0
3.723531305187464,2.0048620829821235,5.728393388169588,0.9997823214370478,0.33750432040410794,1.3372131743857,1637,48,0.16666666666666666
4.911043886425832,1.750701631287697,6.661745517713529,0.9988790580833549,0.22960336378597224,1.2282250498346567,1638,26,0.0
3.0799787212334553,2.5176575467643807,5.597636267997836,0.9990856196953504,0.35268508882489114,1.3514482202212763,1639,604,0.0033112582781456954
1.3118679108640068,1.265384716513819,2.577252627377826,0.9998434558769653,0.7019527666494315,1.70168633594613,1640,334,0.0029940119760479044
4.265075972419288,1.9317632920184513,6.196839264437739,0.9997788034965673,0.2833416108656459,1.2830577401886127,1641,223,0.004484304932735426
3.9021998129621727,1.5401766171736533,5.442376430135826,0.999964027568261,0.37057593266759037,1.3705266297184093,1642,111,0.018018018018018018
4.446715358012115,1.7068119202174756,6.153527278229591,0.9998817107870379,0.28834095127057824,1.2881885544334257,1643,52,0.019230769230769232
3.773605666116003,2.357713377544833,6.131319043660836,0.999778380892936,0.2909198421910738,1.2906337496883562,1644,331,0.0030211480362537764
3.905089320876398,2.1332696291252122,6.03835895000161,0.9995756812111789,0.3016853689470439,1.3011330393878662,1645,433,0.004618937644341801
3.2314227697747078,1.5623620867793773,4.793784856554085,0.9997571268922012,0.44561382987148157,1.4452627291479438,1646,199,0.02512562814070352
3.762116798389498,1.7712210192925997,5.5333378176820975,0.9988938569948204,0.3601355613295564,1.3586310568922957,1647,537,0.01303538175046555
2.174127338122883,2.686303584650835,4.860430922773718,0.9995935668812098,0.4379163317604694,1.4373319149411927,1648,1290,0.003875968992248062
1.026723646587617,1.523812439136959,2.550536085724576,0.9989436647518557,0.705148625564397,1.7033474169678886,1649,1276,0.006269592476489028
0.9391648330548156,1.421977739255428,2.3611425723102437,0.9995752717574773,0.7269817688131461,1.7262482708816094,1650,1011,0.009891196834817012
0.4480882635548184,0.7770874144568147,1.2251756780116332,0.9997941165280434,0.8583317801284762,1.857949180329536,1651,45,0.022222222222222223
0.4672884905784895,1.1938648328922175,1.661153323470707,0.9999644539211652,0.80788489027055,1.8078206270517163,1652,50,0.14
0.4809726911103542,1.0557939961718827,1.536766687282237,0.9999973247218039,0.8222711773943783,1.82226630231203,1653,95,0.0
0.5560505985563029,1.0240258323429963,1.5800764308992992,0.9999392026295507,0.8172612065853012,1.8171507218825214,1655,29,0.6206896551724138
0.34048589300075527,1.143085657166258,1.4835715501670133,0.9999888913226778,0.8284242855724693,1.8284039741970726,1656,197,0.15736040609137056
1.0401225459707983,1.382139289016999,2.4222618349877973,0.9999000941547888,0.7198777513959578,1.7197059255555445,1657,62,0.03225806451612903
0.5187151956127174,0.7741092730355061,1.2928244686482235,0.9999653617916944,0.8504846190989593,1.8504205216272567,1658,68,0.14705882352941177
0.739481792486194,1.31812372046921,2.057605512955404,0.9999719866337224,0.7620352859009105,1.7619859253610526,1659,45,0.1111111111111111
0.6135808508832332,1.0537270978250775,1.6673079487083107,0.9999646616278433,0.8071781665510953,1.8071143038164923,1660,161,0.049689440993788817
0.9269693469491479,1.8346960988590166,2.7616654458081644,0.9999580855856431,0.6806139815279513,1.6805435395771555,1666,43,0.6976744186046512
0.9830982410037552,1.9244748802597695,2.9075731212635247,0.9994417277176273,0.6637771981095034,1.662848357415755,1667,45,0.3111111111111111
0.6396088786496846,1.0768397999158097,1.7164486785654944,0.999956258709449,0.8014985729619944,1.8014197730894874,1668,44,0.13636363636363635
1.0844937469418667,1.2342220137333313,2.318715760675198,0.9999422771576261,0.7318377324526011,1.7317377658561535,1669,115,0.0
1.0543666792664546,0.9476126994259415,2.001979378692396,0.9999725997950564,0.7684716923101181,1.7684232358233118,1670,23,0.2608695652173913
0.7083056605449911,1.5516822913591353,2.2599879519041264,0.9999719632116435,0.7386397765511528,1.7385910306757095,1671,32,0.1875
1.0385992515358258,1.7681939969384801,2.806793248474306,0.9999041364776826,0.6753970418992896,1.675236432437573,1673,33,0.21212121212121213
0.915354397282754,1.1330943570671437,2.0484487543498977,0.9997790690696335,0.763117560186135,1.7627280329832176,1675,46,0.08695652173913043
1.5420287584623156,1.1918909076567272,2.733919666119043,0.9997780924647527,0.6838555175564465,1.6834818573288328,1678,26,0.07692307692307693
0.8474195590736496,1.1374652450900125,1.984884804163662,0.9999696695436421,0.7704454233718492,1.7703917249542016,1679,23,0.0
3.5397882187035834,1.8909638484379045,5.430752067141488,0.9997972520799288,0.3719640523333837,1.3716858894753605,1681,36,0.7777777777777778
1.5609203199752717,1.293293455947946,2.854213775923218,0.9998709710540763,0.6699162899821975,1.6697008224435204,1683,23,0.17391304347826086
1.7367002535470941,1.6186924872389026,3.3553927407859967,0.9991025710062196,0.6120324098609815,1.6105857252374585,1684,55,0.6545454545454545
3.3963380291550727,2.23154096913612,5.627878998291193,0.9993578230367274,0.3491698885042742,1.3483034826823357,1685,53,0.8113207547169812
1.510100777697384,2.0219282538160384,3.532029031513422,0.999939441495331,0.5915255219216916,1.5914291415159414,1687,53,0.5283018867924528
2.4917136152646253,2.479717890500004,4.971431505764629,0.9996728493368228,0.42507912395079517,1.4246129083703147,1688,183,0.8360655737704918
0.8375663631980005,1.7674959303502584,2.605062293548259,0.9993917515858207,0.6987903530475849,1.6977570665093205,1689,146,0.5684931506849316
1.73106057259056,1.4615797139978206,3.1926402865883805,0.999937341511481,0.6307772512201604,1.6306750691824876,1690,42,0.8571428571428571
0.9039875309233768,1.2665934021730818,2.1705809330964585,0.9999794528127637,0.7489759517051862,1.7489400151688348,1692,98,0.9183673469387755
1.373907726978964,1.9536626908027028,3.3275704177816667,0.9982744469903593,0.6153394842833596,1.612552130374663,1693,105,0.8761904761904762
1.1783004590288686,1.1812263449063989,2.3595268039352675,0.9999579525636015,0.7271190617471734,1.7270464408182722,1694,25,0.04
0.9140238668453149,1.51236679497352,2.426390661818835,0.9999653841919764,0.719380609137904,1.7193210913888186,1695,34,0.29411764705882354
1.1605174241732117,1.377362697332713,2.537880121505925,0.9999524785453304,0.7064916396842137,1.7064105447191145,1696,30,0.1
1.1307372681293466,1.3546857914573436,2.48542305958669,0.9998733220110714,0.7125711157479768,1.7123541706831367,1697,81,0.1111111111111111
0.6463301535454724,0.9336512415734075,1.57998139511888,0.9998404352745186,0.8172885955878193,1.816998620431944,1698,28,0.0
0.9133494377009478,1.2565470892911819,2.1698965269921295,0.999985292509002,0.7490574343387206,1.7490317100922501,1699,29,0.1724137931034483
0.7616369031363858,1.6381499263993198,2.3997868295357057,0.9998709099785763,0.7224698943468764,1.7222475406713134,1702,81,0.1111111111111111
1.3996186986800858,1.9906441192225979,3.3902628179026837,0.9998807645846637,0.6079179759072785,1.6077262551395943,1703,44,0.38636363636363635
0.6218165964293739,0.941278220996803,1.563094817426177,0.9999863611651756,0.8192261073187428,1.8192012951943568,1706,22,0.045454545454545456
1.57515532860983,2.3207605782438154,3.8959159068536455,0.9999595745270118,0.5494317070388111,1.549369070529191,1708,40,0.55
0.851608220134103,1.3796859209585643,2.2312941410926674,0.9999589009385828,0.741947566323096,1.741875973913082,1714,67,0.0
0.9464072754458257,1.7768046212957478,2.7232118967415735,0.9999668405259448,0.6850585037782726,1.685002628124535,1715,341,0.011730205278592375
1.3957968284664575,0.9754880633318366,2.371284891798294,0.9999875414636017,0.7257552920864853,1.7257337917013642,1716,21,0.047619047619047616
2.0030327046825085,1.9968421196360202,3.9998748243185287,0.9997236287318149,0.5374248970571027,1.5369999969885635,1717,28,0.35714285714285715
1.4520732755173356,1.3359002148729497,2.7879734903902853,0.9999948674418768,0.6775713138582145,1.6775627036259402,1718,93,0.053763440860215055
2.2681173297255737,2.6194274401436775,4.887544769869251,0.9962244816008445,0.4350005367876063,1.4295826658581667,1721,454,0.2026431718061674
1.533403876886718,1.3915669211072645,2.9249707979939825,0.9998572187113066,0.6617429254453546,1.6615056596489826,1723,120,0.03333333333333333
1.5411598783814995,1.1729243248604115,2.714084203241911,0.9999722210399993,0.686114863339279,1.6860680248219335,1725,24,0.041666666666666664
1.0266157580780577,1.2900890455156686,2.3167048035937263,0.9999967162350901,0.7320747489179604,1.7320690611916787,1726,43,0.023255813953488372
1.2856438277711653,2.099901635073173,3.3855454628443384,0.9998688328735154,0.6084745396640568,1.6082635606806654,1727,47,0.44680851063829785
1.7030120250844698,1.4466749091430167,3.1496869342274865,0.9999542139450219,0.6357330725279868,1.6356581787635986,1729,37,0.02702702702702703
2.415907131808719,1.4962429331858518,3.9121500649945706,0.998132281774146,0.5477254160755813,1.5448347011073595,1730,42,0.07142857142857142
2.2391606088676714,1.3997632161919316,3.638923825059603,0.9994191982390211,0.5792197542477497,1.57830254063351,1731,63,0.1746031746031746
1.4422141356386264,2.049667113248514,3.4918812488871405,0.9998198317043164,0.5961858838633365,1.5958983017730466,1732,167,0.16167664670658682
1.3619774843506445,1.8669008852570919,3.2288783696077363,0.9999104927793478,0.6265798508930434,1.626434260251421,1734,81,0.13580246913580246
1.6186569870183334,2.3898969045260703,4.008553891544404,0.9992755231847381,0.5364781904294298,1.535365047603308,1737,120,0.2916666666666667
0.7372770727192967,1.373256130730987,2.1105332034502835,0.9999139116092406,0.7559223558396202,1.7557711913097074,1738,71,0.07042253521126761
0.3566334303058098,1.043761980420901,1.400395410726711,0.9999648065921938,0.8380432605856606,1.8379785735796252,1739,48,0.0625
0.44826516808052425,1.2793867215442036,1.727651889624728,0.9996532159464813,0.8002451003978357,1.7996208041045925,1740,41,0.04878048780487805
1.0027685764575796,1.87176802210156,2.8745365985591396,0.9999948556187737,0.6675557402301444,1.6675471616877005,1741,23,0.5652173913043478
0.8373400950764972,1.4332854413347058,2.270625536411203,1.00000011043793,0.737405787761857,1.7374059796373555,1746,28,0.7142857142857143
0.7897370444556748,1.2639481996265052,2.05368524408218,0.9999476856385043,0.7624954033465363,1.7624031995248712,1752,42,0.07142857142857142
1.1601461027020916,1.714324948058264,2.8744710507603557,0.9996218450673313,0.6676041246475654,1.6669735119220912,1753,1004,0.008964143426294821
1.5346995037906932,1.6705168089617943,3.2052163127524875,0.9999385199988615,0.6293222698995808,1.6292220991645725,1754,68,0.014705882352941176
1.2927519935467986,0.7904656365993401,2.0832176301461387,0.9999693203906628,0.7590719132872279,1.7590179456481323,1755,26,0.038461538461538464
1.025990010618138,1.1384244869075029,2.164414497525641,0.9999288003298635,0.7496809848321575,1.7495564081231934,1757,58,0.0
1.4079473606693083,1.3577862405731014,2.7657336012424096,0.9999144202922905,0.6801490734377948,1.6800052867711817,1758,84,0.0
0.5592703059802068,0.9761761119932374,1.5354464179734442,0.99874883814143,0.8225879756833814,1.820307623124318,1759,72,0.0
0.3792964403003539,0.6595601891671891,1.038856629467543,1.0000074417055986,0.8798552614732833,1.8798692508027073,1760,20,0.0
0.4368179894329636,0.5982847143891199,1.0351027038220835,0.9999617345718306,0.8802900316285774,1.8802180815254346,1761,22,0.045454545454545456
0.7622674214982432,1.108814825803859,1.8710822473021023,0.9997142171283686,0.7836400485860908,1.783130314811049,1765,22,0.0
0.7580817483076729,1.0251981987421677,1.7832799470498406,0.9999614184978167,0.7937638779001981,1.7936946717952265,1766,31,0.0
0.3910357562962255,1.013777328690203,1.4048130849864284,0.9999524084396861,0.8375372154527617,1.8374497641895435,1767,23,0.043478260869565216
0.6264501712331993,0.9830137834420007,1.6094639546752,0.9981709856580114,0.8141025880190086,1.810784568367683,1769,133,0.0
0.8389078294670653,1.1816367258895124,2.0205445553565777,0.9999119527681153,0.7663358243643328,1.7661803033844188,1770,40,0.0
0.9463367530673099,1.096309091317894,2.042645844385204,0.9998907578920719,0.763778696947624,1.7635860180448508,1771,44,0.0
0.6218697040886247,1.1885253428195977,1.8103950469082224,0.9999287386153587,0.7906389940119487,1.7905113905978427,1773,23,0.13043478260869565
1.2289203526552048,1.144024869387217,2.372945222042422,0.9999308915721905,0.7255690161345865,1.7254497647728047,1775,54,0.0
1.0200670504530331,1.0300822877596765,2.0501493382127096,0.9999507352640757,0.7628983455605407,1.7628114968390853,1778,24,0.0
0.9375442426901321,1.458729732817132,2.396273975507264,0.9999263379128995,0.7228731404354638,1.7227462300041299,1779,83,0.1686746987951807
1.2632414418499818,1.2628754425517807,2.5261168844017625,0.9999405425900613,0.7078530595389461,1.70775151501947,1780,20,0.1
1.2959749738325397,1.6135688849201615,2.909543858752701,0.9999685658012744,0.6635032203679434,1.6634509294771336,1781,28,0.17857142857142858
1.001114188519901,1.2145355088063854,2.2156496973262865,0.9999882113509879,0.7437616963256962,1.7437411397310976,1784,121,0.03305785123966942
0.3712843527095929,1.3244187677975954,1.6957031205071882,0.9999639648605119,0.8038846172692165,1.8038196140354126,1785,43,0.06976744186046512
0.848923146959711,1.144620296284732,1.9935434432444432,0.9999890198028489,0.7694487249400003,1.7694292960441518,1786,33,0.030303030303030304
0.746664658078784,1.0525325406367463,1.7991971987155302,0.9998718437251628,0.7919300465479487,1.7917003994684144,1787,35,0.02857142857142857
0.8092141530857349,1.1943308585949357,2.0035450116806706,0.9998802822258954,0.7682993313529055,1.7680876344930052,1788,79,0.0
1.04580710057609,0.9010371427097539,1.946844243285844,0.9999943486790153,0.7748443984369712,1.7748343682215777,1791,27,0.037037037037037035
1.1105962840833463,1.4819513280330785,2.592547612116425,0.9999780259195606,0.7001646436568016,1.7001272841021617,1792,54,0.07407407407407407
0.9476299701181345,1.0461095851715891,1.9937395552897237,0.9999674774161516,0.7694186513030284,1.7693611052365785,1793,46,0.021739130434782608
2.1126477946143463,1.7798588779829632,3.8925066725973094,0.9998749163980922,0.5498218801555304,1.549628022852445,1798,41,0.12195121951219512
1.1332705359927528,0.9814888253536425,2.1147593613463953,0.9999494733257139,0.7554262607591449,1.7553375649082343,1804,39,0.10256410256410256
1.441554754311085,0.9085181418358717,2.3500728961469566,0.9998652396916383,0.7282113715142371,1.7279784772168978,1806,20,0.05
0.4741280176724289,1.1278741202588114,1.6020021379312404,0.99992831114986,0.8147191072072184,1.8145890120810957,1807,20,0.0
0.7122277579753071,1.6004452723266132,2.3126730303019203,0.9999955694847965,0.7325354345958317,1.7325277585712482,1813,50,0.7
0.6499212160800653,1.3445079341711326,1.994429150251198,0.9999731016299462,0.7693358426828557,1.7692882504326097,1815,24,0.125
0.3757290174997961,1.3037238779665916,1.6794528954663877,0.9999929101614327,0.8057675108263396,1.8057547082261975,1817,23,0.13043478260869565
1.0266643675427172,1.2841444395131394,2.3108088070558566,1.0000011943075575,0.7327555678029192,1.7327576372459892,1818,36,0.3888888888888889
1.0991241799618272,1.0890299467660192,2.1881541267278464,1.0000131871699347,0.7469420700173581,1.7469651072393015,1819,22,0.13636363636363635
1.032259419320613,1.247867419603368,2.280126838923981,0.9999787059813485,0.7363041418710012,1.7362671689782196,1821,38,0.10526315789473684
1.1240020116196279,1.3243165601415239,2.4483185717611518,0.9999536397410164,0.7168562066214484,1.7167766127230717,1823,72,0.0
0.9919707630857366,1.4681786979568399,2.4601494610425765,0.999938350343996,0.7154822247065368,1.7153764658175028,1824,45,0.28888888888888886
1.0648948507486393,1.1152955389796624,2.1801903897283017,0.9997627268316773,0.7478934082072934,1.7474786800004378,1826,38,0.05263157894736842
0.8045531784699664,1.194814068383949,1.9993672468539154,0.9999123934690591,0.7687783877113398,1.7686234311727893,1827,28,0.0
0.7531410059027781,0.8870568209852183,1.6401978268879964,0.9999745227969348,0.8103082946512348,1.8102621730592012,1828,35,0.02857142857142857
1.1283905253979245,1.0632597039294438,2.1916502293273683,0.9999881137454771,0.746536286357594,1.746515526582761,1830,76,0.06578947368421052
1.005629496315334,1.089602752854086,2.09523224916942,0.9999926325317932,0.7576857531938781,1.7576728034999738,1834,29,0.0
0.8824759314787606,1.0450934115668016,1.9275693430455623,1.0000353825251524,0.7770814864037708,1.7771443640341613,1835,20,0.0
0.7142145923353185,1.1148703821764134,1.829084974511732,0.9999886379450209,0.788465314535095,1.7884449938938631,1837,53,0.09433962264150944
1.4007617858936892,1.193260120389031,2.59402190628272,0.9999374472945942,0.6999961102247657,1.6998897708688918,1838,51,0.0392156862745098
1.5201456093434902,1.5441531381525677,3.064298747496058,0.9999071481418782,0.6456156358853786,1.6454628374158324,1839,103,0.1262135922330097
1.0648221268506106,1.1072961114158681,2.1721182382664788,0.999968136331377,0.7487850500307071,1.74872932732338,1840,23,0.0
1.0542252516364952,1.3057897882507759,2.360015039887271,0.999937901846095,0.7270683079041902,1.7269610601506016,1842,62,0.0
0.41714034247065135,0.7433192851444032,1.1604596276150545,0.9999838927315154,0.8657907195692258,1.8657606667771698,1845,20,0.1
1.9327631439425508,2.7093747656342346,4.642137909576785,0.999651544625237,0.46315847581178826,1.4626486303767616,1847,59,0.7796610169491526
0.3233092480851451,1.2194371180136763,1.5427463660988214,0.9999994706044624,0.8215805500373404,1.8215795857007258,1848,49,0.061224489795918366
1.0547965899839982,1.3754757451732162,2.4302723351572144,0.9998869754499474,0.7189416923249445,1.7187474097136028,1849,21,0.09523809523809523
1.0651802539798831,1.2239822163836558,2.289162470363539,0.9999305055363085,0.7352572561950743,1.7351366654226883,1850,63,0.1746031746031746
0.9599673775947694,1.0792238230180948,2.0391912006128643,0.9999267293852077,0.7641665482919128,1.7640372867243235,1851,26,0.07692307692307693
0.8065760589355597,1.3682467197246226,2.1748227786601824,0.9997392031253812,0.7485084530964118,1.7480524475565997,1854,49,0.02040816326530612
2.6264582481558154,2.1501738303284554,4.776632078484271,0.9992140359521967,0.44765353579148415,1.4465157321586768,1859,32,0.65625
1.0390035314135633,1.2207927850294717,2.259796316443035,0.9999386938363819,0.7386515359176024,1.7385449458620665,1860,25,0.0
1.3184030616478628,0.9463469516390535,2.2647500132869163,0.9999771937724697,0.7380842296161538,1.7380445904717465,1861,23,0.043478260869565216
1.304360043824373,1.3693028908793412,2.673662934703714,0.9999147768195598,0.6907942090865451,1.6906501142265769,1862,23,0.08695652173913043
0.9355517464686854,1.011135787045232,1.9466875335139173,0.9998179377100098,0.7748868616011069,1.7745637216346104,1863,73,0.0410958904109589
0.7653896906801935,1.3995000887575122,2.1648897794377056,0.9981283701205786,0.7498526675485166,1.7465775910113477,1864,92,0.11956521739130435
0.7094631129786981,0.9383296608962097,1.6477927738749079,0.9999741531963733,0.809430291048471,1.809383523059062,1865,49,0.08163265306122448
0.5786486752597467,0.7941461612067141,1.3727948364664608,0.9999928285803215,0.8412350363519658,1.8412218320827933,1866,44,0.045454545454545456
1.2438445880596265,1.2311020904901948,2.4749466785498213,0.9997985852046395,0.7137855054621358,1.7134403237052613,1868,47,0.0
1.2121085884290792,1.0301808470196494,2.2422894354487286,0.9998909650938951,0.7406902090980665,1.7405004131045598,1870,176,0.011363636363636364
1.068622616910526,1.0163177420852347,2.0849403589957607,0.9999993293362862,0.7588756388679851,1.7588744592539172,1871,30,0.13333333333333333
1.4719020448922107,1.3688608259979296,2.8407628708901402,0.9995178465176638,0.6715128697046818,1.670706943953784,1872,115,0.10434782608695652
1.2927037549189384,0.9916349073992352,2.2843386623181736,0.9999931193480549,0.7358134811635889,1.7358015376351834,1873,27,0.14814814814814814
0.9474885088367392,0.8667108919865861,1.8141994008233253,0.9999420794826203,0.7901890317091969,1.7900853430342727,1874,118,0.8220338983050848
0.9352508396406572,1.7583628010290662,2.6936136406697235,0.9999282938274636,0.6884881589270585,1.6883670839038087,1875,83,0.8313253012048193
0.9524846530475279,1.3360927103687927,2.2885773634163207,0.9999763938930883,0.7353180282133455,1.7352770641104458,1880,20,0.35
2.0069707022679837,2.3871769585825837,4.394147660850567,0.9994787712948329,0.4918639378653088,1.4910863355566897,1882,43,0.7674418604651163
2.055267339655884,1.6380778158742202,3.6933451555301042,0.9998322436821365,0.5728727278707619,1.5726088685334665,1883,26,0.11538461538461539
1.481219896283954,1.0709132142271267,2.5521331105110807,0.999798926620916,0.7048668262685247,1.7045240229348786,1886,92,0.05434782608695652
1.3007696599505512,0.9996157597898823,2.3003854197404334,0.9999242654493387,0.7339659128647862,1.7338345917355134,1887,39,0.0
1.343918512623703,1.234281074432165,2.578199587055868,0.9975044842430932,0.702111113794438,1.6978634686899579,1888,105,0.9333333333333333
1.127903105482573,1.1311278107463714,2.2590309162289444,0.9998409620008908,0.738756168821025,1.7384796405189968,1891,40,0.0
1.397878017446902,1.0529409071936362,2.4508189246405383,0.9999488043074735,0.7165674831552682,1.7164796022941995,1892,21,0.047619047619047616
1.2624283805204632,1.4120835633828814,2.6745119439033447,0.9999686347422161,0.6906905725816082,1.6906375436359662,1893,75,0.7866666666666666
2.0665370936054823,1.4864506374585114,3.5529877310639937,0.9998724832082936,0.5891015132762093,1.5888988761495404,1894,28,0.03571428571428571
1.6123278366208935,1.7469232510703199,3.3592510876912134,0.9996423148310281,0.6115366228407864,1.610960200091541,1895,217,0.03225806451612903
1.360248373450701,1.2032951353459183,2.563543508796619,1.0000044474578147,0.7035301185409528,1.703537694919291,1896,29,0.034482758620689655
1.6575655136111687,1.2775030334160338,2.9350685470272024,0.9999519536906296,0.6605535827046543,1.6604737992334935,1897,53,0.0
4.292517099727395,1.9185568766252894,6.211073976352685,0.9998487234950897,0.28170749166663955,1.2815135994369828,1898,25,0.12
3.5134147379990615,2.055171251773166,5.568585989772227,0.9998160991681398,0.3559953364017775,1.3557459677314148,1899,141,0.0
2.8622057085249013,1.0902458524536658,3.952451560978567,0.9999182981963165,0.5428976088357181,1.5427715513181774,1901,28,0.07142857142857142
2.4780911852263396,1.042376579486628,3.5204677647129676,0.9980130035301602,0.593045354432925,1.589879978937372,1903,28,0.03571428571428571
2.5502514257354365,1.2944752205853014,3.844726646320738,0.9957605916991197,0.5556964319366355,1.5491011995694335,1906,43,0.023255813953488372
2.3274302603371604,1.440531158614752,3.7679614189519124,0.9999065672776419,0.5642397489752835,1.564093597797116,1907,43,0.0
2.5222269244716746,1.3431772239990099,3.8654041484706845,0.9998628947246153,0.552976311567152,1.5527633903222888,1909,86,0.0
2.6441899378942177,1.2802049955813763,3.924394933475594,0.9999380872113746,0.5461469966710333,1.5460512703988445,1910,48,0.0
3.6147537057001133,1.2552387049897145,4.869992410689828,0.9998944392823528,0.43678339827982093,1.436631730393195,1911,22,0.0
3.320724887703593,2.0995156436388283,5.420240531342421,0.9998193598595633,0.373150264874081,1.3729022188173934,1912,102,0.0196078431372549
2.991257297573843,2.1677043157831646,5.1589616133570075,0.9942269825975112,0.40366905861067226,1.3955656527079778,1913,41,0.4146341463414634
3.4080635598673172,2.5708677181901862,5.9789312780575035,0.9988743909916101,0.30859941811354463,1.3071264468201422,1914,273,0.054945054945054944
3.4390740401114446,1.7634229990846784,5.202497039196123,0.9995603155182913,0.3983635665167814,1.397748727756797,1915,110,0.1
3.0746547009276224,1.8611110430194344,4.935765743947057,0.9990531754769663,0.42923053609500716,1.4278773055743637,1916,27,0.1111111111111111
1.8729133776683777,2.1613116083672823,4.03422498603566,0.9957559922884507,0.533779792917509,1.5272704196485485,1917,546,0.18681318681318682
2.0247166033709454,1.8899705708298002,3.9146871742007456,0.9998805585737953,0.5472703011103807,1.547085492938892,1921,83,0.5421686746987951
1.748060470366963,0.909214634604848,2.657275104971811,0.999976610882388,0.6926895689437916,1.692649978428383,1922,24,0.0
3.1534331153019624,1.7246160584860162,4.8780491737879785,0.9993556775313139,0.4359010540719659,1.4349758707600173,1923,29,0.5517241379310345
2.6404651736362044,1.7775638298185696,4.418029003454774,0.9998685774162082,0.48905176767118685,1.4888560726404796,1924,41,0.2682926829268293
1.6312748031692303,1.9251253396314152,3.5564001428006455,0.9998621515288294,0.588709612325244,1.5884906111340509,1928,55,0.2909090909090909
2.379431739471808,2.025543907208388,4.404975646680196,0.9998880159832484,0.4905770502291257,1.4904101294237633,1929,37,0.4594594594594595
1.325193995416684,1.1819431562252463,2.5071371516419303,0.9999577519823993,0.7100626012428699,1.7099903544879944,1930,20,0.2
1.5683252458058128,1.8460864046641166,3.4144116504699293,0.9996992482493121,0.6051454590297305,1.6046627087228185,1932,47,0.2978723404255319
5.010744051024832,1.7383862254829543,6.7491302765077865,0.9995145670170005,0.21947977265931917,1.2188877969555696,1933,37,0.10810810810810811
3.7280526041952307,1.8030322777697396,5.53108488196497,0.9995044432584916,0.3603575823320472,1.3596834479612605,1934,108,0.009259259259259259
3.7992295542440906,1.672236540979783,5.471466095223874,0.9998097982770884,0.3672316006425548,1.3669715508364932,1935,56,0.07142857142857142
4.136208849895864,1.8461132356300576,5.982322085525921,0.9997369765768744,0.3081470283224682,1.3078029550131274,1936,33,0.06060606060606061
3.5140304138682392,1.4790142926770322,4.993044706545271,0.9996159966446883,0.4226038305381632,1.4220575458939573,1937,24,0.16666666666666666
4.3271975871066966,1.3790451696262833,5.70624275673298,0.9999384944160554,0.3400642957849347,1.3399818743478993,1939,44,0.0
4.3093959321266455,1.845342010092656,6.154737942219302,0.9998708852582132,0.2881973519487879,1.2880310266803208,1940,65,0.03076923076923077
3.1109179416657082,1.9517163563410018,5.06263429800671,0.999931185095647,0.4145048423586257,1.414407503343192,1942,53,0.09433962264150944
2.9807584604661046,1.523710539622074,4.504469000088179,0.9997904444629377,0.47906644400312004,1.4787564974400962,1944,85,0.023529411764705882
1.199840303620575,2.317098236822583,3.516938540443158,0.9999428482937899,0.5932580351349789,1.593166977719838,1945,68,0.7647058823529411
2.7125668199097204,1.9845604960120262,4.697127315921747,0.9988132494461999,0.45687132710498113,1.4551423842507238,1946,50,0.5
3.556244874451411,1.338086646132885,4.894331520584296,0.9998337811469791,0.4339813951845618,1.4337430404418008,1947,25,0.0
2.136923117465375,2.144598901135787,4.281522018601162,0.9999572546674396,0.5048330376291474,1.504768713040506,1948,55,0.4909090909090909
1.8992946686052492,1.6976365511380638,3.596931219743313,0.9999283607547516,0.5840131261916808,1.5838996486868568,1949,40,0.375
1.6674628804581906,1.6810466786620324,3.348509559120223,0.999525799390911,0.6127819123124235,1.6120171301472772,1952,96,0.125
2.2177200746188945,1.5456453060610973,3.763365380679992,0.999945053832312,0.5647698804760988,1.564683902367853,1953,39,0.10256410256410256
2.7429412843300396,1.7662684013613612,4.509209685691401,0.999448650304851,0.47855476396324304,1.4777395632448709,1955,46,0.021739130434782608
3.8204354165211862,1.8203296477122004,5.640765064233387,0.9995828021772413,0.34766413132559437,1.3471018887841952,1956,36,0.027777777777777776
2.4541771765077565,1.0411191618448248,3.4952963383525812,0.9989734882301329,0.5958624506169476,1.5942242790283003,1957,33,0.0
2.9929824102522584,1.1583834443013012,4.15136585455356,0.9997245899600216,0.5199132269936003,1.5194946276309902,1959,32,0.0625
2.12267418393881,1.1033753557914228,3.2260495397302327,0.9998173579971903,0.626927349817882,1.6266302045482854,1960,67,0.014925373134328358
3.1412978582767095,1.3357281883437406,4.47702604662045,0.9999285844682593,0.4822257752125152,1.4821199212706186,1962,30,0.03333333333333333
4.144628393837568,1.6062270378987948,5.750855431736363,0.9994578724222647,0.3349431914320743,1.3342194819132889,1965,25,0.08
2.240261993034158,1.9057122610419204,4.145974254076078,0.9998163392435891,0.5205338632886025,1.5202546008891225,1966,159,0.7987421383647799
3.390150524643522,1.1031194027380846,4.493269927381607,0.9999068402563285,0.4803542165784852,1.4802163071591257,1967,30,0.0
3.5082434911349765,1.3534357492694697,4.861679240404446,0.9996820858817542,0.43776318685503013,1.4373061016392348,1968,31,0.03225806451612903
3.5873833140844567,1.4191989500075732,5.00658226409203,0.9998685946701784,0.4209909759246049,1.42080425013674,1969,29,0.0
3.386949276955433,1.3196788929726107,4.7066281699280434,0.999796582485845,0.4556914118287413,1.4553952987003704,1971,70,0.0
3.6683910660488146,1.259916896918694,4.928307962967509,0.9998837000405499,0.4300407365437946,1.4298744228641227,1972,67,0.029850746268656716
3.8856418908427552,1.5399936007832093,5.425635491625965,0.9986700041892818,0.37260065210282,1.3707750989857341,1973,78,0.01282051282051282
2.7683699726650395,2.180861490373321,4.949231463038361,0.9998955265195749,0.42762356005383206,1.4274744112517763,1974,68,0.35294117647058826
3.3050234157480345,1.4235659089353474,4.728589324683382,0.9999542290233747,0.4531184944010449,1.453051983748404,1975,30,0.03333333333333333
2.7599200667780943,1.7268711716202425,4.486791238398337,0.9999624070153417,0.481107321986996,1.4810516427421632,1976,27,0.14814814814814814
3.085409891621899,1.3398612435984538,4.425271135220353,0.9999515440514154,0.4882310710309712,1.4881589573827112,1977,51,0.0196078431372549
2.5097605508306136,1.952395248326137,4.462155799156751,0.9999776892051102,0.4839437203639996,1.4839106124000265,1978,27,0.18518518518518517
3.1162475978349407,1.7554657015326733,4.871713299367614,0.9999684786903638,0.43659291674753764,1.4365476334573877,1979,37,0.05405405405405406
2.5941349803399905,1.853505602688307,4.4476405830282975,0.9997628369871627,0.48565676683321424,1.48530442399835,1980,84,0.0
2.6362889686951707,1.6822941229974369,4.318583091692608,0.9999477892051705,0.5005522900615774,1.50047394503383,1981,24,0.0
2.9692922920115437,1.5834817873077918,4.552774079319335,0.9994102358752347,0.4735177395250383,1.472648711625061,1982,62,0.0
3.186369412580809,1.5096026048134026,4.695972017394212,0.9997590857000025,0.45693668325012093,1.456585686368935,1984,47,0.02127659574468085
2.7365688328191706,1.9363569004646997,4.67292573328387,0.9998936853640017,0.45958210138901767,1.4594269264491988,1985,104,0.47115384615384615
2.610319595367799,1.3368940378877765,3.9472136332555756,0.9999221587005847,0.5435015061006023,1.5433813579377178,1986,27,0.037037037037037035
2.8184423905549205,1.8124253266638495,4.63086771721877,0.9998898226549626,0.46444047734732175,1.4642791291835624,1987,82,0.012195121951219513
3.6408605346938856,1.625862894261207,5.266723428955093,0.9965337912200928,0.3910974744613621,1.3862756401816774,1988,38,0.05263157894736842
3.291092314097191,1.7564925763994017,5.0475848904965925,0.9986790314298257,0.41634480314512823,1.4144738561756438,1990,31,0.2903225806451613
1.9464229964119597,1.4749828512930274,3.421405847704987,0.9999293007210377,0.6043098345843161,1.6041964110357787,1991,42,0.09523809523809523
1.3380115283865748,1.490063239890092,2.8280747682766667,0.9995253198434115,0.6729855751182507,1.6721914420634834,1994,61,0.7704918032786885
2.1824605778499913,3.334249580896589,5.51671015874658,0.9898948481422729,0.36236973123331107,1.3486027782128276,1997,3276,0.9935897435897436
2.5127738334754355,3.0456527260187176,5.558426559494153,0.982430891171538,0.3576026237957617,1.3337507555524883,1998,1887,0.9894011658717541
1.4873708295664783,1.5411218170267802,3.0284926465932585,0.9991034376216987,0.649847905998383,1.6483687144359458,2000,268,0.029850746268656716
1.3919031507660524,1.0797004617038424,2.471603612469895,0.9999494646419442,0.7141604801921264,1.7140738544784948,2001,21,0.0
1.3778967130049222,0.9845917583060679,2.36248847131099,0.9998621138811516,0.7267858177161304,1.726547717921643,2002,23,0.08695652173913043
2.8505117991981557,1.309558861391718,4.160070660589874,0.9985391540398947,0.5190153681522885,1.5167963206883854,2003,25,0.0
1.9729642946976538,1.5213104158988646,3.4942747105965184,0.9999343116229273,0.5958831475460273,1.5957783165720674,2004,55,0.05454545454545454
1.82949012972605,1.6596549892326242,3.489145118958674,0.9998169569166315,0.5964973674382601,1.5962051396375345,2005,111,0.16216216216216217
0.8928870726224191,1.6855851652807896,2.578472237903209,0.9999563177274302,0.7018008239405714,1.7017264854131207,2006,202,0.024752475247524754
0.9701780619399988,1.4720162095143867,2.4421942714543854,0.9998302394010898,0.7175738164447978,1.7172822400850456,2007,406,0.014778325123152709
3.0745630289887895,2.3033395372959635,5.377902566284753,0.999432651439028,0.37808367976791024,1.377301825975295,2008,205,0.014634146341463415
2.840543944591032,2.47297308439996,5.313517028990992,0.995496158716723,0.3857309422328171,1.3794898300076746,2009,353,0.0764872521246459
1.5217291463026874,1.467207531644124,2.9889366779468114,0.9998978972317027,0.6543297301607984,1.6541608185156726,2010,86,0.0
2.5158560105320023,1.226454638069482,3.7423106486014843,0.9998610816199214,0.5672053610672545,1.5669876474372444,2011,26,0.0
2.7837932949180204,1.6035592935928755,4.387352588510896,0.9999295554801176,0.492611193401689,1.4925060471227987,2012,25,0.0
3.3863333779666034,2.063178031574613,5.449511409541216,0.999188051560937,0.36980878696111275,1.368696572854725,2013,61,0.0
2.2375057382534433,3.2183412472603297,5.455846985513773,0.9977370627406474,0.3691588481055943,1.366060527534244,2014,1253,0.9864325618515563
3.9040818589788495,2.5453507125448214,6.449432571523671,0.9996254267077223,0.25413850350788014,1.2536687367196488,2015,489,0.012269938650306749
3.4224513955078364,1.2161425901306768,4.638593985638513,0.9999409354666249,0.46354414967264,1.4634577061203657,2016,43,0.0
3.167149935353865,1.6441756524317084,4.811325587785573,0.9999279532577842,0.44355186602235375,1.4434478628131873,2017,20,0.05
3.4004925505849464,1.4331252389113516,4.833617789496298,0.9999311501311324,0.4409898008975296,1.4408905889386983,2018,63,0.031746031746031744
3.1760796809831597,2.2198492365965463,5.395928917579706,0.9990296510294177,0.3760224981595257,1.3746872761449385,2019,165,0.012121212121212121
3.4149470601541303,1.7472472785512672,5.1621943387053975,0.9998728859335797,0.40298350458504284,1.4028051656466545,2020,24,0.0
3.8656610541956575,1.739363156657379,5.605024210853037,0.9998581985631426,0.3517821960635147,1.3515905114057947,2022,97,0.010309278350515464
3.4449442969174378,2.296125695781223,5.741069992698661,0.9990498113820608,0.33609856326949006,1.3348290176222264,2023,186,0.4946236559139785
3.3793301129007087,1.6623396290981853,5.041669741998894,0.9999422157706968,0.41693052215852855,1.4168486459203293,2024,72,0.05555555555555555
3.160916612261566,1.4994733010325092,4.660389913294075,0.9993304942302303,0.4610802269312758,1.460102025289249,2025,28,0.0
3.8094599688934565,2.1938424944757315,6.003302463369188,0.9998248166905355,0.30571191037654066,1.3054831714428736,2026,127,0.28346456692913385
3.1163498637570246,1.7517955826960279,4.8681454464530525,0.9999410058216204,0.43698636508376276,1.436901591253812,2028,95,0.10526315789473684
2.8355395544721036,2.2948185764012763,5.13035813087338,0.9995946790668231,0.4066952374746048,1.406125074448256,2029,885,0.09491525423728814
4.027094146335086,1.2779804819942484,5.305074628329335,0.9992658958310361,0.3865096242698465,1.3854917817743613,2030,42,0.0
3.2327753061641262,1.5184458137697323,4.7512211199338585,0.9999782346921076,0.4505214570897913,1.4504898860436732,2031,44,0.0
4.378474024067721,1.5878209095018203,5.966294933569541,0.9998741623797467,0.3100005243373347,1.3098356769888215,2032,67,0.029850746268656716
3.192126977687966,1.9269999699878593,5.119126947675825,0.999762320641012,0.4079802412921789,1.4076455934509609,2033,68,0.07352941176470588
3.010145832045429,1.6681626844899484,4.6783085165353775,0.9999454898347077,0.45894729808810664,1.458867770629735,2035,94,0.18085106382978725
3.042525532361745,1.086646009967811,4.129171542329556,0.9997912637684755,0.5224849633604639,1.5221671655866593,2038,20,0.0
3.1782104822493165,1.7034783522378487,4.881688834487165,0.9994673802807605,0.43546569030536253,1.4347011329724142,2040,66,0.045454545454545456
3.92238810083404,2.0572145492822247,5.979602650116265,0.9983034629526368,0.3085482932717073,1.306328292613908,2041,98,0.08163265306122448
3.2461182863519995,1.4383133059164304,4.68443159226843,0.9995619816474881,0.458277421203229,1.4576386689296883,2042,73,0.0
3.8608853643095737,1.8038502625272046,5.664735626836778,0.9996725905415751,0.3448903392598086,1.3444500094421907,2043,148,0.04054054054054054
3.875405775744474,2.2509466499699378,6.126352425714412,0.999217785682788,0.29152354766651967,1.2905132994565185,2044,382,0.02356020942408377
2.998959185168263,2.7642890017644035,5.763248186932667,0.99522521560046,0.33369059067295315,1.3273225056467945,2046,3960,0.00909090909090909
3.306975027703767,1.8041121777325442,5.111087205436311,0.9999253302363589,0.40890350323447244,1.4087983007428928,2047,238,0.0
2.853643858385622,1.9692650625355688,4.822908920921191,0.9999556903707154,0.44222681031769395,1.4421629057823844,2048,103,0.11650485436893204
3.201481796774049,1.82518662300683,5.026668419780879,0.9999370716376645,0.41866307861978447,1.4185738044755412,2049,119,0.06722689075630252
3.402923836944326,2.049612742209622,5.452536579153948,0.9991287750355564,0.3694669043858433,1.368273790630763,2050,309,0.06796116504854369
3.0533049936966776,1.7510587707295864,4.804363764426264,0.9985432457254981,0.44448534754183233,1.4423810873373455,2051,66,0.18181818181818182
3.8186757599960663,2.0404147292101613,5.859090489206228,0.9976900337938943,0.32251562092383823,1.3194606545324574,2053,225,0.26222222222222225
3.4332616132611284,1.4777291644820427,4.910990777743171,0.9986512550562301,0.4321275302985145,1.4301959555331907,2054,23,0.13043478260869565
2.8696996260973733,1.74754579956925,4.617245425666623,0.9998534861144415,0.46602142861700346,1.4658066361211848,2055,78,0.01282051282051282
2.830318570058986,1.5877277472790308,4.418046317338017,0.9999390944215076,0.4890542225406712,1.4889635308318407,2056,33,0.0
2.4457151784221938,1.8199104823464878,4.2656256607686815,0.9994089926559169,0.5067271780900149,1.505836691262234,2057,44,0.09090909090909091
2.732726956285218,2.2684134097075908,5.001140365992809,0.9992731953028517,0.4216659916001493,1.4206327180796783,2058,291,0.13058419243986255
2.6772169627977265,1.8346739164577022,4.511890879255429,0.9999013425430912,0.4782019236212568,1.4780560879786746,2059,101,0.039603960396039604
2.6419624112042155,1.6851316806311538,4.327094091835369,0.9998336706381618,0.4995827220444351,1.4993332974072537,2062,23,0.34782608695652173
2.208659386354205,1.6540467772095222,3.862706163563727,0.999910893960879,0.5532825044622716,1.553144097610663,2063,61,0.03278688524590164
2.265644178034397,1.5557409785897707,3.8213851566241677,0.9999479888933369,0.5580527021518351,1.5579716661065568,2064,34,0.11764705882352941
2.467900349772403,1.7714850158171243,4.239385365589527,0.9999924006410297,0.5097128535631248,1.5097013807132085,2065,25,0.12
2.611203427675402,1.6490453899564854,4.260248817631887,0.999978071752843,0.507302610968687,1.5072695584644933,2066,44,0.045454545454545456
1.896203798047081,1.5641134561124745,3.4603172541595555,0.9998449025784307,0.5998243186513521,1.5995761900245653,2067,28,0.10714285714285714
2.870659242633895,1.9442369840258467,4.814896226659742,0.9988995372671959,0.44323433771264587,1.4416461121092898,2068,84,0.047619047619047616
2.6948365804753363,2.00500726692535,4.699843847400686,0.999755190144985,0.45648297859166265,1.4561264172048418,2069,95,0.21052631578947367
2.3104359198566002,1.4225134292859103,3.7329493491425105,0.9999167781653036,0.568278060632639,1.568147545655119,2070,44,0.0
2.402654411725816,1.966200763692413,4.368855175418229,0.9999442951688695,0.4947261299475134,1.4946428664808584,2071,43,0.11627906976744186
1.9712351712005367,1.890790947683702,3.8620261188842386,0.9999505395196806,0.5533588395273118,1.5532820096530005,2072,62,0.11290322580645161
2.1932836922304433,1.6406677869165165,3.8339514791469598,0.9999057744084726,0.5566094208109928,1.5564627483675397,2073,136,0.014705882352941176
2.3507419556559412,1.8567026281697725,4.207444583825714,0.9998885419436643,0.5134163719770386,1.5132476895297913,2074,224,0.09375
2.9273952275680863,2.0759745564869516,5.003369784055038,0.9993179806586652,0.42141087794972143,1.420441448238976,2075,265,0.04150943396226415
2.597089513017169,1.3130716521340742,3.9101611651512433,0.9996945677633506,0.5478296879379548,1.5473569308544155,2076,23,0.21739130434782608
3.4237300276150204,2.8409904027475665,6.264720430362587,0.9993809350650311,0.2755149194322446,1.2747252928715944,2077,1115,0.6026905829596413
2.692713367572505,1.812914589564977,4.505627957137482,0.9999771845885761,0.4789234159556265,1.478889673709427,2084,26,0.11538461538461539
3.0970601943871094,1.9054083099873051,5.002468504374415,0.9993564913304136,0.42149671355234597,1.4205819680933864,2085,20,0.4
2.9127639974396007,1.7347319178481553,4.647495915287756,0.9999404962195458,0.46251466643648553,1.462427641284863,2087,29,0.10344827586206896
2.8969811078913494,1.6333830208291786,4.530364128720528,0.9999404400829828,0.47606244562052147,1.475974531463748,2088,62,0.06451612903225806
3.0125956149054764,2.092877418547045,5.105473033452522,0.9998345782594323,0.4095409107256599,1.4093077420148064,2089,56,0.25
1.8095282343697452,1.865204858370804,3.6747330927405493,0.9998664352403607,0.5750114157693811,1.5748010497482046,2090,21,0.6666666666666666
3.9174384600556906,1.7347817307902127,5.652220190845903,0.9994432286770815,0.3463508572835594,1.3456012477356372,2092,23,0.0
2.592256885290469,2.0251828977371242,4.617439783027593,0.999814342331552,0.46600266368386134,1.4657304890473832,2093,186,0.06989247311827956
2.525184530912667,2.350045388395359,4.875229919308026,0.9935076285254216,0.4365568334207647,1.427230172813853,2094,295,0.11186440677966102
3.193502820579788,1.7298627221928577,4.923365542772646,0.9986595564555857,0.4307059462228502,1.4287881656732806,2095,120,0.0
3.031527636809194,1.8307571563378526,4.8622847931470465,0.9996790457379836,0.43769241861795116,1.437230985108727,2096,97,0.7422680412371134
3.1932053742093918,1.7614536936107519,4.954659067820144,0.9997610246681218,0.42699060938788735,1.4266495938334218,2097,25,0.0
3.5208309183083926,2.219139846073436,5.7399707643818285,0.9790966792799563,0.3365071490060192,1.308569711425715,2098,116,0.008620689655172414
1.3958533398099375,1.1743932870645784,2.570246626874516,0.9999109331821181,0.7027540468173892,1.7026023879328036,2099,72,0.013888888888888888
1.9021465274144231,1.1582723022009962,3.0604188296154193,0.9999577001984761,0.6460727014488392,1.646003072900274,2101,37,0.13513513513513514
3.060509721528671,1.9815550627725704,5.042064784301242,0.9998160134242304,0.41690394173342304,1.4166432504289892,2102,87,0.022988505747126436
2.8949555336912014,1.4060291402268397,4.300984673918041,0.9999146158294627,0.5025839131181173,1.502455616237033,2103,147,0.02040816326530612
3.315069154430895,1.9111968070666387,5.226265961497534,0.9998476080242944,0.3956007369689315,1.3953880586153287,2104,23,0.2608695652173913
3.9368138328326503,2.04329970378318,5.98011353661583,0.9995457023729284,0.3084138160355673,1.3078194067437146,2105,82,0.36585365853658536
3.521267373868563,1.6810639008866022,5.202331274755165,0.9998540048721577,0.39835892081979873,1.3981547672303842,2106,216,0.009259259259259259
1.1063685825402787,2.564607577384953,3.6709761599252317,0.9998030854916193,0.5754666732178202,1.5751564409723935,2107,3085,0.9244732576985414
3.2977834602271656,1.7341653400569204,5.031948800284086,0.9985867547652434,0.4181498208654134,1.4161456273889044,2108,26,0.0
3.577936609899723,1.2771706100423996,4.855107219942123,0.9993076721980494,0.43856440538189234,1.43756844724915,2109,24,0.041666666666666664
2.72672866854403,1.6166355417121783,4.343364210256208,0.9992042320317984,0.4977504454157269,1.4965585835869053,2110,44,0.0
3.8798540333458873,2.0304432123693243,5.910297245715212,0.9976931489411927,0.3165856735536643,1.3135485064986163,2111,60,0.03333333333333333
4.469124681912879,1.9524513462178934,6.421576028130772,0.9994230154682655,0.2573849792696883,1.2566594875862145,2112,63,0.14285714285714285
4.992754976051963,2.0579003222864616,7.050655298338425,0.999497896016755,0.18460758838026625,1.1840127921915582,2113,108,0.06481481481481481
3.805641351948539,1.6047696143617087,5.4104109663102475,0.9995631134661698,0.37431693473193073,1.3737165141699315,2114,42,0.09523809523809523
3.7850943316085277,1.6218638561201169,5.406958187728645,0.9991467710081867,0.3747487671965791,1.3735757916919473,2115,47,0.23404255319148937
2.557381205127974,2.067720025798542,4.625101230926516,0.9986315076159833,0.4652148210425684,1.4632096857190233,2116,491,0.1120162932790224
4.2642947504529,1.7951081866969618,6.059402937149862,0.9996768578620752,0.29925015847583725,1.298830316001928,2117,129,0.023255813953488372
3.96319944791972,2.1509610157464327,6.114160463666153,0.9994846044875569,0.29291978750485714,1.2922534224484283,2118,111,0.23423423423423423
3.809469507189715,1.4614518955474116,5.270921402737127,0.9994359989025625,0.39045693392426495,1.3896727146875922,2119,42,0.023809523809523808
4.417011736222418,2.138479394949627,6.555491131172045,0.9992013321888596,0.2418971089537153,1.2409052457080456,2120,56,0.19642857142857142
4.8537726059366815,1.505682192828619,6.3594547987653005,0.9991136822263008,0.2645752747917046,1.263454459249476,2122,29,0.034482758620689655
3.08926258871952,1.299484637709246,4.388747226428766,0.9989027143261293,0.49253251417623667,1.4908947796306449,2123,33,0.12121212121212122
2.7854595861549645,2.8417274156061088,5.627187001761073,0.999635210843994,0.3492355297970968,1.348743343306929,2124,706,0.9504249291784702
3.6448087905212887,2.37326774561884,6.0180765361401285,0.9994220023147127,0.3040455506265852,1.3032918153168138,2125,147,0.54421768707483
3.456997497260492,1.8024616249915897,5.259459122252082,0.9994368419051454,0.3917784676649648,1.390994676354655,2126,118,0.7796610169491526
1.7206693404568272,2.1691572245289716,3.889826564985799,0.9996782915214638,0.5501611636013255,1.5496624636118974,2127,214,0.8598130841121495
2.7748855316613965,2.1409501945996072,4.915835726261004,0.9997617232445866,0.43149847893325866,1.431157386120319,2128,102,0.2549019607843137
3.076200717094911,1.4533621401661896,4.529562857261101,0.9998029445655503,0.47616516140806153,1.4758742750408609,2131,31,0.0
4.223476660968341,1.4523785750729683,5.6758552360413095,0.999660086075967,0.34359918603923223,1.3431424779675782,2132,21,0.14285714285714285
2.4323776353659596,2.010922084488718,4.443299719854678,0.9996033242335369,0.4861633599011068,1.4855738349112286,2136,48,0.5833333333333334
3.6489393626194766,2.1110058678073993,5.759945230426876,0.999910495898358,0.33385829064860484,1.3337389048605826,2137,192,0.11458333333333333
3.018350300696685,2.403428955570587,5.421779256267272,0.9968327593552817,0.3731441945494871,1.368795116445451,2139,135,0.34814814814814815
3.1592277380425515,1.6882871198405511,4.847514857883103,0.9999314496580659,0.43938986799397084,1.4392911973263434,2140,44,0.09090909090909091
1.1697519025785772,1.5955487100542507,2.765300612632828,0.9985076755698141,0.6803557467175512,1.6778481107853214,2141,145,0.8827586206896552
3.5095231210950217,1.7341468898548253,5.243670010949847,0.9999062244404822,0.3935629708370302,1.3934322886897166,2142,61,0.0
3.353663368204833,1.3687580714562495,4.722421439661082,0.9997691331180094,0.45386270566571596,1.4535270569160166,2144,72,0.0
2.7622404260476654,1.5986209500101496,4.360861376057815,0.9999622904146128,0.4956593170834619,1.4956029163907343,2145,63,0.031746031746031744
3.9776545383554613,1.1029489941021846,5.080603532457646,0.9999132058605238,0.4124196748519534,1.4122970851016954,2146,23,0.043478260869565216
3.666795551373887,1.3762157514561095,5.0430113028299965,0.9996470785122784,0.4168034142205175,1.4163033938517617,2147,26,0.038461538461538464
1.022409868819242,1.344925502580283,2.367335371399525,0.9999525061725862,0.7262190861620492,1.7261371014106928,2151,146,0.863013698630137
4.394263646632127,1.9727737274210124,6.367037374053139,0.9994425393210962,0.2636731504604839,1.2629687023681155,2156,81,0.012345679012345678
5.23960823020646,1.6887239277192752,6.928332157925735,0.9983681564590554,0.19880000973461842,1.1968437556818488,2157,31,0.06451612903225806
3.027667638284967,1.3150332751055753,4.3427009133905425,0.9999639572254966,0.4977488284467272,1.4976948454234407,2158,37,0.05405405405405406
1.4848258658303228,1.5409192791202297,3.0257451449505526,1.0000049855532014,0.6500717581101731,1.6500799846307093,2165,46,0.2608695652173913
1.8350731500768194,1.0003766393086688,2.835449789385488,0.9999729156409236,0.6720881438404497,1.6720428564047545,2166,23,0.6086956521739131
2.13228464278491,1.8180988804113247,3.9503835231962348,0.9993739082215264,0.5431945378819367,1.5422283564691834,2167,36,0.4444444444444444
1.3700240912316084,1.2808789051994895,2.650902996431098,0.9999715074619973,0.6934092893180384,1.6933610397895082,2168,23,0.13043478260869565
1.8597172882012671,1.705646652384588,3.565363940585855,0.9999349999368186,0.5876663530464081,1.587563154633149,2169,90,0.28888888888888886
0.9995587613785754,1.6322746016611105,2.6318333630396857,0.9999880708990934,0.6956250412124101,1.6956048139301938,2170,104,0.7019230769230769
2.132175679204494,1.6526374353311248,3.784813114535619,0.9999549760541526,0.5622754786163644,1.5622051388098166,2172,47,0.14893617021276595
3.0947782543200373,2.8227809753112587,5.917559229631296,0.9964005749172604,0.3157951910692194,1.3110590848547368,2174,275,0.7054545454545454
2.2668386195661863,1.610553501803488,3.8773921213696743,0.9998548724866332,0.5515876348894304,1.5513624568342084,2176,112,0.03571428571428571
1.4639129251097873,1.602215931584414,3.0661288566942013,0.9997618939842398,0.6454237969437436,1.6450320116392163,2177,195,0.18461538461538463
2.4716554205017958,1.5316009888047701,4.003256409306566,0.9998233247885264,0.5370466730053765,1.5367751149593785,2178,43,0.37209302325581395
1.0660744602491241,1.5799883382405393,2.6460627984896634,0.9995709873609516,0.6940203524337424,1.6932935962917433,2179,57,0.6140350877192983
1.7354156520751618,1.0602742907284346,2.7956899428035964,0.9998837805344332,0.6766925520323575,1.6764976877200404,2180,32,0.0625
2.3074388037021047,1.9655368698093043,4.272975673511409,0.9990860962758321,0.505901272924286,1.5045250241427315,2181,219,0.0136986301369863
3.101771397576741,2.2157654752990417,5.317536872875783,0.9988681280880521,0.38509228893521597,1.3835245418779145,2182,49,0.1836734693877551
3.2522136228641934,1.907243907185098,5.159457530049291,0.9998644801067933,0.40331716959157216,1.403126992198614,2183,122,0.00819672131147541
3.221369018117669,2.323006234284818,5.544375252402487,0.9995467952996007,0.3588164666777801,1.3582006446681016,2184,232,0.04310344827586207
3.8189746526019923,2.1416222255480872,5.9605968781500795,0.9981290327412171,0.31076167152142975,1.3083092793499456,2185,47,0.10638297872340426
2.336402694798472,1.7497969972883731,4.086199692086845,0.9996568551132543,0.52746659138811,1.5269424490376005,2186,68,0.014705882352941176
2.706962955286904,1.761745328776199,4.468708284063103,0.9990222371707435,0.48327361648275613,1.4818233266749423,2187,88,0.011363636363636364
3.7644146633741977,2.1243906615771744,5.888805324951372,0.99148855889352,0.31923075443223514,1.308002199560028,2188,124,0.0
2.7514754492996807,2.0243334386550216,4.775808887954702,0.999186782919825,0.447735469789475,1.446558146577867,2189,197,0.14720812182741116
4.187164513284025,1.2132298078656278,5.400394321149653,0.9996653496044108,0.3754498723318701,1.3749895774879812,2190,24,0.0
3.7486983847502646,2.0429591008733743,5.791657485623639,0.9912335058047799,0.3304954547213562,1.3188316740407746,2191,250,0.032
4.066977861152168,1.9731237711186242,6.040101632270792,0.9999176293488321,0.3014587631533465,1.3013515611475575,2192,105,0.009523809523809525
4.225926849812234,2.534059176614539,6.759986026426773,0.9988173075121212,0.21825073682686258,1.2168099208320646,2193,430,0.046511627906976744
4.186132233692795,1.8765314200565237,6.062663653749318,0.9996702249860214,0.2988635994166796,1.2984352666550256,2194,154,0.012987012987012988
4.213260436914853,1.5283338104475774,5.74159424736243,0.9996733130388732,0.33600414865264405,1.3355676935172678,2196,21,0.0
3.7980547194430896,3.1424323030448624,6.940487022487952,0.9885340595552361,0.19736046783170536,1.1836316040166324,2197,1503,0.10778443113772455
4.254146102225295,1.7519905217072314,6.006136623932527,0.9989278345426247,0.3054464817477732,1.304046827123591,2198,62,0.0967741935483871
4.357286383143063,1.740477126624513,6.097763509767576,0.9910203997646824,0.2950374157853006,1.2834084975017699,2199,108,0.018518518518518517
3.7667434093429844,2.0462484442760704,5.812991853619055,0.9992603558308026,0.3277471827967825,1.3267651223348587,2200,43,0.16279069767441862
3.9281768127171723,1.6843835407742151,5.6125603534913875,0.9997994702436755,0.35088560973015515,1.3506147169680138,2201,20,0.5
3.991018384355977,2.6130744926044125,6.604092876960389,0.9985466001069021,0.23629431730564965,1.23449748727704,2205,97,0.4639175257731959
1.5992155412927773,1.4840034473532295,3.083218988646007,0.9922310952246687,0.6441677634485723,1.631394380659671,2206,46,0.7608695652173914
3.055898365631086,2.309618894135887,5.365517259766973,0.9995704043096254,0.3795174666867195,1.3789248319282343,2212,38,0.5
2.5070279044817356,1.2688377754224227,3.7758656799041583,0.999568256960393,0.5633437418898406,1.5626687791107665,2213,20,0.05
3.8062772897260158,1.4201271012864836,5.226404391012499,0.9997228735979142,0.3955781878462007,1.3951914362841735,2215,44,0.8181818181818182
2.8992507950922377,1.3363711728899812,4.235621967982219,0.9999609629137853,0.5101482579302246,1.5100893061424827,2216,20,0.4
2.965252095461818,1.1248870659511314,4.090139161412949,0.9999145389657147,0.5269809166866851,1.5268504193182113,2217,37,0.10810810810810811
2.0268331577642353,2.3629857400038468,4.389818897768082,0.9994332380266074,0.49235129791403454,1.4915054899474338,2222,83,0.7590361445783133
3.141154056244176,1.1643574688126832,4.305511525056859,0.9991565528094385,0.5021381159056079,1.500871141731912,2226,29,0.06896551724137931
1.3867743096485718,1.4447914042407406,2.8315657138893124,0.9999641198244473,0.6725262426652951,1.6724662321300918,2229,110,0.9090909090909091
3.0783598686480858,1.8162446713608897,4.8946045400089755,0.9999223561033255,0.43393230215929635,1.4338209660677892,2231,39,0.1794871794871795
2.791464819819781,1.4565700625349671,4.248034882354748,0.9999125706351372,0.5087012726651043,1.5085693678710674,2232,25,0.2
3.1230644540757155,1.075439389169302,4.1985038432450175,0.9998480718528266,0.5144452076092343,1.5142151207548467,2235,47,0.02127659574468085
1.3716134918661733,1.6864383788619752,3.0580518707281485,0.9999761034012955,0.6463306960717374,1.6462913543677584,2240,23,0.6956521739130435
3.139740114970795,0.9768173465435406,4.116557461514335,0.9999683471525443,0.5239214861548582,1.5238732497005225,2241,37,0.02702702702702703
2.444846108910199,1.938601023795977,4.383447132706176,0.9999232490087122,0.4930508764835402,1.492936283348727,2242,42,0.5238095238095238
2.4716339266243574,2.98900214619871,5.460636072823068,0.9987862882348144,0.36854966096177644,1.3668886361370265,2243,290,0.7517241379310344
3.1652564806914363,1.5061342561683677,4.671390736859804,0.9995296450850151,0.45978176359725487,1.4590951480699414,2244,128,0.1328125
3.3901294631864873,1.1458651374750302,4.5359946006615175,0.9998824502828463,0.4754200411783239,1.4752466059698004,2245,67,0.014925373134328358
3.1573094728432936,0.8552971506318223,4.012606623475116,0.9997287290991119,0.5359545773898341,1.5355379176079023,2246,25,0.04
3.2881889704838434,1.3118827323495834,4.600071702833427,0.999661023861808,0.4680252317483674,1.4675276062245408,2247,95,0.042105263157894736
2.9264922083272946,2.136193568197063,5.062685776524358,0.9997092145885509,0.41450483283606987,1.4140935154662568,2248,53,0.5094339622641509
3.3512663250507284,1.6919045524048935,5.043170877455622,0.9999063348648553,0.41674973426490936,1.4166170342095832,2249,82,0.13414634146341464
3.4169979101030656,1.4439802623915692,4.860978172494635,0.9994583025406027,0.43786976133423405,1.4370908709375751,2250,109,0.0
3.0971610707718114,1.292780158863918,4.389941229635729,0.9997096990952278,0.492318504658665,1.4918852832465543,2251,150,0.0
3.7682859689603365,1.2321957821839638,5.0004817511443,0.9999100990329722,0.4217033742536541,1.421575561745482,2253,36,0.027777777777777776
2.4021516555997553,2.0639938791819525,4.466145534781708,0.9999362203329496,0.4835014099437501,1.483406792717755,2254,34,0.7647058823529411
3.7548250925627458,1.6369402197142189,5.391765312276965,0.9999064945853524,0.37643498339469883,1.3763062792708411,2255,38,0.07894736842105263
3.6159436740884647,1.3884635387329904,5.004407212821455,0.9999358943335098,0.421235054196608,1.4211439449762195,2256,105,0.0380952380952381
1.6187664377456499,1.640710356573687,3.259476794319337,0.999980782515145,0.6230434310229362,1.6230122402103815,2257,120,0.008333333333333333
1.5927234157684818,2.102825922693454,3.6955493384619356,0.9999592685727463,0.5726080640544808,1.5725440094835212,2258,80,0.275
1.0442027777170053,1.4599516468383205,2.5041544245553258,0.9999650854029893,0.710386176905761,1.7103264594616618,2260,25,0.4
1.8810897100132766,1.7273228986210827,3.6084126086343593,0.9998454651574056,0.5826912800777058,1.5824466991298634,2262,47,0.1276595744680851
2.74642857634626,1.6726133539046226,4.4190419302508825,0.9999045464413541,0.4889377422848161,1.4887956178787127,2265,45,0.044444444444444446
2.4320735469026356,1.7124702133805578,4.144543760283193,0.9999635636611057,0.5206988365797491,1.5206434278815832,2268,23,0.08695652173913043
1.3970875953003241,1.566153208934463,2.963240804234787,0.999907032420661,0.6573088445742999,1.657154768582803,2272,114,0.13157894736842105
2.921122179635656,1.7641013804016605,4.685223560037317,0.9999339172568402,0.4581472777542419,1.4580509193821969,2273,85,0.0
2.7800905698021814,2.1611987672091373,4.941289337011319,0.9994679217755974,0.4285764380288891,1.4278163236143193,2274,288,0.0
2.97670991758946,1.573615068963072,4.550324986552532,0.9999072307080694,0.4737489007490324,1.4736121821070265,2275,24,0.20833333333333334
2.5563271442664792,2.156753688457342,4.713080832723821,0.9999250836214431,0.4549288833389017,1.454819885335904,2276,50,0.0
2.968507596774827,2.5154353259999973,5.483942922774824,0.9993763585093363,0.36582295099118434,1.3649711671300455,2278,89,0.11235955056179775
4.019683514251321,1.9593015987420372,5.978985112993358,0.9971932491584726,0.30866734305815957,1.3049942398917516,2279,107,0.037383177570093455
3.9672411299789565,2.1186931497589128,6.085934279737869,0.9997439103550334,0.2961694969469201,1.2958375613606303,2280,125,0.008
2.0067357111733695,1.3520651345485653,3.3588008457219347,0.9997668137675993,0.6115771693172629,1.611201371708927,2281,64,0.078125
1.8123630494785048,1.2014339813795778,3.0137970308580826,0.999994028892241,0.6514583251447394,1.6514484641091205,2283,20,0.05
2.1480035357415956,1.524180489414213,3.6721840251558087,0.9997228022607363,0.5753346917935981,1.574898012578449,2284,30,0.06666666666666667
2.2426732289674027,1.334204538135595,3.5768777671029977,0.9999367285979497,0.5863395462877767,1.5862391763605552,2286,66,0.0
1.8667831674148538,2.212869656396632,4.079652823811486,0.999830442262026,0.5281985544193977,1.5279394365293353,2288,298,0.8120805369127517
4.101347712190894,2.342881293091714,6.444229005282608,0.999818366391507,0.25472872227004895,1.2545008213645432,2289,667,0.9805097451274363
2.307553279498809,1.6705488689736026,3.9781021484724115,0.9992375292652951,0.5399934782422069,1.5388192782834107,2291,45,0.6444444444444445
4.600519078933314,2.386542866704281,6.9870619456375955,0.9935595270489961,0.19203038374529646,1.18435314430201,2293,205,0.7560975609756098
4.226688793576132,2.355049257837944,6.581738051414076,0.9971598498590826,0.23891721682772393,1.2353985059197656,2296,54,0.6296296296296297
4.127753703666143,2.0759606329431985,6.203714336609342,0.9997981465134111,0.2825374869888605,1.282278602325431,2297,21,0.3333333333333333
4.072539015069343,1.9552823173976916,6.027821332467035,0.9994784301153857,0.3029012696298877,1.302221715565023,2303,24,0.4583333333333333
3.559549927969054,2.0463408105566208,5.605890738525675,0.9998305585874063,0.3516870000046961,1.3514579682500307,2304,266,0.9736842105263158
3.2001015538588127,1.6798739355375694,4.879975489396382,0.9995641293318572,0.43566515859383315,1.4350393942619275,2305,62,0.016129032258064516
3.4629323272247374,1.284274694978616,4.747207022203353,0.999925006051452,0.45097937594466975,1.4508705612720059,2306,42,0.8095238095238095
3.316757926408972,2.0642536144241013,5.381011540833073,0.9998557346954908,0.37769487019959724,1.3774961166296271,2308,86,0.7209302325581395
1.3274138394508361,1.6548629759891103,2.9822768154399464,0.9999274562137501,0.6551053910232902,1.6549853234115828,2310,90,0.8888888888888888
3.8601847084993253,1.653543129139007,5.513727837638332,0.999287088983048,0.3623841156937585,1.36141285704836,2312,28,0.5357142857142857
2.8344711632532618,2.3236563582373226,5.158127521490584,0.9999479628125749,0.4034531156973342,1.4033800839445103,2313,57,0.5087719298245614
2.860774503834426,2.0540158136640407,4.914790317498467,0.9999142901227507,0.43160486448103264,1.4314821618038285,2316,77,0.15584415584415584
2.4899969947462712,1.9714931653296142,4.461490160075885,0.9998858629079961,0.48403176796110703,1.4838623848906705,2317,44,0.045454545454545456
2.6001689093890765,2.3896569240481473,4.989825833437224,0.9989886682469119,0.4229987091513876,1.4215595853722194,2320,98,0.5408163265306123
3.6933787123059028,1.7736143282395491,5.466993040545452,0.9987164244783293,0.36781533744210504,1.3660596431567986,2322,81,0.5802469135802469
1.757294394941482,2.3791190547262495,4.136413449667732,0.9998847237998132,0.5216270109783241,1.521451603598397,2323,73,0.8356164383561644
3.3112284514778056,2.6445121026961718,5.955740554173977,0.9989461301462952,0.3112739136335453,1.3098920015860174,2324,348,0.11206896551724138
0.9153438483449006,1.8510347206994644,2.766378569044365,0.9999578229799252,0.6800652858038324,1.6799944256565462,2325,143,0.35664335664335667
1.174056611558017,1.0409990212521405,2.2150556328101576,0.9998518776452494,0.7438402823104902,1.7435819805815655,2326,70,0.04285714285714286
2.473732370460874,2.2959762418585865,4.7697086123194605,0.9989459496037245,0.4484607895772311,1.4469340389079877,2327,293,0.757679180887372
1.7436104152215772,1.4494117332668812,3.1930221484884584,0.9998836762294709,0.6307329511410351,1.6305432581354324,2328,48,0.25
1.5262105083476973,1.9215360471849408,3.447746555532638,0.9999438431477506,0.6012762340063276,1.6011863113734441,2330,22,0.5454545454545454
2.028334691961152,2.080301465757221,4.108636157718373,0.9993892428366791,0.5248861954527025,1.5239548602855806,2332,78,0.08974358974358974
1.857585490814331,2.0742901123903534,3.9318756032046847,0.9992078931379316,0.5453588791074849,1.5441347897349855,2333,82,0.3780487804878049
1.2500864883969331,1.9924329750375884,3.2425194634345216,0.9990182328664896,0.6251011536048361,1.623505682703597,2334,243,0.3004115226337449
0.8388070974231542,0.802889947925384,1.6416970453485382,0.9998194724125162,0.8101552717746914,1.8098284888105067,2338,28,0.10714285714285714
0.731260942298892,1.1313214302027155,1.8625823725016075,0.9997655974449693,0.7846175014996125,1.7841991825975083,2342,67,0.05970149253731343
0.7933258507235112,0.9356173810837278,1.728943231807239,0.999956869986267,0.8000476992467033,1.7999700631647146,2343,97,0.0
0.6048462585376275,0.9871557156478132,1.5920019741854408,0.9999532874565962,0.8158866119411577,1.8158017872589811,2344,214,0.04672897196261682
0.661225190213531,0.9554408979577894,1.6166660881713204,0.9999547051153879,0.8130296837047637,1.812947562734442,2345,33,0.06060606060606061
0.6161838821586109,0.8514244335452893,1.4676083157039002,0.9999570997951448,0.8302705722745787,1.8301920532920877,2346,41,0.024390243902439025
0.8676587783825973,1.94259622589437,2.8102550042769674,0.9998904005479596,0.6750009086389209,1.6748173294571669,2347,109,0.44036697247706424
1.9150726398235935,1.207131044067653,3.1222036838912466,0.9999701620946075,0.6389082430393591,1.6388593414502564,2350,20,0.0
0.9619641872163963,0.9741345822668083,1.9360987694832046,0.9999821103613515,0.776087785687732,1.776056012119038,2351,31,0.0
0.8952779775930502,0.9292836020496285,1.8245615796426786,0.9999866174467418,0.7889916847554088,1.788967743478909,2352,62,0.016129032258064516
1.7149642095139657,1.6258123868447807,3.3407765963587464,0.9995307692514424,0.6136824196681389,1.6129252302584236,2353,211,0.018957345971563982
1.4683276712071576,1.3174374593411222,2.78576513054828,0.9997616245261078,0.6778508266750424,1.6774508681891134,2354,39,0.0
2.2319095344450486,1.8701190948453568,4.102028629290405,0.9998017135351309,0.5256135472142407,1.525311038697207,2355,234,0.0
2.5846126506041522,1.6377402902644085,4.222352940868561,0.9999331891877614,0.511666291494991,1.5115652958422225,2357,21,0.047619047619047616
3.810196129016565,1.7713191045710284,5.581515233587593,0.9966275251821,0.3546744865405278,1.3501058809482183,2358,40,0.05
2.247064891088441,1.8530975430420806,4.100162434130522,0.9992105039865792,0.5258897762645744,1.5246850923692938,2375,45,0.7777777777777778
1.8863038675096486,1.2015171917771863,3.087821059286835,0.9999129503254054,0.6428958754553652,1.642752861904014,2380,65,0.0
2.0657947343712664,1.1404019021046161,3.2061966364758825,0.9999580465603797,0.6291979718447591,1.6291296213860178,2384,40,0.025
2.30075436233965,1.0699259579091218,3.3706803202487716,0.999952702932283,0.6101797029052711,1.6101035461268263,2392,25,0.36
2.3892735396486913,1.484708680493572,3.8739822201422633,0.9999096630958932,0.5519773062979703,1.5518371054728752,2396,21,0.2857142857142857
3.096583830467861,1.964395777844524,5.060979608312385,0.9947626867826085,0.4150023842316799,1.4075915735421027,2415,29,0.2413793103448276
2.091950646524504,1.4701687142163387,3.5621193607408426,0.9998581270083731,0.5880367210003029,1.587811421479881,2429,21,0.0
2.3047608869611698,2.0281871622127032,4.332948049173873,0.9887642389323108,0.4995909661713922,1.4827419203762253,2430,155,0.03225806451612903
1.7176214769541442,1.7386459471509512,3.4562674241050955,0.9987942014288851,0.6004041238060995,1.5984743588004076,2431,53,0.5849056603773585
2.3060771672687568,1.6888310831548425,3.9949082504235993,0.9992847498953398,0.5380481965249906,1.5369481073914537,2432,99,0.6161616161616161
2.0483707033425103,1.5430854147682136,3.591456118110724,0.9994367962875466,0.5846961741514505,1.5838036673830578,2433,45,0.044444444444444446
1.3919342281763745,1.2397783850993405,2.631712613275715,0.9997150759282531,0.6956550114339399,1.6951718785038041,2434,40,0.05
1.8488411423344064,1.0782163782539549,2.9270575205883613,0.9998701159834813,0.661481046933527,1.6612652471017815,2435,25,0.08
1.8766388348858167,1.40645042700445,3.2830892618902667,0.9997331631507678,0.620330064313978,1.6198977005449002,2436,33,0.30303030303030304
0.9699053196349957,1.3538696163770405,2.323774936012036,0.9999408216427577,0.7312543132701297,1.7311518604839016,2437,104,0.21153846153846154
1.2784106945858262,1.3398453556472618,2.618256050233088,0.9999115755925988,0.6971976123136019,1.6970475386204904,2438,81,0.19753086419753085
1.487542715882404,1.8818623046611935,3.3694050205435975,0.9998115446933162,0.6103307282098527,1.6100272528386057,2439,360,0.275
0.7948556782544411,0.6917557350126364,1.4866114132670776,0.9998351754871823,0.8280889561370739,1.827787642265491,2440,33,0.06060606060606061
0.9210382830692527,1.5794904219482637,2.5005287050175165,0.9999514020030095,0.7107991249437039,1.7107159835329786,2441,43,0.2558139534883721
1.802167575181532,1.838105167869116,3.640272743050648,0.99980782235705,0.5790118951858094,1.5787084444016026,2442,64,0.3125
2.401277664438339,1.7230835437171934,4.124361208155532,0.9996917641487653,0.52303909970671,1.5225696444533483,2444,90,0.3333333333333333
1.2536611624055158,1.5401133755514245,2.7937745379569403,0.9998858236680574,0.676908950252411,1.6767174869394696,2446,84,0.5833333333333334
1.584914273342458,2.052076583237971,3.6369908565804288,0.9995807187232879,0.579420723969202,1.5787585024315907,2447,124,0.07258064516129033
1.3975433982369407,1.911575669825088,3.309119068062029,0.999842438246146,0.6173177380122177,1.6170629105928773,2448,58,0.06896551724137931
2.2633959987037726,1.9650477165602376,4.22844371526401,0.9996180648479553,0.5110031732694909,1.5104260680427681,2450,82,0.24390243902439024
0.7926804514437576,1.310085277569235,2.102765729012993,0.9999613500129705,0.7568164013444347,1.7567485004133094,2451,52,0.057692307692307696
1.4344683932747915,1.5686322811167288,3.0031006743915203,0.9999474448006386,0.6526938175767532,1.652606959923687,2452,22,0.18181818181818182
1.7270518565637207,1.577018993942359,3.3040708505060796,0.9999831497171884,0.6178785479793015,1.617851286268213,2453,28,0.07142857142857142
1.6645924558090526,1.7768617261497415,3.441454181958794,0.9999300964746347,0.6020011768867349,1.6018891913568312,2454,26,0.34615384615384615
1.387235081539837,1.1430922723956338,2.530327353935471,0.9999185006884864,0.7073747160215436,1.7072355661576921,2455,44,0.0
1.4563268252019994,1.6865925293108899,3.1429193545128893,0.9998767267767599,0.6365355403795658,1.6363337993685563,2457,106,0.08490566037735849
1.483771950768013,1.2958862772286943,2.7796582279967073,0.9999971906664018,0.6785372004452728,1.6785324848743197,2458,21,0.0
1.1352279297676506,1.567883993802692,2.7031119235703427,0.9999789473010136,0.6873848089166308,1.6873492849121745,2469,35,0.11428571428571428
0.699086033184173,1.213923016735873,1.913009049920046,0.9999731733731031,0.7787582349228919,1.7787105168393837,2470,42,0.16666666666666666
0.4032106044991689,0.6984003467943986,1.1016109512935675,1.0000164137796175,0.8725979396125321,1.8726286760224249,2482,26,0.7692307692307693
0.7755413868620982,1.1134298792245991,1.8889712660866973,0.9999819248866396,0.7815358716726664,1.7815036702098301,2499,28,0.35714285714285715
0.8336048163628685,1.7494715388573283,2.583076355220197,0.9999162754698239,0.7012687883683905,1.701126350438381,2506,99,0.030303030303030304
1.4551930708237923,2.30472647936384,3.7599195501876324,0.9997206506607532,0.5651821379505555,1.5647449053545182,2507,1111,0.0063006300630063005
2.5361408611584886,1.9060821259816598,4.442222987140148,0.9994037535979836,0.4863005571153908,1.4854143557558959,2508,171,0.0
2.3406048885760717,2.4636237243910295,4.804228612967101,0.9992828973341574,0.4444427596818622,1.4434069459282373,2509,490,0.0
2.101300006303843,1.800497628215084,3.901797634518927,0.9998377409585042,0.5487648086234433,1.5485135075300938,2510,129,0.3178294573643411
1.7427485464643448,1.1999638171160487,2.9427123635803936,0.9999556080421009,0.6596750958596929,1.6596014196327113,2511,71,0.028169014084507043
2.1773783786758747,1.4969387508748149,3.6743171295506896,0.9994912598936451,0.5751128658257065,1.5743115427388252,2512,65,0.07692307692307693
2.736870475352815,1.2323693032365752,3.9692397785893903,0.9998221658815527,0.5409770168584346,1.540702978569094,2514,50,0.0
2.863720804061148,1.150778027515127,4.014498831576275,0.9999677689582201,0.5357152022863902,1.5356657045855435,2515,23,0.08695652173913043
1.9428412825300754,1.9432993635842242,3.8861406461142995,0.9999428967399324,0.5505644662858395,1.5504759239998696,2516,336,0.02976190476190476
1.0031515095993098,1.097132063565104,2.100283573164414,0.9999546662198253,0.7570980071088945,1.7570183512140949,2517,117,0.008547008547008548
1.0383257149597525,1.6190536339514778,2.6573793489112303,0.9998251803157358,0.6926872559401689,1.6923913408885274,2518,1195,0.008368200836820083
1.373031551983644,1.9095560371533222,3.2825875891369662,0.9999285325250309,0.6203668522286694,1.620251048701217,2519,65,0.18461538461538463
1.8093271422931747,1.634665315502736,3.4439924577959107,0.9999270203312784,0.6017109544530107,1.601594062118167,2520,21,0.5714285714285714
1.9011074208479504,1.7554928825344613,3.6566003033824117,0.9999898460969658,0.5771150550826222,1.5770990412092791,2521,69,0.028985507246376812
1.8173595597826193,1.7602058421122793,3.5775654018948986,0.9992000904399767,0.5863314909231115,1.5850625691981561,2523,262,0.03816793893129771
1.9206585968956282,1.451160590344932,3.3718191872405603,0.9997570202456985,0.6100761671211619,1.609684951209668,2524,44,0.1590909090909091
2.396107766866679,1.9746281664800738,4.370735933346753,0.9997954429443902,0.4945313209700918,1.4942256040435575,2525,213,0.06103286384976526
3.682501421188248,1.8365937853207743,5.519095206509022,0.9997071776389543,0.3617235470904199,1.3613248039862693,2526,71,0.07042253521126761
2.6432477966057806,1.72110446981173,4.3643522664175105,0.9994690952250839,0.49530717835556615,1.4945133126346108,2527,54,0.05555555555555555
1.832815944654815,1.540964209831785,3.3737801544866,0.9998044391436725,0.6098317951206956,1.6095169750362985,2528,32,0.03125
2.6833032217179102,1.6765792386496834,4.359882460367594,0.9998464680941508,0.4957788702450614,1.4955492204643837,2529,34,0.0
3.12896601922406,1.6458751319370837,4.7748411511611435,0.9998696555899849,0.44778178770092647,1.447593077437978,2530,20,0.05
2.609855039087169,1.5337245555778467,4.143579594665016,0.9999170111328659,0.5207879712419787,1.5206617627710943,2533,84,0.011904761904761904
3.2671014457546197,2.278188436652449,5.545289882407069,0.999793148528825,0.35869103813011727,1.3584099908900078,2534,506,0.005928853754940711
2.2475793431233573,3.047596186366552,5.295175529489909,0.9997051530765051,0.38762607689251205,1.387216939612779,2535,3547,0.002255427121511136
0.9196139273222715,1.6266480218182453,2.5462619491405167,0.9999337382706146,0.7055267152804034,1.705413704130736,2536,635,0.0
0.9328024569485253,1.1660345679963222,2.0988370249448476,0.999911980222592,0.7572742093355691,1.7571195344508186,2537,113,0.008849557522123894
0.6511194607069629,1.0294783390428761,1.680597799749839,0.9999902219617619,0.8056368924564787,1.8056192368699002,2538,53,0.018867924528301886
0.9427966513062557,1.3193046683414829,2.2621013196477384,0.9999806737328507,0.7383837804558191,1.7383501839864701,2539,56,0.05357142857142857
0.8328901404339063,1.0188249316106193,1.8517150720445255,0.9997334291771398,0.7858768137185853,1.7854007510668253,2540,24,0.041666666666666664
0.862295769701425,1.4072796749718615,2.2695754446732863,0.9999611479578856,0.7375186335627402,1.7374511274156146,2541,22,0.09090909090909091
1.0440606070262375,1.421074776187883,2.4651353832141205,0.9999485034250721,0.7149060464579624,1.714817734670247,2542,35,0.02857142857142857
0.8647181749665366,1.319779903579224,2.1844980785457606,0.9999371572899098,0.7473659239274746,1.7472561147172958,2546,55,0.7090909090909091
0.9300587987229681,1.8203557308496414,2.7504145295726095,0.9999766489979596,0.6819163131620989,1.6818770387308384,2547,37,0.40540540540540543
1.182973304972024,1.4920075158463695,2.6749808208183934,0.9997051193687874,0.6906720377622699,1.6901734913246012,2549,64,0.21875
1.918296947440309,1.4157712420357456,3.3340681894760547,0.999898524998887,0.6144148742855722,1.6142510515344073,2550,32,0.09375
1.0808706147065925,2.0444872692198626,3.125357883926455,0.9999793237959954,0.6385502013030392,1.6385163223048052,2551,72,0.4166666666666667
0.8872007863504943,1.4245490848633227,2.311749871213817,0.9998863345040481,0.7326496065007495,1.7324526640239157,2552,53,0.2830188679245283
0.7929283683465705,1.4242221234575907,2.217150491804161,0.999996863113684,0.7435868953248557,1.7435814258909828,2553,27,0.18518518518518517
1.1490417861377682,1.6552888295484833,2.8043306156862515,0.9998555265287836,0.6756859409887469,1.6754438488241838,2555,33,0.6060606060606061
0.842655682253334,1.3261024206386467,2.1687581028919807,0.9999466348484806,0.7491821268213557,1.7490887814521228,2556,25,0.12
2.689636844337349,2.4311705687077327,5.120807413045082,0.9997658446223081,0.40779623269395027,1.4074665896353706,2558,170,0.9058823529411765
1.7889018908703538,1.9467345945925867,3.7356364854629405,0.999935441603135,0.5679669617909012,1.5678657363575108,2559,26,0.6153846153846154
0.7351299849801062,1.6434154052010461,2.378545390181152,1.00001065746183,0.724924416882226,1.7249428001983584,2560,22,0.45454545454545453
0.8362709706013457,1.1577723461183598,1.9940433167197056,1.0000153288270672,0.769389589126618,1.7694167117936443,2561,22,0.6818181818181818
0.7159128459444544,1.748557682920274,2.4644705288647284,0.9999485155222867,0.7149797394523546,1.71489144461618,2562,32,0.5
1.2445215572436066,1.5170241080116789,2.7615456652552854,0.9999641199877348,0.680617137229454,1.6805568366659571,2563,34,0.17647058823529413
0.19569445077504266,0.7474266372378815,0.9431210880129242,0.999959771733969,0.8909307358062489,1.8908546669415627,2568,24,0.0
1.2939449091344577,1.4874074177460304,2.781352326880488,0.9999164020126521,0.6783363786609291,1.6781960731175802,2572,415,0.07710843373493977
1.0027340259388284,2.0102751170531485,3.0130091429919768,0.9998231838608984,0.651558025756464,1.6512660036428475,2577,402,0.3383084577114428
0.5423735618263402,1.902320979487758,2.444694541314098,0.9999457167640313,0.7172681844611315,1.717174965587053,2579,240,0.425
1.2894640945689706,1.932259017746286,3.2217231123152565,0.9996279948100895,0.6274340041364707,1.6268285902406951,2580,80,0.375
0.730085739030379,1.5606668726644277,2.2907526116948067,0.9997421382512102,0.7351013145366315,1.7346538982773376,2583,77,0.5064935064935064
0.6083548845732736,1.5110792460221116,2.119434130595385,0.9999936307232146,0.7548856453533683,1.7548744680009662,2584,41,0.34146341463414637
0.42150755663094813,1.0835975568606058,1.5051051134915538,0.9999926205061552,0.8259317607563252,1.8259182863041357,2587,214,0.0514018691588785
1.0632185488134236,1.2477699639604078,2.3109885127738314,0.9999740984790237,0.7327253941000658,1.7326805138769243,2588,22,0.7727272727272727
0.43970580351794747,1.1329931713033916,1.5726989748213391,0.9999875621091694,0.8181145846379395,1.818091971127218,2589,137,0.1386861313868613
0.4222636980580109,0.9400410421465547,1.3623047402045656,0.9999886944212735,0.8424492473244205,1.8424284173694052,2590,23,0.13043478260869565
0.6234370931833165,1.24633975421817,1.8697768474014864,0.99974928395905,0.7837880715181667,1.7833408472349819,2591,394,0.007614213197969543
0.8751170539811737,1.6292915420285317,2.5044085960097053,0.9994375943731576,0.7104291356119736,1.7094671806417903,2592,50,0.12
0.49189814439590257,1.129909995650239,1.6218081400461415,0.9998578236178131,0.8124511491875682,1.8121934614402861,2594,75,0.0
0.7991907917585805,1.1524560291559445,1.951646820914525,0.9998938872873233,0.7743056072631338,1.7741173308820297,2595,32,0.03125
0.9319047816205681,1.5150464452133359,2.446951226833904,0.9999029090521684,0.7170230154135964,1.716856308021581,2597,38,0.10526315789473684
0.4071117887951628,0.9249791807131815,1.3320909695083443,0.999965008119394,0.8459439988429192,1.8458794057909063,2598,49,0.04081632653061224
1.3659689345341874,1.2520391664598236,2.618008100994011,0.9997467686578628,0.69723928805775,1.6968094938749072,2599,24,0.125
0.5609779469311217,1.0877261443976716,1.6487040913287934,0.9995123485975514,0.8093893325133203,1.8085069812677448,2600,70,0.11428571428571428
0.4251498339942238,1.1224657049477065,1.5476155389419304,0.9999837414083934,0.8210152769846519,1.8209856698409541,2602,98,0.01020408163265306
0.345782752021069,0.7742448225313625,1.1200275745524315,0.999991656726185,0.8704666568486522,1.8704510510331722,2603,45,0.022222222222222223
0.425406070942424,1.0452662076396049,1.4706722785820288,0.9999805784256477,0.8299145449721679,1.8298790051507743,2604,73,0.0547945205479452
0.635263420946767,0.9939904492154205,1.6292538701621875,0.9999690475278492,0.8115802281725918,1.8115241552860304,2605,59,0.05084745762711865
0.49899905349097307,1.0483650896177759,1.5473641431087488,1.00000123689488,0.8210452345008492,1.8210474869423763,2607,31,0.06451612903225806
1.9058453524530805,1.6955603707989526,3.601405723252033,0.999932770443827,0.5834926468118813,1.5833861893040329,2608,29,0.6896551724137931
1.7664456236780608,1.7539406915738804,3.5203863152519412,0.9999341708606575,0.59286346744966,1.5927586106185077,2611,100,0.33
0.36949907036646007,1.119892337905008,1.489391408271468,0.9999674693394209,0.8277488646285756,1.8276894067506366,2613,21,0.0
0.6296352423871515,1.4101888826007087,2.0398241249878604,0.9999699843577564,0.7640952729960839,1.764042322543486,2615,52,0.11538461538461539
1.3984001650305202,1.7547483104877746,3.153148475518295,0.9999031210765352,0.6353417323675388,1.63518330222101,2616,86,0.26744186046511625
0.45614038655063244,0.9155001801127545,1.3716405666633869,0.99998167388132,0.8413697558117935,1.8413360106511147,2617,49,0.12244897959183673
0.4357720450578741,0.9015780316827486,1.3373500767406228,0.9999453470337598,0.8453381080413769,1.8452372548400564,2618,38,0.0
0.44148744523097927,1.2832486705674424,1.7247361157984218,0.9999992002118891,0.8005335772193138,1.8005321371739655,2621,43,0.20930232558139536
0.9321641577820339,1.632744919618748,2.564909077400782,0.9999877830379129,0.7033693550766501,1.703348545077819,2622,66,0.8939393939393939
0.4674407630114895,1.2697391148206867,1.737179877832176,1.000003249075369,0.7990936186365298,1.7990994640272926,2624,27,0.14814814814814814
0.6948819792810156,1.231147168447246,1.9260291477282616,0.9999922809825763,0.7772512049100693,1.7772374862770524,2630,24,0.4166666666666667
0.906608022450175,1.9636034211587927,2.8702114436089676,0.999974963047571,0.6680521693498167,1.6680104064070038,2631,21,0.5714285714285714
1.915422515028706,1.8004279580566787,3.7158504730853847,1.0000172646696874,0.5702715277981365,1.5702986380173836,2634,23,0.7391304347826086
0.8231068894327066,1.3505181511627073,2.173625040595414,0.9999520880455621,0.7486237617237147,1.748539981741714,2635,99,0.010101010101010102
1.2435493726512465,1.3347752479401338,2.5783246205913803,0.9999743061814,0.7018082810764392,1.7017645551231735,2638,20,0.05
1.1181446382813247,1.1709955431813461,2.289140181462671,0.9999654287634143,0.7352580665817685,1.7351980765646116,2639,30,0.0
0.48288856308624484,1.2852788400726465,1.7681674031588912,0.9999487904466305,0.7955108330603704,1.7954188857525395,2647,110,0.08181818181818182
0.5375400122196213,1.172324356152639,1.7098643683722603,0.999986354628935,0.8022548835955197,1.8022302911588794,2648,58,0.017241379310344827
0.5238734900443046,1.172469720025581,1.6963432100698856,0.9999195784374695,0.803823793600226,1.803678727272215,2649,24,0.0
1.5974998801635598,1.5092163560798322,3.106716236243392,0.9999202254499681,0.6407078776210352,1.640576990888364,2651,65,0.0
2.3323462820407057,1.9066747592444893,4.239021041285195,0.9995667939615391,0.5097923688824793,1.5091383177114572,2652,21,0.5714285714285714
0.9219831360547255,1.276219698831049,2.1982028348857745,0.9999832369451884,0.7457720128626367,1.7457427483906964,2653,51,0.0196078431372549
1.1043607810682798,1.4942239127234862,2.598584693791766,0.9999804845052513,0.6994726668310751,1.6994395007811702,2655,57,0.6140350877192983
1.217978868005884,1.3877315230938359,2.60571039109972,0.9998736006374936,0.6986533534230148,1.6984386447220228,2656,52,0.0
0.9578212911908703,1.3016332634529804,2.2594545546438507,0.9999814920192356,0.7386885031967771,1.7386563235834047,2657,60,0.0
1.2172158499709083,1.5006066292191491,2.7178224791900574,0.9999249486768431,0.6856870178436005,1.685560504802483,2660,23,0.17391304347826086
0.9936282340669708,1.2234505802772881,2.217078814344259,0.9999567338827975,0.7436051624812912,1.7435297234559763,2661,28,0.03571428571428571
0.8598178569587493,1.4871797279817458,2.346997584940495,0.9998790457239413,0.7285770667007063,1.7283679879129918,2662,418,0.08373205741626795
1.4890697322654458,2.2688430614032282,3.757912793668674,0.9997288406569124,0.5654115278829343,1.5649870519213716,2663,61,0.32786885245901637
0.5702384991542936,1.1666972002722993,1.736935699426593,0.9999856979547759,0.7991216845273297,1.7990959534076338,2664,149,0.040268456375838924
0.40491958113543075,0.976840193638502,1.3817597747739327,0.9999325066609147,0.840203751913792,1.840079550417978,2665,51,0.058823529411764705
0.5153790862364105,1.5994598881823612,2.1148389744187717,0.9999877625441829,0.7554183620269568,1.7553968801723108,2666,56,0.44642857142857145
1.071234598179234,1.6178310379576815,2.6890656361369154,0.9999688484011335,0.6890010833209692,1.6889484682367366,2667,58,0.1724137931034483
1.0608784535742566,1.5258302090847775,2.586708662659034,0.9999627973895578,0.7008476663670029,1.7007843903938498,2668,56,0.125
1.5664384675195546,1.753748626701053,3.3201870942206075,0.9999014636393125,0.6160220877948193,1.6158628508594974,2670,30,0.3333333333333333
1.0714140615190462,1.31334266301401,2.384756724533056,0.9999878380991352,0.7241983704436481,1.7241774009139954,2671,21,0.09523809523809523
1.1107155430402278,1.543385572742257,2.6541011157824848,0.9998442172410176,0.6930631396168458,1.6927993895698248,2672,260,0.12692307692307692
0.6711416604075421,1.561685798428985,2.232827458836527,0.9999630155182295,0.7417734531470943,1.7417090345585682,2673,251,0.08366533864541832
0.9030005691131067,1.4241456508570105,2.327146219970117,0.9999167761529495,0.7308710404997315,1.7307269907529927,2674,219,0.0593607305936073
1.4625245394347184,1.8979366232419874,3.360461162676706,0.9999444875391598,0.6113569224331832,1.611267472045127,2675,151,0.2847682119205298
1.4357808715877187,1.5855671983540485,3.021348069941767,0.999957107841458,0.650576495435888,1.65050569864716,2676,37,0.16216216216216217
0.7799817739562233,1.6483998038646273,2.4283815778208506,0.9997717767656347,0.7191795980039183,1.718787241275607,2678,321,0.09657320872274143
1.051381142182066,2.488551927470162,3.5399330696522284,0.9994342588655796,0.590657794756965,1.5897578942116843,2679,725,0.5006896551724138
0.88296671401662,1.7393700355996053,2.6223367496162253,0.9999582552692698,0.6967250327399301,1.6966542034103154,2680,239,0.18410041841004185
0.6099839024829021,1.2186191919258973,1.8286030944087994,0.999982680273738,0.7885181699097181,1.7884871932646007,2681,132,0.08333333333333333
0.5840239448442192,0.9491569772190455,1.5331809220632646,0.9999612573162104,0.8226825927632113,1.8226119771478713,2682,56,0.0
0.7195591383187433,1.4432504455563318,2.162809583875075,0.9999476923310896,0.7498715143075095,1.7497799826077034,2683,106,0.0660377358490566
0.5166190185384633,1.548765342528763,2.0653843610672262,0.9999820275477617,0.7611373323224315,1.7611056803658411,2684,192,0.09895833333333333
0.7829498602046003,1.582156055897494,2.3651059161020944,0.9999630013652974,0.7264698803040615,1.726406003275635,2685,92,0.13043478260869565
2.211811576635683,2.3045251206871127,4.516336697322796,0.9997997572006656,0.4776938803342262,1.4773979827750687,2686,354,0.07344632768361582
3.4657277005777165,2.2897678874477507,5.755495588025467,0.999317104688329,0.33440974654424804,1.333498484384485,2687,898,0.028953229398663696
1.5120556827461191,1.7480809300217228,3.260136612767842,0.9998326781347678,0.6229764448868929,1.6227048854409065,2688,53,0.18867924528301888
3.0671595236845537,2.1365864985297804,5.203746022214334,0.9984129366509241,0.39829216734016515,1.3960729890900798,2689,162,0.037037037037037035
2.2748737284331093,1.2678529503816818,3.542726678814791,0.9999883444741091,0.5902826588384539,1.59026412325775,2691,26,0.3076923076923077
3.656190566676814,1.2521057074785955,4.9082962741554095,0.999808411060712,0.43236019805898995,1.4320857736879655,2693,34,0.058823529411764705
3.434244569851275,1.834211237092111,5.268455806943386,0.9999410469868666,0.39068573471473533,1.3906037496003523,2694,32,0.25
4.039044167679409,1.3684772231933504,5.407521390872759,0.9998278661964803,0.374628856114789,1.374392236021358,2697,45,0.0
3.2336089270023685,2.371940984271294,5.605549911273663,0.9998855142390302,0.35171435741067647,1.3515596053638546,2698,351,0.07977207977207977
3.4354441806951588,1.7359446192050232,5.171388799900182,0.9997176204075076,0.40193505392655826,1.4015391760773297,2700,26,0.11538461538461539
3.2755891107179704,1.7797855792943529,5.055374690012323,0.9998702682439187,0.4153595486956553,1.4151759316159165,2702,28,0.5357142857142857
3.965623884239821,1.6561149427251678,5.621738826964989,0.9999040231851046,0.34984998728551453,1.3497204329831483,2705,27,0.48148148148148145
3.9845322973507313,1.381616034408597,5.366148331759328,0.9998650289796767,0.3794125096713531,1.379226328957476,2707,20,0.1
2.703435090918835,2.7400076001866847,5.44344269110552,0.9995609580506357,0.37048832923336605,1.3698866273657184,2709,1610,0.0
2.702482489832858,2.3687926295439277,5.071275119376786,0.9998662272017809,0.4135104166969975,1.4133213274532441,2710,1425,0.0007017543859649122
1.8993277352679154,1.9870410226407254,3.886368757908641,0.9999520070080025,0.5505404295042803,1.5504660144298552,2711,98,0.05102040816326531
2.149746810570047,1.5010480495043401,3.650794860074387,0.9999620253290737,0.5777805847029007,1.5777206690044028,2714,29,0.06896551724137931
2.4833895951015754,1.7960246127686283,4.279414207870204,0.9998391961816324,0.5050739885920932,1.5048319669478019,2717,20,0.5
3.558340554011996,1.8328319954468069,5.391172549458803,0.9996576190292117,0.3765253171994739,1.3760540211250565,2720,26,0.38461538461538464
2.621088868899901,1.6534088587654479,4.274497727665349,0.9998208764865846,0.5056664525792213,1.5053967523142036,2721,26,0.0
3.189797426865083,1.658419989396799,4.848217416261882,0.9995845074319609,0.43931057093975656,1.438712548094431,2723,23,0.043478260869565216
3.24998529575411,1.6458948861258507,4.895880181879961,0.9999763543529783,0.43379531683841666,1.4337614138204533,2725,28,0.6428571428571429
2.8941787915798223,2.1426373795332543,5.036816171113077,0.9999609085139938,0.41749401905001104,1.4174386071024014,2726,20,0.2
3.453685950762548,2.1374720392853037,5.591157990047852,0.9987402539179486,0.3534477999107878,1.3517427993475892,2727,60,0.8166666666666667
4.240245697937602,1.4882827861207426,5.728528484058344,0.9997990457970958,0.33749133085188887,1.3372225563476063,2729,29,0.034482758620689655
3.416227766136623,1.1374671619095822,4.553694928046205,0.9997388880280205,0.4733696849440038,1.4729849704801132,2730,20,0.05
3.379617094171954,1.2740207186152124,4.653637812787166,0.999799394656195,0.46182020080759123,1.4615269518636271,2731,39,0.05128205128205128
3.7770831239841587,1.7100732452529308,5.4871563692370895,0.9992724703634772,0.3654455222257198,1.3644521201412432,2743,41,0.8292682926829268
3.3980948825998656,1.5095378936778845,4.90763277627775,0.9998070018496186,0.4324410966704282,1.4321646381882405,2751,22,0.0
2.683703879707623,1.4982544183103461,4.181958298017969,0.9999712048264714,0.5163601736894567,1.5163165098351234,2752,66,0.0
2.923009421921276,1.771227197517038,4.694236619438314,0.9998525700763177,0.4571263653485319,1.4569115413196931,2753,29,0.0
3.5114028004485585,1.5336117997217462,5.045014600170305,0.9999709467579574,0.41654784597968864,1.4165066906722545,2754,34,0.0
4.1357114005670805,1.9010038429081781,6.036715243475259,0.9997200242683515,0.3018681160087029,1.3015036245304135,2755,62,0.016129032258064516
4.490702810204631,1.8985680681487054,6.3892708783533365,0.9997335205213075,0.26109695143524225,1.260760894977043,2762,20,0.15
4.354557149468553,2.0370371452479983,6.391594294716551,0.9986277792806566,0.26087453431250984,1.2591443361520338,2763,45,0.0
2.804404425212203,1.473392631565261,4.277797056777464,0.9998730098419197,0.5052782298840677,1.5050870743637,2766,44,0.045454545454545456
1.9222231512214836,1.4303002749813216,3.352523426202805,0.9998259890042329,0.6122945689878422,1.6120140120044226,2770,186,0.0
1.8191764755636586,1.3942347556060775,3.213411231169736,0.9998332119013618,0.6283790741200364,1.6281074798704016,2771,248,0.008064516129032258
2.545622210561449,1.6873101062664535,4.2329323168279025,0.9998814947702591,0.5104607595749941,1.5102817620756661,2772,65,0.0
2.5483828854690196,1.2887818659400865,3.837164751409106,0.9999198501759816,0.5562314681747462,1.55610673649644,2774,103,0.0
3.290396744609288,1.7313608218854362,5.021757566494724,0.9999610552634614,0.4192359170888421,1.419180645319965,2775,106,0.0
3.880431283102631,1.47881405654081,5.359245339643441,0.9998432232605552,0.38021230915061277,1.3799959239650426,2776,107,0.0
3.3838368955974865,1.918802005593717,5.302638901191203,0.9975196872417804,0.38689855497335623,1.3834586127930995,2777,215,0.0
3.6964434587685564,1.9398654048953472,5.636308863663904,0.999691878599191,0.34817605817846675,1.3477606562828837,2778,51,0.0
1.0247510917070242,1.0903505205879347,2.115101612294959,0.9998846628843947,0.7553997943185615,1.7551973315695508,2779,262,0.003816793893129771
1.123974768229736,1.0108968481768004,2.1348716164065364,0.9999504235607336,0.753100070464189,1.7530131580050177,2780,37,0.0
2.8997296897976432,3.3735746364063828,6.273304326204026,0.9897724276184499,0.27469807852921335,1.2616610116664329,2781,4124,0.00048496605237633366
3.23542742568182,2.9436681788078367,6.179095604489657,0.9938426426334969,0.28558429714116396,1.277668495198901,2782,3222,0.0
3.7731542088246828,1.9571781548184104,5.730332363643093,0.9999113129614556,0.3372936849301502,1.3371750843135697,2783,37,0.7297297297297297
3.72514724259629,2.5058164366213957,6.230963679217686,0.9966886754166816,0.27952189448060283,1.275284982176515,2784,847,0.0023612750885478157
3.015134671140538,2.6008067514179856,5.615941422558524,0.9991506337870093,0.35056451301063174,1.3494173891448162,2785,1336,0.0014970059880239522
1.1720871304211435,0.8907303923421925,2.062817522763336,0.9998320176016773,0.7614542000143854,1.7611583067133312,2786,33,0.0
1.8749457343024782,1.6854109692371275,3.5603567035396058,0.9999712117313662,0.5882333682993623,1.5881876458105024,2787,31,0.16129032258064516
2.6475939923902065,2.3658574860920614,5.013451478482268,0.9993985184253602,0.42023609109509685,1.4193818452546647,2788,855,0.0
0.40443176487546967,0.8155098334493058,1.2199415983247754,0.999983268931999,0.8589144906815516,1.8588833890567997,2789,104,0.009615384615384616
0.4687557134989182,0.863076886989512,1.3318326004884302,0.9999799942838207,0.8459731407655127,1.845936210750784,2790,184,0.005434782608695652
1.0246641800222962,1.575798088085107,2.600462268107403,0.9999271591091154,0.6992610138920806,1.6991372382059833,2791,490,0.03469387755102041
2.001975428169573,1.9749388974032893,3.9769143255728623,0.9998602861826229,0.5400838480067339,1.5398686770132481,2792,441,0.0022675736961451248
3.0714201264521117,2.341248617999172,5.412668744451284,0.9997399899296369,0.37403850733975696,1.373681243490782,2793,802,0.0
1.3679168901413252,1.5633311135749541,2.9312480037162794,0.9995423516711827,0.6610462516868008,1.660286076645628,2794,84,0.0
2.3564151453466273,2.155122840566351,4.5115379859129785,0.9996834601722611,0.47825944629412176,1.4777915183036383,2796,638,0.017241379310344827
3.3172024107471785,2.456187549837365,5.773389960584543,0.9995249693980743,0.3323293089073669,1.3316964117137935,2797,1291,0.0
3.5701235604426054,2.6019546588184466,6.172078219261052,0.9997485385963285,0.2862081674010638,1.2858847356898755,2798,1582,0.0
2.8010114886398267,2.436733111516482,5.237744600156309,0.9986856899131622,0.39433835651738625,1.3925057635509506,2799,2738,0.0
0.3049974005015013,0.8197215359499814,1.1247189364514827,0.9999862794866684,0.8699244144620516,1.869898758139194,2802,33,0.0
0.441554105555671,0.9170699753375785,1.3586240808932495,0.9999397470563494,0.8428782281722176,1.8427671893341806,2804,27,0.037037037037037035
0.2786003169052471,0.7041803875402701,0.9827807044455172,0.9999675430160324,0.886342574515363,1.8862813495246646,2805,23,0.0
0.2871291883901147,0.7878198796944377,1.0749490680845524,0.9999873221022917,0.8756806991189197,1.8756569194308828,2806,60,0.0
0.41658578513781885,1.269686570467874,1.6862723556056927,0.999989210630907,0.8049815723361449,1.8049620977237548,2808,68,0.08823529411764706
0.4579202659492205,1.6009688594825513,2.058889125431772,0.9999699832136728,0.7618875309796949,1.761834644778145,2809,111,0.08108108108108109
0.9240632204395602,1.567937481518856,2.4920007019584163,0.9998973517763328,0.7117974717927418,1.711621758822984,2810,34,0.0
1.3021122511502465,1.1335410707046676,2.435653321854914,0.9996146542749011,0.7183622204388259,1.7177000569030083,2811,62,0.0
0.6906076683825337,0.9844088742066057,1.6750165425891395,0.999960651699985,0.8062875150097099,1.806216440666656,2812,25,0.0
0.8684260322487819,1.0697917980324707,1.9382178302812527,0.999833197478043,0.7758622792160121,1.7755660609091906,2813,56,0.017857142857142856
1.3660500115265337,2.066032382434794,3.432082393961328,0.9999163044339139,0.6030837201453303,1.6029495491458894,2815,65,0.4307692307692308
1.3316139681847508,1.8984162131696933,3.230030181354444,0.999900617575979,0.6264493471404247,1.6262877066617585,2817,88,0.3181818181818182
0.9795818626260105,1.0822487284632993,2.06183059108931,0.9999025416231758,0.7615540116720118,1.761382333477346,2818,49,0.02040816326530612
0.934963332069549,1.11290042330952,2.047863755379069,0.999995303079362,0.7631665109003424,1.763158229447169,2819,22,0.0
2.112374476976551,1.7560414944874476,3.8684159714639987,0.9999916277742816,0.5526193156348278,1.5526063167554627,2822,37,0.6216216216216216
0.9151321026146947,2.1850275802082693,3.100159682822964,0.9982011316225534,0.6416506493768557,1.638697535936877,2823,1076,0.0
0.4475213378117106,0.9747516085018433,1.422272946313554,0.9999795050242396,0.8355156792472442,1.8354780603978902,2824,214,0.0
0.8659786840984856,1.6889439024352044,2.55492258653369,0.9998800409175695,0.7045313716756331,1.7043268976563128,2825,795,0.010062893081761006
2.582479041149975,2.0173043689548207,4.599783410104796,0.9999450377155359,0.46803515480519486,1.4679544682394132,2826,103,0.0
2.7806947530341755,1.4112093703199577,4.191904123354133,0.999957089958584,0.5152006988213295,1.5151356814965895,2828,79,0.02531645569620253
2.8628179543610686,2.611443882592741,5.47426183695381,0.9998923836112472,0.36690006834828315,1.3667529674991417,2829,717,0.0
1.9985176561974274,1.9359240206398314,3.9344416768372588,0.9997782265596916,0.5449992075717773,1.5446565677822404,2830,161,0.09316770186335403
1.7864154780584205,2.1896175926299826,3.9760330706884033,0.9992130969275336,0.540241217571198,1.5390291970247518,2832,67,0.5223880597014925
0.5783824535428358,1.3775416304199641,1.9559240839628,0.999939277256897,0.773793757846627,1.7736860482239516,2833,40,0.2
0.580530307888528,1.550526441619417,2.131056749507945,0.9999737630275946,0.7535422997671086,1.7534962921261779,2834,24,0.5833333333333334
1.3394128220092552,1.583031228773891,2.922444050783146,0.9999451915052604,0.6620166234886575,1.661925530859292,2835,33,0.45454545454545453
1.1632085240332166,2.148914495772005,3.312123019805222,0.9982184596427477,0.6171306490970043,1.6142496655826883,2836,147,0.5578231292517006
1.1584354690270526,1.4946119694499567,2.6530474384770093,0.9999842072425119,0.6931745289483475,1.6931477890536268,2837,132,0.007575757575757576
0.9393549308822833,1.2198862872548244,2.1592412181371077,0.9999950813763016,0.7502834160152574,1.7502748070297685,2838,25,0.04
1.854924257517895,1.71565686082802,3.570581118345915,0.9994935067271957,0.587109259655393,1.586305399492172,2841,88,0.03409090909090909
1.2596041817814474,1.6483789820345975,2.907983163816045,0.9997633152655566,0.6637117356417594,1.6633179604714188,2843,84,0.2261904761904762
0.4260755918584462,0.7403652694393144,1.1664408612977606,0.9999766139059745,0.8650989307518443,1.8650553133728829,2844,59,0.11864406779661017
0.3977820903556069,0.9706519937363445,1.3684340840919513,0.9999634580495591,0.841742116076799,1.8416748152276685,2848,248,0.9032258064516129
0.6176563852489604,0.9520936623275112,1.5697500475764716,0.9999264480224218,0.8184656892782627,1.8183319375306581,2856,39,0.05128205128205128
0.7750013618596064,1.8568471910896371,2.6318485529492435,0.9998871600142875,0.6956272164889685,1.6954358819380861,2857,30,0.6
0.952708352354744,1.9931657162425385,2.9458740685972824,0.9998736800353301,0.659319789749307,1.6591101845320897,2858,31,0.6774193548387096
0.336177362886191,0.8996904527982197,1.2358678156844107,0.9999678615082384,0.8570737744723002,1.8570140909220985,2864,218,0.9357798165137615
1.5076138020688181,2.187711992533713,3.6953257946025313,0.9996776487675603,0.5726545154583387,1.572147568337079,2866,41,0.3170731707317073
0.7072330622773045,1.259692580989534,1.9669256432668385,0.9996772057410979,0.7725657836952872,1.7719936096367839,2869,149,0.020134228187919462
0.7448660643159543,1.540909567777896,2.2857756320938503,0.9999743741136737,0.7356493885860973,1.7356049110321632,2871,67,0.16417910447761194
0.6503668837706187,1.5694507499450376,2.2198176337156563,0.9996618989441393,0.7433162259301255,1.7427268088734393,2872,292,0.3013698630136986
0.5830759192641424,1.0288006379777779,1.6118765572419202,0.9998826588661974,0.8136012156720017,1.8133884056490892,2873,95,0.042105263157894736
0.8537827870223901,1.2958882689984819,2.149671056020872,0.9999778994127293,0.7513905385480392,1.7513518317885968,2874,152,0.0
1.477623975286141,1.518114320755732,2.995738296041873,0.999692678495659,0.6535683950498468,1.6530602179231493,2875,89,0.0
1.2048351863602627,1.2793062500816086,2.4841414364418712,0.999261828799282,0.7127920836976417,1.7115277499086385,2876,118,0.00847457627118644
0.9401632277555263,1.0531066021282303,1.9932698298837566,0.9997973701147556,0.7694989097315903,1.7691403563705712,2877,105,0.009523809523809525
1.4142510014597451,1.2257617052881622,2.6400127067479073,0.9997977264663258,0.6947014240436923,1.6943586307981282,2878,48,0.0625
1.0928786129359016,0.8904463367424547,1.9833249496783563,0.9998337868281377,0.7706438397981639,1.7703495354693126,2879,64,0.46875
1.3895149329204934,0.8362846083444788,2.2257995412649723,0.9998938032618614,0.7425850536894332,1.7423999968408022,2880,22,0.3181818181818182
0.45854081461798435,0.8870952112624049,1.3456360258803892,0.9999800377061718,0.8443749213641877,1.844338103410078,2881,42,0.0
0.3861567158080989,1.0219930982127676,1.4081498140208666,1.0000006698059225,0.8371456236749616,1.8371468542059808,2886,43,0.7441860465116279
1.3299468759466522,1.6247075894888048,2.954654465435457,0.9996999819879193,0.6583231902099285,1.6578256633830144,2891,37,0.24324324324324326
1.0928077444736666,1.8229584547512727,2.9157661992249393,0.999884152330595,0.6628036625897384,1.6626110306607493,2896,79,0.31645569620253167
0.7296038891271999,1.2390968590888156,1.9687007482160155,0.9994157516380161,0.7723833325920388,1.7713478205331645,2907,26,0.038461538461538464
1.0147049663794685,1.6942811105283528,2.7089860769078213,0.9999745581727317,0.6866970623122401,1.686654149656927,2909,21,0.3333333333333333
0.5761431664400511,1.29159731088036,1.8677404773204112,0.9999668609961225,0.7839902136746492,1.7839310940160407,2913,46,0.17391304347826086
0.6638924732383136,1.3763593162493444,2.040251789487658,0.9999757449158229,0.7640473926055996,1.7640046054875995,2915,38,0.34210526315789475
0.9009767406783525,1.209251178106617,2.1102279187849695,0.9999750478701611,0.7559508069512133,1.7559069922386876,2918,22,0.0
0.40619093037252574,1.0790254117545777,1.4852163421271034,0.9999764934491041,0.8282304281897046,1.8281874527980948,2922,32,0.0625
0.35424824269373767,0.8491353023016821,1.2033835449954198,0.9999971535693499,0.8608280284802202,1.8608227317622854,2923,28,0.0
1.9211949517945035,2.083235383346949,4.0044303351414525,0.9991475121771809,0.5369680124048632,1.5356577658902255,2924,31,0.7419354838709677
1.0572137283937728,1.6592035341757185,2.7164172625694913,0.9999718282294048,0.6858487900842097,1.6858012967388372,2925,38,0.7631578947368421
1.5064734362438266,1.5129443732054595,3.019417809449286,0.9999643550489503,0.6507869968486408,1.6507281546269446,2927,20,0.6
0.9199413568973578,1.9625308435447166,2.8824722004420744,0.9993234300452934,0.6667127266234893,1.6655850788695288,2929,1405,0.8398576512455516
0.5760951517738312,1.272698588483514,1.848793740257345,0.9999669203506695,0.7861865828084146,1.7861274963826164,2930,22,0.0
0.8712969896712922,0.9919508080156744,1.8632477976869666,0.9998386510705524,0.7845352308009136,1.7842472979518624,2931,138,0.0
1.3306366644167615,1.5190302880481668,2.8496669524649283,0.999958462332267,0.6704319310939697,1.6703625452474453,2932,92,0.0
2.5998066780999576,2.102167097778195,4.701973775878153,0.9994735887848762,0.4562562030674586,1.4554896134700703,2933,226,0.06637168141592921
4.029921755528339,2.07624874502559,6.1061705005539295,0.9907535291314866,0.2940856791548959,1.2821199536212298,2934,25,0.24
4.268143937871111,1.6531671411919175,5.921311079063028,0.9997120962128611,0.31520264723650127,1.3148239954135068,2935,46,0.043478260869565216
3.462849757378125,1.7812325260450077,5.244082283423133,0.9998503604742626,0.39352487986458773,1.3933163534624615,2936,61,0.0
3.262078869322854,1.5944039632944516,4.8564828326173055,0.9996316950794006,0.43838190333070215,1.4378521401980044,2938,36,0.0
1.9096329671188712,1.8146368871888077,3.724269854307679,0.9998922408625592,0.5692997423953507,1.5691306360087243,2939,113,0.40707964601769914
4.360865137052835,1.926444811319083,6.287309948371918,0.9994835020990916,0.272884533666351,1.2722270914766136,2940,45,0.0
3.7956434351595574,1.9272452976927532,5.722888732852311,0.999891330562205,0.33814020210537377,1.3379947871619202,2941,35,0.0
4.362555012745588,1.2306161585478357,5.593171171293424,0.9999316158568754,0.3531303284460102,1.3530377957879636,2942,26,0.0
4.694540949002389,2.362397684594101,7.05693863359649,0.9976076022851896,0.18393493302526565,1.181102489797012,2944,85,0.16470588235294117
5.564285103918947,1.7195734301914873,7.2838585341104345,0.9970449914553207,0.15768434346032945,1.1542633763333627,2945,38,0.02631578947368421
5.493164328832669,1.6171845252759605,7.110348854108629,0.999670569288169,0.17769977653457203,1.177311806058865,2948,22,0.045454545454545456
4.2448568692856785,1.7259868844889148,5.970843753774593,0.9997305755612099,0.30949027445244137,1.309137465770146,2949,22,0.09090909090909091
4.207086363604144,2.12172688355503,6.328813247159173,0.9996101267558865,0.2680867411290041,1.2675923480374227,2950,49,0.16326530612244897
4.14138115318542,1.6978620765592618,5.839243229744682,0.9998692649537075,0.32468793176719946,1.3245147486291167,2951,31,0.0
5.228124560898791,1.5828908631452983,6.811015424044089,0.9996421290279296,0.21230904182007238,1.2118751916048265,2953,60,0.03333333333333333
2.070004654845495,1.947144862028396,4.017149516873891,0.9994131811619517,0.5354613194892307,1.53456028186186,2954,109,0.009174311926605505
2.4727996556207748,1.4203104876746275,3.8931101432954023,0.9991336708391263,0.5498398567891049,1.5484971853264842,2955,58,0.0
3.455070726015012,1.8540107773774683,5.3090815033924805,0.9991098970482195,0.3860665634816415,1.3848328215421222,2956,27,0.037037037037037035
4.024925191382481,1.3169450584639124,5.3418702498463935,0.9981852003324355,0.38232855444063296,1.3798199050395692,2957,23,0.0
1.1831868127899383,1.4101999026890628,2.593386715479001,0.9999292953292578,0.7000746976614188,1.6999544944396834,2959,76,0.8289473684210527
1.1977234463409852,1.2118545641010214,2.4095780104420066,0.9998804753617341,0.7213378927436642,1.7211321504547006,2963,26,0.038461538461538464
1.4575252473220768,1.025321380777411,2.482846628099488,0.9984915705850953,0.7130336151259387,1.7104496248321621,2965,60,0.0
1.0791858232678433,1.409507581910791,2.4886934051786342,0.9999076870675139,0.7121804752750225,1.7120224188744042,2971,34,0.23529411764705882
1.3023033642794832,1.0301727594295302,2.3324761237090135,0.9999068709208789,0.7302532105484767,1.730092073660332,2972,34,0.029411764705882353
1.6281349879499796,1.0079019775689029,2.6360369655188824,0.9998382605873912,0.6951588552493777,1.694884681251851,2973,78,0.07692307692307693
1.8918603770846787,1.4538128086155255,3.345673185700204,0.9996459657209806,0.6131059424931782,1.612534847693846,2974,176,0.09090909090909091
2.8693437322904773,1.8285363280231883,4.697880060313666,0.9964496390738579,0.45693339216118667,1.4517607527736658,2975,85,0.29411764705882354
2.5346700638219772,1.4817206195004875,4.016390683322465,0.9983889252978462,0.5356425427643409,1.533168507912142,2978,49,0.12244897959183673
2.277344797673985,1.6006205817832098,3.8779653794571947,0.9985519866204198,0.5516351381344249,1.5493883496941794,2980,30,0.2
4.128505253451896,1.910112315292701,6.038617568744597,0.9981194670921918,0.30169997256925307,1.2992520829347436,2981,38,0.21052631578947367
4.719843362209146,1.544403955278253,6.264247317487399,0.9990051470077836,0.27556255838467136,1.2742935611567032,2984,23,0.6956521739130435
3.1819873527654687,2.030718022911853,5.212705375677322,0.9958131377268897,0.39739592677021784,1.3915452224838256,2995,91,0.6593406593406593
3.0661075645498657,1.0937349755394865,4.159842540089352,0.9988345559854146,0.519009905771334,1.5172395847685567,2999,24,0.125
2.841724445742625,1.3014803712026373,4.143204816945262,0.9982450998332872,0.520971814622349,1.5183026609313028,3002,25,0.12
2.3984686679865264,1.69960348889219,4.098072156878716,0.9997792050965221,0.5260902148225297,1.5257532618808494,3006,62,0.0967741935483871
1.8522625416626055,1.8179303192502547,3.6701928609128602,0.9998782599976133,0.5755466817804891,1.5753548747236887,3009,30,0.23333333333333334
4.101005600330279,1.5393739145685785,5.640379514898857,0.9985473333382222,0.3477753257231968,1.345817457439952,3011,44,0.11363636363636363
2.757470020002174,2.3218619227741835,5.079331942776357,0.9995919514907967,0.4125976614471021,1.4120212530772445,3013,26,0.7307692307692307
4.1338306470186845,1.3718032360245962,5.505633883043281,0.99574435601262,0.3634897669385959,1.3576872399100695,3014,25,0.0
4.037602555664031,1.501843953252374,5.539446508916405,0.9990403257399021,0.35942778556856336,1.3581231777142913,3017,22,0.18181818181818182
4.593356532574288,1.358253343483022,5.95160987605731,0.9963083405489828,0.31186126590949026,1.307018320868772,3019,36,0.0
3.500218140902514,1.5169388258803531,5.017156966782867,0.9995490591308612,0.41979224193566056,1.4191519995880857,3027,28,0.0
1.868492239873065,1.2444685428162077,3.1129607826892727,0.9999220188226972,0.6399832688550005,1.639855381028938,3028,45,0.022222222222222223
1.5236413034345255,1.119277307346302,2.6429186107808276,0.9998647690631117,0.6943620855094291,1.6941329553371776,3030,46,0.06521739130434782
3.1500185724953127,1.7653362225839455,4.915354795079258,0.9998210474533815,0.43154899278529235,1.4312928134474243,3031,35,0.37142857142857144
1.878640655112072,1.6162707637750398,3.4949114188871118,0.9997068717703954,0.595833910373884,1.595366126404993,3032,72,0.125
1.6610430597296602,1.274326613621978,2.935369673351638,0.9999527302492329,0.6605274443673478,1.6604489516489105,3033,49,0.061224489795918366
2.2008386507437425,0.9280013065062191,3.1288399572499617,0.9999360322030216,0.638152648968457,1.6380478599523882,3035,21,0.3333333333333333
2.133885790595958,1.4622009138854906,3.5960867044814484,0.9998078184174009,0.5841155289270917,1.5838110910977226,3036,40,0.05
2.4572467787177934,1.4405235444326223,3.8977703231504157,0.9997704301537911,0.5492496554538339,1.5488939944486921,3037,39,0.1282051282051282
2.012180366672603,0.9544148432695381,2.966595209942141,0.9998346944717692,0.6569229139745154,1.656649015456983,3038,22,0.045454545454545456
2.1823057544528988,1.116082458855709,3.2983882133086078,0.9999432018134942,0.6185428647164526,1.6184509344169546,3039,28,0.0
2.8159902712567377,1.589989684968533,4.405979956225271,0.9999137306658273,0.4904417746707639,1.4903131952512398,3040,40,0.025
3.3018089237629256,1.699463887630063,5.0012728113929885,0.9982327219618277,0.4217282558535006,1.4192156667306817,3041,76,0.0
3.623836190760432,1.8343542581774521,5.458190448937884,0.9999385076983044,0.36875517701514215,1.3686710091088496,3042,62,0.6774193548387096
3.123794426303779,2.275655166845044,5.399449593148823,0.9995946775657638,0.3755782740495237,1.3750207213150034,3043,112,0.6875
4.079698496530586,1.7933311700510721,5.873029666581658,0.9993346149444604,0.32081476242027496,1.3199359120162244,3044,71,0.04225352112676056
4.2696698946493346,2.022065642732871,6.2917355373822055,0.9995944826845029,0.2723735182347986,1.2718575487413744,3045,318,0.0031446540880503146
5.185839616332229,1.6364302055023758,6.822269821834605,0.9994295153122269,0.21100949244830747,1.210318630076118,3054,53,0.07547169811320754
2.610171688258732,1.331439596496382,3.941611284755114,0.9998840697052964,0.5441592658778955,1.543980251039133,3056,68,0.0
3.2037955335345027,1.8917675261871154,5.095563059721618,0.9995620508894261,0.4107422776695161,1.4101244443437617,3060,27,0.5925925925925926
3.469447611111076,1.713290828892596,5.182738440003672,0.9998903140400602,0.4006293514097957,1.4004757220348665,3061,37,0.13513513513513514
3.297310054445243,1.5894290509124285,4.886739105357671,0.9985169571135175,0.4349505441647179,1.4328224509677403,3062,34,0.08823529411764706
3.2444244700147373,1.638208927912276,4.882633397927013,0.9923213066810734,0.43574805608275213,1.4247233870768476,3063,163,0.12269938650306748
3.7988411191933054,2.351979564559759,6.150820683753064,0.9997673215177315,0.28866134045370484,1.28836149668885,3064,379,0.08179419525065963
2.6121281357063473,2.82028609122859,5.432414226934937,0.9996622819996075,0.37175323369157076,1.3712899679324564,3066,73,0.6164383561643836
2.7421870369572283,2.193960557087981,4.9361475940452095,0.9999477847513605,0.4291235408980333,1.4290489188570086,3072,46,0.021739130434782608
1.637107037811067,1.2852229418090508,2.922329979620118,1.0000019425386162,0.6620348576353569,1.6620380862022492,3073,37,0.0
3.2259242650607267,2.941804353416417,6.167728618477144,0.9998631410156433,0.28670149522207,1.2865253985622638,3074,2944,0.00033967391304347825
2.604621128391564,2.5178826650940476,5.1225037934856115,0.9999194453315022,0.4075794321122953,1.4074660450177572,3075,1260,0.004761904761904762
2.2007926149852994,1.1886956412082248,3.3894882561935242,0.9999957106185684,0.6080117856920297,1.6080048883161344,3076,22,0.09090909090909091
1.4915836587293825,0.9671332377091932,2.4587168964385757,0.9998270370064701,0.7156610065656547,1.7153642607020765,3077,115,0.008695652173913044
1.4412832979636332,1.8739842158022855,3.3152675137659187,0.9752231969008078,0.6184374284099201,1.5783377229178446,3078,890,0.0022471910112359553
1.1312169561188405,1.1289775508081636,2.260194506927004,0.9999551722412314,0.7386111702927551,1.7385332322506208,3080,42,0.047619047619047616
1.5560289519426729,2.1041822349135595,3.6602111868562326,0.9999640163265877,0.5766896813195466,1.5766329462329813,3082,313,0.28434504792332266
1.3743201516421617,1.3379575919824973,2.712277743624659,0.9999395693451139,0.6863202999396705,1.6862183944995972,3084,40,0.0
2.0938106678075257,2.3733965163005863,4.467207184108112,0.999937553799155,0.4833653389938689,1.4832727084639836,3085,181,0.011049723756906077
2.3725700005913706,1.8078088354574482,4.180378836048819,0.9993233988192274,0.5166006426481851,1.515574508862609,3087,26,0.038461538461538464
3.1970916707330757,1.8888234509341304,5.085915121667206,0.9997736930592156,0.41183105976965606,1.411511552601615,3090,26,0.038461538461538464
1.9849718433132095,1.3158592426912403,3.30083108600445,0.9997907644409693,0.6182743211989772,1.617935720666716,3091,59,0.1016949152542373
1.46038731739566,1.3754721397100143,2.8358594571056743,0.999749534921462,0.6720636898727321,1.6716448963093278,3092,64,0.015625
1.0178614103769512,1.446429598446472,2.464291008823423,0.9999970078159288,0.7150141948541193,1.7150090632159636,3093,25,0.4
1.342121555762437,1.2057921269521694,2.5479136827146065,0.9999608577998387,0.7053341552318857,1.7052674047010397,3095,20,0.05
2.1667402582130286,1.6482845370630579,3.8150247952760865,0.999853649000678,0.5588023712309489,1.5585742389461736,3096,145,0.020689655172413793
2.6006951700152494,3.0188742500099717,5.619569420025221,0.9987577589137987,0.35016630186811504,1.34848906981473,3098,286,0.3776223776223776
0.7382262497429662,1.033259259241242,1.771485508984208,0.9997803617099332,0.7951483500842493,1.7947540667702206,3102,30,0.16666666666666666
0.5479064872234285,1.191306908892229,1.7392133961156575,0.9999286223915274,0.7988636382709312,1.7987352396864629,3104,327,0.027522935779816515
1.0202769742433706,1.158280208411729,2.1785571826550996,0.9999604125091728,0.7480471141816694,1.747977913382571,3105,89,0.011235955056179775
1.1816236610884432,1.1938534730843595,2.3754771341728027,0.9996335077635339,0.7253123278315503,1.7246800142579208,3106,162,0.006172839506172839
1.6649651339584088,1.5952166996379002,3.260181833596309,0.9998604172318781,0.6229708335016175,1.6227442947400963,3108,371,0.23180592991913745
1.2486834296931448,1.1154126671388935,2.3640960968320384,0.9998276572191449,0.7266087620214032,1.7263111934659077,3109,101,0.0594059405940594
2.7844840618002418,2.6145897446124553,5.399073806412697,0.9995178379589702,0.3756252694767199,1.3749619951890968,3110,628,0.7213375796178344
0.8461891860070633,1.2949619554276692,2.1411511414347326,0.9999095961057669,0.7523819356960714,1.7522235135449007,3111,175,0.06285714285714286
0.9252338981193764,1.730995379551721,2.6562292776710974,0.9995518902037306,0.6928557351724871,1.6920971499338855,3113,186,0.0
0.30091020707456595,0.6502943213701597,0.9512045284447257,0.999916462599511,0.8900028227997717,1.889844936877038,3115,23,0.0
1.3970530939570929,1.3728878577033417,2.7699409516604345,0.9988309591383285,0.6797765000520102,1.6778127726849739,3117,84,0.07142857142857142
1.5183106924949497,1.259575786072759,2.7778864785677087,0.9998939295317536,0.6787494066002803,1.6785713408646536,3119,59,0.0
1.3464770244686464,1.672636438949326,3.0191134634179724,0.9999313442148499,0.6508432717514521,1.6507299318104702,3122,25,0.56
1.2245508118765134,1.2913624898745346,2.515913301751048,0.9997226304591385,0.7090629342709429,1.7085888922695607,3123,50,0.08
1.0168760482872308,0.9498471755213451,1.966723223808576,0.9997954180816135,0.7725630233875553,1.7722003890437699,3125,21,0.047619047619047616
0.9610869442103839,1.1258245236275073,2.0869114678378913,0.9999704558842133,0.7586441173919175,1.7585921598064855,3130,20,0.1
1.474382669503013,1.0548134570678112,2.5291961265708243,0.9999673842363508,0.7074953886830249,1.7074396974169954,3137,21,0.23809523809523808
1.45296712359003,1.1531908823109889,2.606158005901019,0.9999213973862222,0.6986088128186448,1.6984752977261715,3141,52,0.0
1.9372433461467604,1.5912228279790954,3.528466174125856,0.999404053601878,0.5919950476317064,1.5910463039172422,3142,41,0.12195121951219512
1.112279454358716,1.5971146830207665,2.7093941373794825,0.9999562409919497,0.6866561951620869,1.6865823887600646,3145,64,0.46875
0.5661939343713916,1.1653289326314265,1.7315228670028182,0.9999815957441778,0.799749894288372,1.7997167712309015,3146,68,0.029411764705882353
0.569045933731193,1.3379653611465114,1.9070112948777045,0.9999452383057882,0.7794546652072866,1.7793572192550466,3152,173,0.09826589595375723
0.24207001741485518,0.7813563110649289,1.023426328479784,1.0000087778191349,0.8816392712354271,1.8816557879246272,3153,51,0.0
0.48824694739789687,0.9355677824554375,1.4238147298533343,0.9999001473992474,0.8353431380808958,1.835159874295285,3155,27,0.037037037037037035
0.4078422475499441,1.5967671872028406,2.0046094347527847,0.9999065442949311,0.7681739536748549,1.7680087077313296,3157,453,0.05518763796909492
3.2740632200319575,2.738083718563266,6.012146938595223,0.9996490647499876,0.30470775953346185,1.3042498915896767,3158,242,0.21074380165289255
4.0652748986074325,2.2730174577911653,6.338292356398598,0.9998690897870847,0.2669755888502844,1.2668097288061895,3159,194,0.015463917525773196
4.041612624359904,2.332394714885405,6.374007339245309,0.9993371701779347,0.26287157767135294,1.2620345087282336,3160,193,0.0
4.196918323222608,1.784935045841678,5.981853369064286,0.9998450632651872,0.30820198846583724,1.3079992999212688,3161,114,0.008771929824561403
2.3046892171992486,2.8268354570770935,5.131524674276342,0.9998145755989984,0.4065464696110662,1.4062856615744577,3163,724,0.0027624309392265192
2.040317611526965,2.438778239680162,4.479095851207127,0.9682847970102864,0.48321314628148326,1.436172740270154,3164,458,0.0
0.8194765737680216,1.1406732294250876,1.9601498031931093,0.9999975918906889,0.7733099811633534,1.7733057108390762,3165,21,0.0
2.4425893312469613,2.0538737457456735,4.496463076992635,0.9996507124146936,0.48001463792192967,1.4794976871828318,3169,125,0.736
1.911168184123251,1.9772219515229363,3.8883901356461874,0.9997629666941421,0.5503140453795361,1.549946569316242,3170,113,0.04424778761061947
2.169070057269128,2.5367973723964456,4.705867429665574,0.9997637265075598,0.45578320116399007,1.4554392381828154,3171,401,0.29925187032418954
2.51223951533982,1.8497533979873149,4.361992913327135,0.9999099193133731,0.49553760793064394,1.4954028888760453,3172,68,0.45588235294117646
0.40706048359126823,1.0316065970934942,1.4386670806847623,0.9999764516099681,0.8336153886860571,1.8335722099957157,3176,161,0.0
0.5175486967744836,1.2041519124839004,1.721700609258384,0.9998651917434914,0.8009013371480347,1.8006585607786298,3181,100,0.01
0.636005866940793,1.4461823123350666,2.0821881792758594,0.9996627629123954,0.7592324571479375,1.7586391787176696,3185,388,0.0
1.3305111383124235,1.1660044742381885,2.496515612550612,0.9997616467503899,0.7113064127024943,1.710898517257948,3186,92,0.0
1.554477211564981,1.20388076253397,2.758357974098951,0.9999500510755182,0.6809919941700372,1.6809080304278659,3187,34,0.029411764705882353
0.9009646056909798,1.2202137352147635,2.121178340905743,0.9998017126356901,0.7547072492235187,1.7543593129479347,3188,217,0.0
0.8805619510480206,1.0198199060362252,1.9003818570842457,0.9996943085170256,0.7802572335938339,1.7797130241200207,3189,48,0.0
1.3602121772996465,1.129515141351033,2.4897273186506794,0.9999660305026881,0.7120640510833052,1.712005893128124,3190,33,0.0
1.091131178357213,1.4242917937974504,2.5154229721546635,0.9999662808628489,0.7090890658154754,1.7090314368068618,3192,74,0.02702702702702703
0.8599595532787101,1.3846098474898294,2.2445694007685395,0.9998629096303134,0.7404239074868832,1.7401853121299946,3194,567,0.0
0.4017011167317948,0.9667132610814171,1.3684143778132118,0.999978397746611,0.8417421718001195,1.8417023860190471,3196,93,0.0
1.7748091532373809,1.480569930672075,3.255379083909456,0.9998267318591407,0.6235228597272453,1.623241554939698,3197,86,0.0
0.8860304463356611,1.1063315934178806,1.9923620397535418,0.9999766239667809,0.7695830515718859,1.7695416857396884,3198,75,0.013333333333333334
0.9796037864097472,1.3891897826430766,2.3687935690528237,0.9999150321634833,0.7260503376874239,1.7259036789245117,3200,306,0.0032679738562091504
0.3458902839303761,1.069074674030076,1.4149649579604522,0.999971784418928,0.8363574872552354,1.8363056733616765,3201,65,0.0
0.9893362057691777,1.3501928440829392,2.339529049852117,0.9960549489092129,0.7298805648376909,1.7230560976284466,3205,521,0.0
0.899549452859377,0.9054533399801872,1.8050027928395642,0.9999544274820721,0.7912491200473551,1.7911674883147184,3206,53,0.0
0.9685887458102782,1.447326070796316,2.4159148166065942,0.9985978509448843,0.7207595537641053,1.7183467923817135,3208,1117,0.0008952551477170994
1.076664925385692,1.3826487398990135,2.4593136652847054,0.999792206553806,0.7155964138293938,1.7152399241382859,3209,380,0.0
0.8940964859580887,1.1303839392399517,2.0244804251980404,0.9999427428278286,0.7658690962536612,1.7657679875827847,3210,161,0.006211180124223602
0.9696376193535919,0.9949007215838949,1.9645383409374868,0.9998850851291012,0.7728095683831603,1.7726058462004814,3211,112,0.0
1.149859629661391,1.7305937923840229,2.880453422045414,0.9999126056517418,0.6668770758926645,1.6667314002569902,3213,1022,0.004892367906066536
1.2860239189013956,1.5405626553013696,2.826586574202765,0.9999435601802639,0.6731009767184878,1.6730065472009614,3214,362,0.011049723756906077
1.3744311610802682,1.9864708723971214,3.3609020334773896,0.999545432783342,0.6113572056383518,1.610624735478343,3215,95,0.4421052631578947
1.2063061045524313,0.962163538187375,2.1684696427398062,0.9999342043921964,0.7492152068614224,1.7491001161837076,3216,32,0.03125
1.0296474693589983,1.5477807225675468,2.577428191926545,0.9997340316625655,0.7019406955911908,1.7014880332539724,3220,91,0.15384615384615385
0.6799141616230652,1.312429561492186,1.9923437231152512,0.9999116155471923,0.7695916079922267,1.7694352036062613,3222,1178,0.007640067911714771
0.7873076134677972,1.3556098202980205,2.1429174337658177,0.999895034827635,0.7521796799831133,1.7519957621409894,3223,417,0.0
0.9698687439510103,1.1767898076930836,2.146658551644094,0.9998575612475639,0.7517528840432326,1.751503366547853,3224,87,0.0
1.0258836940525111,1.3893604382239582,2.4152441322764693,0.9998312932896671,0.7206943335787936,1.7204040408982872,3225,36,0.16666666666666666
0.7229035772275456,1.081364609456221,1.8042681866837667,0.9999653617209902,0.7913339293525009,1.7912718806280563,3226,25,0.08
0.710711778978127,1.3959215050066314,2.1066332839847584,0.9999598581900522,0.7563688197474303,1.7562983159240697,3227,26,0.07692307692307693
1.071619215287743,1.9633047962083012,3.0349240114960443,0.9993031672667271,0.6490807773851577,1.6479316439196645,3229,808,0.0012376237623762376
1.5446750533392724,1.6622135852795168,3.206888638618789,0.999948693928217,0.6291190209561793,1.629035437258747,3231,35,0.02857142857142857
1.7395573683891832,1.858079898776348,3.5976372671655312,0.9996904361857716,0.5839483213657783,1.5834579882818756,3233,57,0.19298245614035087
1.1294117601744054,1.5758513024603769,2.7052630626347822,0.9996670234914153,0.6871687522443439,1.6866069646838284,3234,416,0.0
1.5442756513011222,2.0236923261432853,3.5679679774444075,0.9997589641888016,0.5873805624902754,1.586997946928715,3235,404,0.017326732673267328
2.304835470936141,1.2920407056329553,3.596876176569096,0.9997430557974846,0.5840321015494103,1.583625093684319,3236,22,0.09090909090909091
0.8295380280297757,1.192586480842722,2.0221245088724977,0.9994388257247442,0.7662131425089743,1.7652219891287797,3238,62,0.0
1.2333270871519983,2.1770728275017994,3.410399914653798,0.9999207529182486,0.6055952323108706,1.605467993574236,3240,36,0.5833333333333334
0.9712004770475469,1.4668728815822276,2.4380733586297745,0.9998188581392414,0.7180583869899304,1.7177471746968191,3248,83,0.13253012048192772
0.4679273800106573,1.3854427024269136,1.853370082437571,0.999914267396961,0.7856684694754563,1.7855153794694036,3249,67,0.11940298507462686
1.0569619938560637,1.422542098814757,2.4795040926708207,0.9995615430397651,0.7132926897185758,1.7125414846138491,3250,348,0.0
1.9457086082365818,2.2025508298779615,4.148259438114543,0.9985373712839002,0.520372999547956,1.5181492583396343,3251,439,0.002277904328018223
1.669513847995315,1.3318047293951767,3.001318577390492,0.9995068542299994,0.6529434561572656,1.6521283140838114,3252,49,0.0
1.5746929200315032,1.3146057116444658,2.889298631675969,0.9985460077436026,0.6660072380004978,1.6635848763773429,3253,189,0.005291005291005291
1.2187514772208599,1.5691452222543147,2.7878966994751746,0.9992193319144883,0.6776694814268669,1.67635977840468,3254,281,0.0035587188612099642
1.3336301378676927,1.5373555230693126,2.8709856609370052,0.9993028199848277,0.6680354411173776,1.6668725201432315,3255,39,0.02564102564102564
1.2257613718456128,2.0788180442659034,3.3045794161115163,0.9998809038366209,0.6178363823666024,1.6176437042604874,3257,127,0.12598425196850394
1.6421096312900731,1.5563047339408351,3.1984143652309083,0.9999669240182048,0.6301014659006725,1.6300475486942618,3258,32,0.0625
2.0338901664738174,1.846122189847641,3.8800123563214584,0.9976498890514458,0.5514737349221108,1.547827599511276,3260,47,0.02127659574468085
1.1711823713460146,1.4094204677392874,2.580602839085302,0.9981003892644631,0.7017673041725563,1.6985346087321644,3261,128,0.0546875
1.3718145837223352,1.9678835720502856,3.339698155772621,0.9998008399089311,0.6137780099783487,1.6134566098029164,3262,136,0.13970588235294118
0.9649426331166351,1.232374081076198,2.197316714192833,0.9987240965337181,0.746031735769755,1.7438039678258481,3263,115,0.0
0.36947244980780536,0.9686527636450927,1.338125213452898,0.9999725416061724,0.8452472925148313,1.845196624987964,3264,57,0.0
0.447627535553497,0.891109921461083,1.33873745701458,0.9999760713998544,0.845173123017804,1.8451289706079441,3265,53,0.018867924528301886
0.8224762042145329,1.1663018460354504,1.9887780502499832,0.9995410971655962,0.7700502432839639,1.7692379622102838,3266,67,0.029850746268656716
0.9931862406050729,1.3312516767327804,2.3244379173378533,0.9995256487628519,0.7312337246471987,1.7304125117881197,3268,429,0.0
1.4784567719870174,2.17405157692705,3.6525083489140675,0.9999460888490541,0.5775858383138328,1.5775007888455734,3269,151,0.6754966887417219
1.4260032287521667,1.4342264346910825,2.860229663443249,0.9998394751691729,0.6692302323022723,1.6689622794016206,3271,161,0.0
1.1308584941573125,1.603952668436883,2.7348111625941955,0.9996866465076928,0.6837534955780142,1.6832258855399904,3272,173,0.03468208092485549
1.0652925420541384,1.1904198669431714,2.2557124089973097,0.9999906434413681,0.7391240575478004,1.739107785331588,3273,20,0.1
1.455673161302871,1.3524084699106633,2.8080816312135344,0.9995580989942977,0.6752821152722235,1.6745418064206496,3274,29,0.0
1.0035728931166583,1.3828273076789335,2.386400200795592,0.9997402834103291,0.724041754545333,1.7235939923003922,3275,187,0.0
1.1578379429195773,1.0000704317579867,2.157908374677564,0.99986160672299,0.7504465025455826,1.7502042525178645,3277,124,0.016129032258064516
1.1213831161865067,1.1572620894519294,2.278645205638436,0.9998849321730543,0.7364859970941093,1.736286183423902,3279,301,0.0
0.8256456081506695,1.086618772594754,1.9122643807454234,0.999201540485425,0.7789490147436405,1.7775285959768747,3281,46,0.0
1.0646352145307578,0.726960033787392,1.7915952483181499,0.9999691263223466,0.7927979669376539,1.7927426166711249,3282,25,0.0
0.8143967568983214,0.859395685371506,1.6737924422698274,0.9999636908736882,0.8064266744063852,1.806361084632091,3284,93,0.0
0.9191235241130646,0.9727350822420571,1.8918586063551217,0.999957800567427,0.7812022419606738,1.7811270762367652,3287,30,0.06666666666666667
1.0291665458004493,0.8622692754293468,1.8914358212297961,0.9999808309730349,0.781258960327624,1.7812248153265817,3288,42,0.0
1.2087364385619903,0.9790465068372987,2.187782945399289,0.9999876606356743,0.746983216187024,1.7469616595246487,3289,24,0.041666666666666664
1.033625386661103,1.2202100977998525,2.2538354844609554,0.999854255791617,0.739360311991399,1.739106810299635,3290,155,0.0064516129032258064
2.201608190775661,1.6665063451782047,3.8681145359538656,0.9996454865683222,0.5526817102129552,1.5521312636915643,3292,22,0.6363636363636364
2.1019911131440976,1.889937976862293,3.9919290900063906,0.9994171507192449,0.5383710044277958,1.5374743659943304,3297,22,0.18181818181818182
1.1280594435949256,1.1339132974571364,2.261972741052062,0.9990849037007729,0.7385146886794937,1.736923780321731,3303,80,0.0125
0.8755569532621995,1.5339023310072877,2.409459284269487,0.9968297018092249,0.721704965858142,1.7162466477198335,3304,781,0.0
1.0244584638418437,1.404550152572953,2.4290086164147966,0.9990732685098713,0.719189403185394,1.7175961762279666,3305,406,0.0
1.0884966448838087,1.638616998583462,2.7271136434672707,0.9997163456603415,0.6846356499091473,1.6841577956963072,3306,231,0.17316017316017315
0.8448425070604015,2.0378450528034353,2.882687559863837,0.9999200385955695,0.6666177553115527,1.6664844902151892,3307,165,0.806060606060606
0.9415585172033066,1.208786426509449,2.1503449437127555,0.9995472474768339,0.7513625296896921,1.7505695958853966,3308,115,0.0
1.1914861342779504,1.3743978774281342,2.5658840117060846,0.999635647560015,0.703295378423727,1.7026747785965832,3312,81,0.0
0.6198796411263122,1.2257944605942144,1.8456741017205265,0.9999908987314463,0.7865464520051569,1.7865301921661136,3313,38,0.0
1.3806503319932621,1.5578868176936764,2.9385371496869386,0.9999478446262342,0.6601604764313289,1.6600738901411694,3316,34,0.058823529411764705
1.1107388973135641,1.3379614842277274,2.4487003815412915,0.9995883103511876,0.7168490545913644,1.7161422456070157,3317,38,0.13157894736842105
0.9939493033300717,1.1280535732266446,2.1220028765567163,0.9999667464237135,0.7545896695064415,1.754531323125015,3321,20,0.0
1.1772485473202396,1.6077541309558796,2.7850026782761192,0.9998942413996581,0.677925143203491,1.6777476881888673,3322,39,0.1794871794871795
0.9458386040396825,1.2656225304527036,2.211461134492386,0.9999767847440639,0.7442443432800202,1.7442038502011759,3323,33,0.18181818181818182
1.5627544650804888,1.8501484536432269,3.4129029187237157,0.999728114048019,0.6053226963719918,1.604886231682452,3324,60,0.26666666666666666
1.1323465671064568,1.3654410901137946,2.4977876572202513,0.9999459795656915,0.711125029166527,1.7110325934492954,3325,24,0.16666666666666666
2.9143682920543967,2.4188710283947024,5.333239320449099,0.9995463911491845,0.38323451154636556,1.3826070641291748,3328,546,0.9194139194139194
0.3068355699380821,1.0307894510079691,1.3376250209460512,0.9999948686955867,0.8453019218435991,1.8452924530377037,3330,25,0.04
1.7845511700823944,1.6188149187322272,3.4033660888146215,0.9999547805972406,0.6063832928202741,1.6063106531271703,3331,20,0.35
0.44545262392978086,1.2100431040538098,1.6554957279835907,0.99996418608789,0.8085420002680328,1.8084772293037878,3333,210,0.4523809523809524
0.9931672214411299,1.7206711995515924,2.7138384209927224,0.9999238546204656,0.6861470643499086,1.686018672041743,3334,124,0.6774193548387096
0.6123363944201192,1.016994986748302,1.6293313811684211,0.9997919032779681,0.811592163718732,1.8112151773278033,3336,188,0.005319148936170213
1.424885627803912,1.7625539237764423,3.187439551580354,0.9997645556007317,0.6313826544364962,1.6309985545274457,3337,59,0.7796610169491526
0.924734707624663,1.3614181628715298,2.286152870496193,0.9998654469020605,0.7356197643879063,1.7353862313717627,3340,94,0.010638297872340425
0.9540570013971065,1.185800292730002,2.1398572941271086,0.9999551341016304,0.7525239044548127,1.752445275895425,3341,25,0.12
1.4039842995687966,1.7704564590205438,3.1744407585893404,0.9998390521954669,0.6328841951820243,1.632621386055753,3343,143,0.7342657342657343
0.5041028638905884,0.6576974797071808,1.1618003435977693,1.0000247309297394,0.8656385383077528,1.8656846772833628,3344,24,0.5833333333333334
0.809649240525371,1.7916341752436669,2.601283415769038,0.999974633961436,0.6991601780890138,1.69911707712641,3345,145,0.3103448275862069
0.5507991749481183,1.2554944403929413,1.8062936153410596,0.9991102520080939,0.7912116151611217,1.7896178882234532,3347,576,0.0
0.6562651515251483,1.0732133321795732,1.7294784837047215,0.9999020976628367,0.7999921927545798,1.7998159693120335,3348,47,0.0
0.963014354091892,1.2602243062614789,2.223238660353371,0.9983734145624397,0.7430745072505169,1.7402392476404405,3349,270,0.003703703703703704
0.679968970414614,1.1431870950376868,1.823156065452301,0.9998780641183431,0.7891650224541182,1.7889468590396755,3350,134,0.007462686567164179
0.662464738526441,1.0318990630895237,1.6943638016159648,0.9991825061613056,0.804150873459219,1.8026759912360908,3351,144,0.006944444444444444
1.5739502646945007,1.3343199816554494,2.90827024634995,0.9995369704510108,0.6637109277929221,1.6629405804723776,3352,34,0.0
1.6426279224692484,2.120985340942913,3.7636132634121617,0.9998980309412988,0.5647390516109564,1.5645794966427506,3353,38,0.3684210526315789
0.8728293160089565,1.2986376981409853,2.171467014149942,0.9999831905909674,0.748864856265917,1.7488354588812052,3357,79,0.31645569620253167
0.7238187494768167,1.6696808697530123,2.393499619229829,0.9982861007795831,0.7233900816420322,1.7204363647246317,3359,46,0.8260869565217391
0.6025273514735673,1.1289879580676474,1.7315153095412148,0.9999513072058399,0.7997586882469248,1.7996710529675801,3360,28,0.07142857142857142
1.2932243556728462,1.0717006172322292,2.3649249729050754,0.999965967975977,0.7264897180784405,1.7264309621388794,3364,27,0.037037037037037035
0.9312821276391303,1.6825422674172468,2.613824395056377,0.9999049838924439,0.697702512504733,1.6975412034202066,3365,26,0.11538461538461539
1.6515299418552347,2.1845609748379053,3.83609091669314,0.9998516821855025,0.556360064645876,1.5561292287225164,3370,95,0.5052631578947369
1.6507017196601508,1.8025892342689218,3.4532909539290726,0.99993367549493,0.6006192870581615,1.6005131267761419,3371,83,0.12048192771084337
3.3911238146354017,1.5589122506232047,4.950036065258606,0.9995561682024188,0.42756730459968084,1.4269337048367121,3372,20,0.0
3.6279098041633175,1.6603044919303316,5.288214296093649,0.998751381752919,0.38849627324462277,1.3867625714618455,3373,29,0.0
3.868453363038783,1.6806168898653389,5.549070252904122,0.9998672500568773,0.35824489887957356,1.3580645919465004,3374,28,0.39285714285714285
3.6492125282483574,1.4739635437900187,5.123176072038376,0.9998881019990367,0.4075063133285103,1.4073488161857055,3375,34,0.08823529411764706
2.599061868233333,1.8650007583382022,4.464062626571535,0.9998631604456728,0.4837300346250476,1.4835270016683677,3376,52,0.057692307692307696
2.984337347298614,2.0670144777396073,5.051351825038221,0.9998391456846136,0.4158202845439881,1.4155925437414076,3378,98,0.12244897959183673
2.5319392895440203,1.8646661799032618,4.396605469447282,0.9991861713165715,0.491595614928355,1.4903817116328502,3380,88,0.3522727272727273
1.8472944131498197,2.0516239037411435,3.8989183168909634,0.9998722709725574,0.5490948970331063,1.548897032648492,3381,183,0.01092896174863388
2.5860009544148004,1.8541675118681211,4.4401684662829215,0.9995571113523346,0.4865232539867036,1.4858648897130222,3382,27,0.07407407407407407
2.0491119348928035,1.604558595138744,3.6536705300315475,0.9998337647430973,0.5774659173985929,1.5772036869465587,3383,42,0.09523809523809523
1.3659132361805502,2.262422595193417,3.6283358313739673,0.9999072264873505,0.5803900822500223,1.5802434639107354,3384,137,0.635036496350365
2.042168094855021,1.5077483111035193,3.54991640595854,0.9997954641157865,0.5894680797892999,1.589142976530171,3385,71,0.0
2.1270672082115567,1.3878250673540862,3.514892275565643,0.9999542268825785,0.5934874110096036,1.5934144721232297,3387,26,0.15384615384615385
2.0888031631426607,1.4818636221814594,3.57066678532412,0.9972622219022474,0.5872933988080713,1.5829477417061073,3389,49,0.0
2.5368621655334778,2.299375143097164,4.836237308630642,0.9998863182224326,0.44068144106462104,1.4405176618374924,3390,118,0.0
0.5387326274621098,1.0692267555430397,1.6079593830051495,0.9999050443830455,0.8140469374976684,1.8138746835515338,3391,23,0.0
0.5227727444899796,1.003270594905156,1.5260433393951354,0.9999620663480057,0.823511510218647,1.8234423377676108,3392,30,0.1
0.7081427884546303,1.071771371958377,1.7799141604130073,0.9997510535845524,0.7941814999752688,1.7937348449221875,3395,73,0.0
0.7010823367125475,0.9236148216778158,1.6246971583903633,0.9999811513270871,0.8121054829612238,1.8120713271776916,3396,31,0.0
1.442196617534726,1.5612574173797982,3.0034540349145242,0.999777192140844,0.6526686016251237,1.6523003740721014,3399,364,0.0027472527472527475
1.0184720159512577,1.1708683445658137,2.1893403605170714,0.9999495353319365,0.7467951858688981,1.7467070344296685,3402,42,0.0
0.17386678315953866,0.8435664404516261,1.0174332236111647,0.9999827131888086,0.8823333968861133,1.8823008573440823,3405,43,0.09302325581395349
1.5177938904867245,1.6431027220810899,3.1608966125678144,0.9999557397735004,0.634441178328187,1.6343688375914338,3406,95,0.010526315789473684
0.5906324601667563,0.9114186303517922,1.5020510905185485,0.9999827699582123,0.8262848169500135,1.8262533499863012,3411,60,0.11666666666666667
3.4575062721516883,1.7439258502907906,5.201432122442479,0.9999575995770504,0.3984576082817757,1.3983983130877076,3412,52,0.4807692307692308
0.5611376775365704,1.339121453400049,1.9002591309366195,0.9999647200920185,0.7802351052511776,1.7801722987204789,3414,81,0.16049382716049382
0.6451340582100834,0.9686383394847794,1.6137723976948628,0.9999551031187068,0.8133701419551658,1.813288727291162,3415,24,0.041666666666666664
1.6112063321609338,2.3363095071867876,3.9475158393477217,0.9983519658352904,0.5436114760957906,1.541067551646147,3418,79,0.6962025316455697
1.0437377241387018,1.5497735977102425,2.5935113218489443,0.9999407437710074,0.7000598922510919,1.6999591531128155,3419,42,0.8571428571428571
0.7910831775803759,1.8517576267214173,2.6428408043017932,0.9999292275594842,0.6943494369097845,1.6942295236650478,3421,34,0.8235294117647058
0.8383458880309352,1.4468756026614655,2.285221490692401,0.9999850819213298,0.7357089362330305,1.7356830427905714,3424,49,0.20408163265306123
1.7508200694368627,1.1587932186221714,2.909613288059034,0.9996244471590305,0.6635428126493175,1.6629180644199528,3425,33,0.18181818181818182
1.800165004542403,1.8884677854634113,3.6886327900058142,0.9999389338836109,0.5734061601410538,1.5733100783373513,3427,58,0.017241379310344827
1.5540120554089922,1.3581785466841834,2.9121906020931756,0.9997625641120789,0.6632294734636377,1.6628345630967893,3428,100,0.0
1.6007812678778248,2.0286414783876427,3.6294227462654676,0.9999469927689815,0.5802730322234484,1.5801892663257568,3429,46,0.30434782608695654
1.3627122495661044,1.9534242915889277,3.316136541155032,0.9998328373551149,0.6164985823942526,1.6162283642157664,3430,274,0.029197080291970802
1.2936934006030714,1.1557351705160062,2.4494285711190775,0.9999721263469206,0.7167247276646447,1.716676876275153,3431,28,0.0
0.34949496824382353,0.8608062840791424,1.210301252322966,1.0000131025726462,0.8600277906644291,1.8600521618136803,3436,41,0.0
0.5181647658572727,1.2481621610535178,1.7663269269107904,0.9999743178341303,0.7957248523815157,1.7956787342780003,3437,365,0.03561643835616438
0.9017341718790131,1.830301224422263,2.732035396301276,0.999972114790785,0.6840342756044402,1.6839873159563397,3438,105,0.3142857142857143
1.0134902022370713,0.9885122297956837,2.002002432032755,0.9998277009993126,0.7684865609707741,1.7681818525035897,3439,33,0.0
1.9221978209494572,1.9381777048297437,3.860375525779201,0.9982679401319452,0.5537051029739957,1.5510139927183424,3440,93,0.053763440860215055
1.148137845586261,1.6084537728938273,2.7565916184800883,0.9996902886953423,0.6812326371793676,1.6807119404258737,3441,292,0.09931506849315068
0.7118799579112827,1.4267654505895038,2.1386454085007864,0.9999777897742558,0.7526581066020972,1.752619179669897,3443,20,0.2
1.33332001886298,1.2709374895357464,2.6042575083987263,0.9998959351367456,0.6988219370185982,1.6986451493460288,3444,56,0.0
1.0857014593580194,1.5618807976093354,2.647582256967355,0.9999924084436445,0.6938060674034776,1.6937932087792615,3445,20,0.15
1.2328878939629233,1.583243729376835,2.8161316233397584,0.9998435969300669,0.6743240246485008,1.674062155230983,3447,23,0.13043478260869565
0.768516268131868,0.9350145245322883,1.7035307926641563,0.9999516003292739,0.8029899482153675,1.8029026840955513,3448,45,0.0
1.536120812719969,1.4405470003229137,2.9766678130428827,0.9999421439638497,0.6557348012770965,1.6556390070245786,3449,22,0.18181818181818182
0.921569114657041,2.196814958013265,3.118384072670306,0.9998294865280283,0.6393709327598794,1.639091397930285,3450,369,0.4065040650406504
3.821507201786348,1.4301641862802255,5.2516713880665735,0.9999386557255865,0.39263755222319896,1.3925521218830368,3452,29,0.0
3.9642514311279493,1.45286690802528,5.417118339153229,0.9999673746697142,0.37350962590419734,1.3734648146990014,3454,21,0.047619047619047616
3.5950733872055767,2.4529921418827585,6.048065529088335,0.9997060277326999,0.30055512248926763,1.3001727953511608,3457,133,0.6090225563909775
2.9087008940544847,2.1209910511158108,5.0296919451702955,1.0000033282982443,0.4183226820772602,1.418327402678153,3458,35,0.2857142857142857
4.10844506536738,1.3026576481940806,5.41110271356146,0.996581064560026,0.37440309922776205,1.3697041037630022,3462,26,0.07692307692307693
2.6376578479340766,1.9039140156916075,4.541571863625684,0.9984810516154043,0.47488587259686454,1.4726455970832206,3463,25,0.12
2.4299763358546533,2.0484195258550244,4.478395861709678,0.9996176082170355,0.4820928432230519,1.481526103098213,3464,29,0.20689655172413793
3.9003161527014876,1.7114375480903363,5.611753700791824,0.999487531200475,0.35102848579846724,1.350336125852226,3466,24,0.0
2.9030748802308644,2.282089426858203,5.185164307089067,0.9997756686785733,0.40035280898777226,1.4000386659916684,3468,24,0.25
2.390729103924884,2.285268986681615,4.675998090606499,0.9996200743918635,0.4592433810257507,1.4586889770967955,3470,60,0.11666666666666667
2.1239547031488772,1.5196914740071472,3.6436461771560245,0.9997751993155688,0.5786200138094045,1.5782651389498432,3472,22,0.2727272727272727
2.398917365148243,2.1228746434992836,4.521792008647527,0.9998316202997615,0.47705722738364453,1.4768085209304624,3473,42,0.30952380952380953
2.6188123133764667,1.5518362244312125,4.170648537807679,0.9997623210660448,0.5176768241385555,1.5173161043289056,3474,23,0.13043478260869565
2.080044583002416,2.0821063243408533,4.162150907343269,0.999689636011831,0.5186728378394985,1.5182014964808226,3476,27,0.2222222222222222
3.213457139891042,2.1033145703486458,5.316771710239688,0.9998451875552528,0.38510931275883975,1.3848948805998893,3477,23,0.2608695652173913
2.573844061906008,2.536480166460367,5.110324228366375,0.9988958497475462,0.40906691017440944,1.407511088589816,3478,85,0.4470588235294118
3.027228086680357,2.015419958334504,5.042648045014861,0.9995561682903573,0.41684373252561924,1.416214892349516,3480,143,0.02097902097902098
3.470803173877903,1.5347345322078705,5.005537706085773,0.9999618761292521,0.4210939923445882,1.4210398147409036,3481,33,0.06060606060606061
3.9087173374461663,1.9256017472230678,5.834319084669234,0.9997204228764951,0.32527248289891486,1.3249019670302857,3483,38,0.10526315789473684
3.4039258175630445,1.8025262732820653,5.20645209084511,0.9996840588285858,0.3978946541579699,1.3974530016834215,3484,27,0.037037037037037035
1.96719794891271,1.126205619119802,3.093403568032512,0.9999401029843343,0.6422477867892171,1.642149421047805,3485,48,0.6041666666666666
1.3492875471728218,0.9372030716226718,2.2864906187954936,0.9999552989049487,0.7355737264168518,1.7354961443707388,3486,30,0.43333333333333335
1.5777379754588,1.7124527393849651,3.290190714843765,0.9996243630829751,0.6195327978278371,1.6189244415206403,3488,214,0.17289719626168223
3.605580156338199,2.029927700963933,5.635507857302132,0.9996652134662924,0.34826692119525415,1.3478155395861946,3489,123,0.08130081300813008
3.933694937533679,2.388650613923791,6.32234555145747,0.9989334278502906,0.268867653215903,1.2675143143153158,3490,159,0.0440251572327044
2.9205080481996504,2.348218882258136,5.268726930457786,0.9986150874133823,0.3907604503816152,1.3888343687289118,3491,447,0.013422818791946308
2.2520711168336502,2.11879381673491,4.37086493356856,0.9986519219884873,0.4946211888834009,1.4926063229231263,3492,634,0.011041009463722398
2.9300653418642315,2.7146667882138424,5.644732130078074,0.9991273092271089,0.34723596227751985,1.3460602418843333,3493,1220,0.000819672131147541
2.2322386166740755,1.6490439601240436,3.881282576798119,0.9997420388527505,0.551145608108279,1.5507454728076602,3495,69,0.8840579710144928
1.4204732711854229,1.3233556162062117,2.7438288873916346,0.999873817996473,0.6826879232663683,1.6824755983328998,3499,35,0.7428571428571429
3.4338836169707525,1.6125777358195466,5.046461352790299,0.9997838321809114,0.41640671870218704,1.4161005371508626,3500,37,0.10810810810810811
3.993154932526269,1.7786818618803233,5.7718367944065925,0.9997010994274411,0.33248500605290443,1.332086725521669,3501,26,0.0
4.615024872751021,1.6722322088770918,6.287257081628113,0.9997759553327323,0.2728904318466072,1.272605247533336,3503,44,0.0
2.5381359098594607,2.4701021440059336,5.008238053865394,0.9999005457621908,0.4207789131733608,1.4206376106894558,3506,69,0.2898550724637681
3.6803707107494734,1.8567818263191214,5.537152537068595,0.9985368435415884,0.3597273056217578,1.357737811832859,3508,39,0.1794871794871795
2.4371869325271636,1.7533484202309833,4.190535352758147,0.9998709457670414,0.5153657051854168,1.5151701408266822,3509,25,0.24
1.3632646593382705,1.4957956173711098,2.8590602767093802,0.9999519986765761,0.6693503350916952,1.6692702040663527,3513,35,0.2571428571428571
1.2675399415845001,1.9866596911413692,3.2541996327258693,0.9999496727987918,0.6236501242247567,1.623568410458263,3515,33,0.5151515151515151
2.3172312581763688,1.716773903410468,4.034005161586837,0.9999283753553341,0.5334672430209573,1.533357408974569,3526,36,0.5833333333333334
3.743646466980408,1.4737302340934697,5.217376701073878,0.9983145998541818,0.39671676771940434,1.3943627410754234,3528,26,0.38461538461538464
4.0449421575702065,1.6962357175192064,5.741177875089413,0.9998522407713175,0.33603454807937794,1.3358371366450605,3537,32,0.0
3.8076371463318615,1.488800792806877,5.296437939138738,0.9999494252772264,0.38746138617525083,1.387391215700286,3539,36,0.05555555555555555
3.5177973548400066,1.8251503478101863,5.342947702650193,0.9999053133814317,0.3820918311981788,1.3819609655961318,3541,29,0.20689655172413793
0.9897164182967148,1.5234706771259803,2.513187095422695,0.9998844594491315,0.7093633591116355,1.7091658583274894,3542,82,0.12195121951219512
0.5059406087288261,1.1317463371791188,1.6376869459079448,0.9999583113418318,0.810602906690523,1.8105274250848677,3543,21,0.0
1.2258143502763332,1.6495172537860838,2.875331604062417,0.9999723089444752,0.6674655549518094,1.6674193810705416,3545,83,0.3373493975903614
0.9422940904539676,1.3642731698527342,2.306567260306702,0.999957838561919,0.733242536111772,1.7331694601139063,3546,50,0.22
1.3993809961509545,1.390001191315899,2.7893821874668534,0.9999436225058573,0.6774208681584396,1.6773262993732703,3547,22,0.09090909090909091
0.3042105536289453,0.9051197682781651,1.2093303219071103,0.9999147664249362,0.8601478965880051,1.8599893495326314,3548,39,0.0
2.1517468463977623,1.6984184037290837,3.850165250126846,0.9980140824854558,0.5549056003666852,1.551817686101454,3552,44,0.045454545454545456
2.3054619167696027,1.7482375109156338,4.0536994276852365,0.9999081812359403,0.5311744115630709,1.5310338210210412,3554,27,0.0
3.7059674682893866,2.4450795620049584,6.151047030294345,0.9996287595772028,0.28864772439902386,1.2881693262729812,3555,215,0.16744186046511628
4.152719731456584,2.0618715846548836,6.214591316111467,0.9995986332592556,0.28130138750105715,1.2807871157392445,3556,78,0.11538461538461539
2.796775083019624,1.7374370545356714,4.534212137555295,0.9894612561172744,0.47623994152834337,1.4606822268751265,3564,60,0.016666666666666666
3.6578657928431833,1.4606650435959425,5.118530836439126,0.9981216588497086,0.4081584092704268,1.4055134073841653,3565,70,0.0
4.626977554602227,1.5850332663251292,6.212010820927357,0.9990483743805715,0.2816195571125212,1.2803999351076123,3566,78,0.0
2.6853445351916085,1.8350787406852924,4.520423275876901,0.9973534276015598,0.47740981718202413,1.4734997451386855,3567,145,0.0
2.5936466942728673,1.6728257560865876,4.266472450359455,0.9918352276433566,0.507139326197271,1.4948338766891254,3568,208,0.004807692307692308
2.077517377037422,1.120678029814751,3.198195406852173,0.9985983109552639,0.6302709148688015,1.627985781987478,3569,71,0.028169014084507043
2.197790632744651,1.0766278843869204,3.274418517131571,0.9980661218025053,0.6215020440985735,1.6183662566482981,3570,29,0.0
2.6242580733142518,1.664351664663263,4.288609737977515,0.9991865304676391,0.5040688181748234,1.502845304016664,3571,25,0.04
3.973284547448159,1.6576209228509478,5.630905470299107,0.999556429590231,0.348804585171012,1.3482062953684695,3573,33,0.42424242424242425
3.1578197067526874,1.273617531057858,4.431437237810545,0.9998434936302355,0.4875144117164618,1.4872816062359118,3577,20,0.0
3.0985366304330673,1.0312595597627587,4.129796190195826,0.9996473518129682,0.5224207903013904,1.521883911369791,3578,22,0.0
3.3803949385836063,2.502669798707144,5.88306473729075,0.9995188572766959,0.3196449901681855,1.3190100525838213,3580,107,0.0
3.259007888602099,2.6789776983286586,5.937985586930758,0.9964791202889269,0.31342874310602953,1.3088043184924874,3581,2775,0.5423423423423424
4.8210615045853755,2.131416787801104,6.95247829238648,0.9998416742203817,0.19594462140603597,1.1957552725414715,3582,861,0.13704994192799072
3.035052514631567,2.6689633917668836,5.704015906398451,0.9997689765960289,0.34033567857603586,1.3400260296651074,3583,705,0.0014184397163120568
1.2167393763378942,1.6451821319169455,2.8619215082548397,0.999856481969694,0.6690270416568083,1.6687875061832622,3584,457,0.16630196936542668
0.7254404271708736,0.8796407899953982,1.6050812171662718,0.999869700502938,0.8143826612899683,1.814146248141724,3585,195,0.020512820512820513
0.5400957806859508,0.7892586213792445,1.3293544020651953,0.9999394626112581,0.8462647213350328,1.8461529532898768,3586,117,0.0
0.5524184961894903,0.9137974254363711,1.4662159216258615,0.9999491085800902,0.8304329670426068,1.8303398137098643,3587,139,0.02158273381294964
0.4079749125926169,0.8932545406749659,1.3012294532675828,0.9999344249600611,0.8495175145945691,1.849396232409682,3588,100,0.01
0.34456924814460005,0.8098534657183267,1.1544227138629268,0.9999227231137083,0.8664986594282132,1.866354422223545,3589,112,0.008928571428571428
0.5123661261046133,0.7365141660941767,1.24888029219879,0.9999753947673344,0.8555652152673452,1.8555195586534974,3590,30,0.0
0.658115862937199,1.3416628342207835,1.9997786971579825,0.9996953001189888,0.7687586659476253,1.7682197253925735,3591,1595,0.038871473354231974
0.03990814865286893,0.6526945351282534,0.6926026837811223,0.9999634040392489,0.9199039200406263,1.9198336593121226,3592,93,0.021505376344086023
0.3634855268677259,1.3316418336889824,1.6951273605567083,0.9997272432172895,0.8039894609970579,1.8034974106356327,3593,217,0.009216589861751152
0.6100051977519498,1.8360509398181526,2.4460561375701024,0.9999881277539704,0.717111623033326,1.7170912370616769,3596,102,0.22549019607843138
1.1036793853431968,2.0512621940209153,3.154941579364112,0.999696187889247,0.6351602317797913,1.6346634502983548,3597,178,0.7528089887640449
0.5270823460814739,1.3197695202020752,1.846851866283549,0.9997791693232596,0.7864342066514801,1.786039707176673,3599,99,0.010101010101010102
0.33434943888913504,1.1238010117269701,1.4581504506161052,0.9999875409572794,0.8313663182587419,1.8313435011875456,3600,317,0.0031545741324921135
1.1830981254691153,2.2569827449417383,3.4400808704108536,0.9916920744776894,0.6028674688350533,1.5895509652818371,3601,878,0.0
0.7758919991339522,1.6508810917966774,2.4267730909306295,0.9999766052092068,0.7193464567187493,1.7193062329680933,3602,50,0.18
4.237364992187982,1.298391334836304,5.535756327024286,0.9993547154411893,0.3598305240348221,1.358953046395063,3603,49,0.8571428571428571
0.7717084085680943,1.1691633515867161,1.9408717601548104,0.9998927323593034,0.7755519682925052,1.7753615090219323,3604,36,0.0
0.5154152473268376,1.0101763524173362,1.5255915997441738,0.999941003276193,0.823569441153285,1.8234618565306224,3607,65,0.07692307692307693
0.1591147971005649,0.4744412701710523,0.6335560672716172,1.0000226688480447,0.9267262666977817,1.9267699433627452,3608,23,0.08695652173913043
0.3467441938274532,0.918111132006286,1.2648553258337392,0.99998671888282,0.853718653284516,1.8536940338298629,3609,117,0.11965811965811966
0.9141126176631391,1.115390552591736,2.029503170254875,1.0000049497353904,0.7652889935419948,1.7652977312554006,3611,41,0.024390243902439025
0.670724894561407,1.3942909076350203,2.0650158021964273,0.9999600059470841,0.7611817430266803,1.7611113062308552,3613,34,0.47058823529411764
0.3658596537980408,1.4142334218523855,1.7800930756504263,0.9999748404646545,0.7941262506321217,1.7940811112493047,3614,66,0.18181818181818182
0.48695539645748426,1.0435774063337444,1.5305328027912286,1.0000010705496232,0.8229928898631834,1.8229948414675348,3615,66,0.030303030303030304
0.515004336409664,1.030321021257381,1.545325357667045,0.9999232203110258,0.82128549284316,1.8211456551094862,3616,86,0.011627906976744186
0.9685575516169829,1.4342850398699722,2.402842591486955,0.9999552103152594,0.7221064995886697,1.7220293669814632,3618,133,0.045112781954887216
0.730214947549057,1.1598346964364517,1.8900496439855088,0.9999825854865253,0.7814180055848742,1.7813869830570117,3619,31,0.0
1.773321725295177,1.6708026188088763,3.444124344104053,0.9999437126494799,0.601691932755555,1.6016017777603109,3620,24,0.08333333333333333
2.1933267930621563,2.9475241496631037,5.14085094272526,0.9997528553569075,0.4054732006089141,1.4051258454363735,3621,1680,0.007142857142857143
1.8546374335706939,1.4827565651720458,3.3373939987427397,0.9988397412551007,0.614150489562958,1.6122776573418591,3623,101,0.0594059405940594
2.0976992001405637,2.0403793863304016,4.138078586470965,0.9997695321417895,0.521442229797241,1.5210915862651486,3624,92,0.021739130434782608
1.926077132666174,1.2880321417444336,3.2141092744106077,0.9998623154733122,0.6283024000477038,1.6280782080024485,3625,39,0.0
2.146822763769666,2.693030068172415,4.839852831942081,0.9997125201593393,0.44029034248674714,1.439876288048584,3626,898,0.014476614699331848
2.8980414018659317,3.1907612232027684,6.0888026250687,0.9994513001469087,0.2958546492122849,1.2951436139566344,3628,1082,0.0822550831792976
2.980652830823063,1.6028025413928866,4.5834553722159495,0.9995448356142262,0.4699335329346408,1.4692644715409944,3630,24,0.0
1.3895014727550035,1.0338506200667956,2.423352092821799,0.9997688804758529,0.7197658783880988,1.7193684069166413,3631,27,0.0
2.6001986199945324,1.8282709125456447,4.428469532540177,0.999908486086841,0.4878152402637749,1.4876790844690808,3633,23,0.34782608695652173
2.446647353172479,1.601632380097883,4.048279733270362,0.9998556353005498,0.5318254440268393,1.5316043025070023,3636,21,0.14285714285714285
3.0883345267652986,1.6730363283541987,4.761370855119497,0.9999080218170711,0.44935121245340715,1.44921790376246,3640,201,0.0
2.581540122691612,1.7260402314691383,4.30758035416075,0.9997004795999124,0.5018555148908634,1.5014056785261696,3641,20,0.25
3.486308855433501,1.457755918507237,4.944064773940738,0.9996784432694779,0.42824432146027724,1.4277850598858817,3642,21,0.047619047619047616
3.4622570770470196,1.4647296022913396,4.926986679338359,0.9999017208243538,0.43017797094769017,1.4300374142356782,3643,20,0.05
2.971292944025512,1.5416624021249792,4.512955346150491,0.9999826918272379,0.47806939833247575,1.478043815651975,3644,49,0.0
3.589077774504676,1.853038207040079,5.442115981544755,0.9998777353571427,0.3706164686400121,1.3704488907069796,3647,25,0.24
2.1263522469888128,2.3195754057898994,4.445927652778712,0.9998987638415552,0.4858331472915608,1.485682727251639,3648,206,0.02912621359223301
1.2997363445728267,2.626074629178947,3.925810973751774,0.9997853284549397,0.5459934304902462,1.5456615496918698,3649,779,0.13350449293966624
0.8956943084432638,2.0300097475661163,2.92570405600938,0.9994450232082783,0.6617007759967085,1.6607785706312446,3650,334,0.0029940119760479044
0.9900014526962327,1.9093763412976346,2.8993777939938674,0.9999821375957151,0.6646803107388035,1.664650575546088,3651,31,0.7741935483870968
2.71965832505259,2.013254630167326,4.732912955219916,0.9998109733602908,0.45263555849954484,1.4523609716811996,3652,27,0.5925925925925926
1.3089680949305604,1.8981142475881816,3.207082342518742,0.9999374054557506,0.6290987857857229,1.6289968130896892,3653,206,0.9368932038834952
1.2833066074504567,2.196677479085407,3.4799840865358638,0.999852034086808,0.597549273176925,1.5973128903398501,3654,466,0.1759656652360515
0.8025290327751246,1.0881002571398204,1.8906292899149448,0.9999875230891666,0.7813478794229477,1.7813256537042927,3655,21,0.19047619047619047
0.8325265969246926,1.1295212354015125,1.9620478323262052,0.9999833809165595,0.7730832111398376,1.7730537441220047,3656,30,0.03333333333333333
1.8378185106442024,1.6227634481565367,3.460581958800739,0.9993551066370874,0.5998467899647657,1.5988150593882402,3661,22,0.6818181818181818
1.8452927734215037,1.9866690172502295,3.831961790671733,0.9999151938194739,0.5568328468915993,1.5567008178441368,3663,37,0.1891891891891892
0.8327540907978763,1.3149196182347191,2.1476737090325955,0.9999577931247238,0.751617334635081,1.7515434043407063,3664,21,0.047619047619047616
1.5221978522009316,1.3353447267947745,2.857542578995706,0.9998415788898256,0.669546347459114,1.6692818560732618,3669,24,0.041666666666666664
0.9251006524274249,0.8329333505367925,1.7580340029642174,0.99995752471902,0.7966880577522413,1.7966117429221549,3672,20,0.0
1.117165363841419,1.4580997886502927,2.5752651524917116,0.9997163791658564,0.7022086186449127,1.7017258368166064,3673,27,0.2222222222222222
0.7700409597067613,1.19997488883996,1.9700158485467214,0.999908040676442,0.772173408022865,1.7720104401550358,3675,20,0.05
0.7212042529728439,1.600718075991625,2.321922328964469,0.9999315205802048,0.7314728830240511,1.7313543127656306,3676,68,0.23529411764705882
0.8721679266159702,1.0330954120065332,1.9052633386225035,0.9998997800834586,0.7796627290895397,1.7794843714393584,3677,30,0.1
0.8081032480732394,1.2686539393814917,2.076757187454731,0.999982383115406,0.7598206277571362,1.7597896252002307,3678,27,0.037037037037037035
1.408541051763998,1.0642381804410523,2.4727792322050504,0.9999492586266963,0.714023097890496,1.7139361260046346,3687,58,0.05172413793103448
1.7005283624620846,1.4143683617941534,3.114896724256238,0.9994695647397739,0.6398121556600417,1.6389423414725321,3688,45,0.06666666666666667
1.1852317746723537,1.4355404958647884,2.620772270537142,0.9999637510191286,0.6969172020024341,1.6968556904832384,3690,29,0.13793103448275862
4.6418642664225,2.0493916551053015,6.691255921527802,0.9899380264966573,0.22626712908641544,1.2139284617255277,3691,58,0.08620689655172414
2.4223091470248668,1.6782149196368343,4.100524066661701,0.9994901213518309,0.5258186836912526,1.5250407013234608,3693,29,0.034482758620689655
3.0286226429483287,1.615019872320942,4.643642515269271,0.9998906577012094,0.4629642157895931,1.4628042519191904,3695,26,0.07692307692307693
1.9648751828421351,2.137926054418828,4.102801237260963,0.9991799731693535,0.5255807161312642,1.5243296990117197,3696,174,0.2413793103448276
0.8555696759757028,0.9928619717391616,1.8484316477148643,1.0000131497497124,0.786231587113979,1.786255075612278,3698,30,0.06666666666666667
1.1058463724212224,1.7296548913092602,2.8355012637304826,0.9999470270988973,0.6720750449429482,1.671986470276956,3702,185,0.7297297297297297
1.6026435450399426,1.3546688832132943,2.957312428253237,0.9998509038619915,0.6579961063073008,1.657748905491017,3703,33,0.12121212121212122
2.2979061548660598,1.230750726883687,3.528656881749747,0.9999649208622321,0.5919230321224962,1.5918671888351366,3704,24,0.125
1.7444076202251473,0.9056867144433565,2.6500943346685037,0.9999607577339024,0.6935199069422326,1.6934534493834028,3714,23,0.043478260869565216
1.4006504109555244,1.554835503151664,2.9554859141071885,0.9998071450265174,0.6582186645712294,1.657898868854645,3716,45,0.06666666666666667
1.5527033520886806,1.2513784138473865,2.804081765936067,0.9999125196617782,0.6757213113083689,1.6755747186412902,3717,23,0.0
2.1605297404485144,1.4557446342711922,3.6162743747197066,0.999971256980063,0.581781576629639,1.581736111450246,3719,21,0.0
1.734272390938759,2.0573093571466337,3.7915817480853926,0.9998469498418713,0.5615215417303203,1.5612825506114372,3720,54,0.3148148148148148
1.7052375581653991,1.4380694942222156,3.1433070523876148,0.999758360112623,0.6365026532690072,1.636107208952179,3723,44,0.3409090909090909
1.9853419552932126,1.3874096538534033,3.372751609146616,0.9994989039473751,0.6099790646776326,1.6091723105235138,3725,21,0.14285714285714285
2.2627733569326893,1.5544721787148998,3.817245535647589,0.9999473052332406,0.5585413936895594,1.558459266714334,3728,20,0.35
3.431809293638897,1.650652476365995,5.082461770004892,0.9929672973730644,0.4125885180335227,1.4026542030519693,3730,62,0.16129032258064516
3.206270989087305,2.3976692011649026,5.6039401902522075,0.9997951684928426,0.3519102032852647,1.3516332894807843,3732,117,0.37606837606837606
3.3806390116422174,2.7088486899756914,6.089487701617909,0.9997022016045416,0.29576105149452714,1.2953751759324945,3733,93,0.3010752688172043
2.0265567381573417,1.6728495900275702,3.699406328184912,0.999946506146019,0.5721524698383209,1.5720683693436635,3734,21,0.19047619047619047
2.112378234631641,2.1856486467605265,4.298026881392167,0.9992169291157247,0.5029967096972302,1.5018197567347047,3735,116,0.10344827586206896
1.1065628790452633,1.7386081821340518,2.845171061179315,0.9999779022771993,0.6709529825029835,1.6709160582471632,3736,48,0.2916666666666667
0.5747115588416767,0.9604758653163135,1.5351874241579901,0.9999574262961024,0.822459862968699,1.8223822741021278,3737,55,0.03636363636363636
1.8878959281378722,2.222342990204981,4.110238918342853,0.9996892404453565,0.5246647108415642,1.5241909067150423,3738,104,0.7980769230769231
0.9412070286703142,1.5062091315914958,2.44741616026181,0.9999759770554255,0.7169564589328945,1.7169152125830447,3740,21,0.38095238095238093
0.49772238835537447,0.7586781669352494,1.2564005552906239,0.9999954330848881,0.8546961216705232,1.8546876514307773,3743,28,0.0
1.1912544646253604,1.1762350009962586,2.367489465621619,0.9997667969184063,0.7262190921822277,1.7258165325704249,3744,39,0.02564102564102564
2.0753459142474244,1.9618035478153462,4.037149462062771,0.999597926490882,0.533135104002558,1.5325186709913396,3749,205,0.024390243902439025
1.6606428278394545,1.2375638592546303,2.898206687094085,0.9999472579103948,0.6648211682732744,1.6647333621260407,3754,52,0.0
2.873854638363882,1.7608745535405963,4.634729191904478,0.9996270444230528,0.46401465294327804,1.4634686405137305,3757,28,0.21428571428571427
3.7751350162827477,1.4473112788332512,5.222446295115999,0.9998994748378898,0.3960345474542405,1.395894210855046,3762,30,0.06666666666666667
3.727468558269337,1.3778568310624872,5.105325389331824,0.9996150675761439,0.4095967194742791,1.4090541199923923,3763,22,0.2727272727272727
2.700143612796113,1.9397373875224915,4.639881000318605,0.9997900278250191,0.46340038358844327,1.4630931102270335,3766,22,0.045454545454545456
3.040296658067274,1.735278106096648,4.775574764163922,0.9996010475542562,0.44776134940701706,1.4471837614758178,3769,20,0.35
3.270330193552116,1.797172990544345,5.067503184096461,0.9998230013436376,0.4139486860253546,1.4136984190077626,3773,42,0.0
1.17878819956101,1.1978269462051288,2.376615145766139,0.9998851854801385,0.725148090468648,1.724950018418951,3774,49,0.04081632653061224
1.3749990736870685,1.2115675400011645,2.586566613688233,0.9999459623313032,0.7008624622929318,1.7007705516506957,3778,42,0.0
0.9242652428427766,1.4545831608347988,2.3788484036775754,0.999937688434856,0.7248895314251175,1.724782050858714,3779,392,0.07908163265306123
1.1281849695649215,0.9244528378437689,2.0526378074086904,0.9999844083473833,0.7626159001324168,1.7625884180376052,3784,22,0.0
1.3302617961579661,1.805559665300468,3.135821461458434,0.9999622668411028,0.6373453503855419,1.6372835681732663,3785,133,0.007518796992481203
1.3646304210836728,1.9275938783253714,3.2922242994090443,0.9997613746348536,0.6192622881663552,1.6188758911115737,3807,27,0.6296296296296297
1.893844980303351,2.430814134858295,4.324659115161646,0.9991104537659883,0.4999280456708193,1.4985937903265043,3809,646,0.0
1.0005202469310301,1.191497929746399,2.192018176677429,0.9976686353713846,0.7467709737844352,1.742698613721862,3810,265,0.0
0.8009171995543034,1.6032079534423653,2.4041251529966687,0.9993623722571694,0.7220400679048913,1.7209420473833292,3811,242,0.02066115702479339
1.6863057412747748,1.7794874848946902,3.465793226169465,0.9987281985025971,0.5993085987936142,1.5972745957228591,3812,36,0.3333333333333333
1.6701007382579673,1.8443952708402298,3.514496009098197,0.9992187744082597,0.5936261364073574,1.5923811548859297,3813,33,0.36363636363636365
1.431175088295331,1.6838186272825808,3.1149937155779117,0.9989695629173136,0.6398535912764294,1.6381638253258017,3814,178,0.028089887640449437
0.41756795814357806,0.8269637380829655,1.2445316962265436,0.9999704637111719,0.8560761302672244,1.8560213086665538,3815,24,0.0
0.7593671365479969,1.0057331141118837,1.7651002506598805,0.9998653338909118,0.7958796998598962,1.7956378557283257,3816,40,0.0
0.7786988061398525,0.8525885895803371,1.6312873957201897,0.9998976423525596,0.8113443159691053,1.8111589110262183,3817,21,0.0
0.5886539024446166,1.092684064305384,1.6813379667500006,0.996931317045415,0.8059426379753332,1.80040077258522,3818,58,0.017241379310344827
0.6446707291830691,1.1159497520751183,1.7606204812581874,0.9999751205704157,0.7963832729259387,1.7963385799347935,3820,53,0.018867924528301886
1.534919129675021,1.594677267192565,3.129596396867586,0.9997369726149274,0.6380856974759834,1.6376548360784515,3822,87,0.022988505747126436
2.4343072928016114,1.8303770985535919,4.264684391355203,0.9999511512172009,0.5067702007483329,1.5066965968580686,3823,39,0.5641025641025641
0.5626082107944025,1.1654003007571458,1.7280085115515482,0.9999369654452984,0.8001588813576354,1.800045409144157,3826,62,0.14516129032258066
1.4591967976278242,1.072555002848698,2.5317518004765223,0.9999281790521716,0.7072017584685815,1.707079145620154,3830,37,0.0
0.9594093813912659,1.1826373280944111,2.142046709485677,0.9999213668281401,0.7522788000240224,1.7521410127839938,3832,50,0.1
0.6551516359742557,1.0534219742100566,1.7085736101843123,0.9999733044078457,0.8024012904054404,1.8023531742356935,3834,31,0.03225806451612903
1.0816895268858344,1.3542224062353494,2.435911933121184,0.9999137664916311,0.7182980628990716,1.7181498880286843,3837,37,0.21621621621621623
3.1383532278639557,1.4821376808764368,4.6204909087403925,0.9967423731268483,0.46588836298573544,1.4611130456614327,3841,42,0.5714285714285714
0.871811650895328,1.006495041968877,1.878306692864205,0.9999213372726491,0.7827718094866747,1.782631571793896,3842,27,0.0
1.8505387758744802,2.360162448957192,4.210701224831673,0.9998997021763014,0.5130411137496054,1.5128893590187298,3844,101,0.44554455445544555
0.9402070943902601,1.2518815666446974,2.1920886610349575,0.9999794823025328,0.7464830308343732,1.7464471970239148,3845,33,0.12121212121212122
1.1683011885824781,1.8924949641796696,3.0607961527621477,0.9997947127115782,0.6460386766847219,1.6457007658681477,3846,50,0.74
0.508092387286175,0.7480882719267982,1.2561806592129732,0.9999751038348679,0.8547262950118953,1.85468011943978,3849,21,0.047619047619047616
0.7335346588969127,1.032219572370897,1.7657542312678096,0.9999269868225614,0.7957972209544407,1.7956661040933035,3850,28,0.0
0.7240797394448534,1.0450356998072103,1.7691154392520638,0.9998400603844816,0.7954209966164947,1.7951338376726023,3851,38,0.05263157894736842
0.987219856869733,1.6900671729046755,2.6772870297744085,0.9964363209917406,0.6907555480508474,1.6847302379961606,3853,118,0.7033898305084746
1.4274251619796812,2.3772683797911225,3.8046935417708037,0.9990712375250004,0.5600741316948779,1.558625193383142,3854,206,0.6650485436893204
1.569606989717445,2.0321849615711587,3.601791951288604,0.9999375504330477,0.5834682281183273,1.5833693412131984,3855,24,0.5
1.4186604488048409,1.4079392426595647,2.8265996914644056,0.9997288793975954,0.6731319109382005,1.6726782904066044,3856,53,0.8679245283018868
1.8357622514990948,1.9525069659113252,3.78826921741042,0.9999426775729682,0.5618797934933837,1.5617902627528886,3857,34,0.23529411764705882
1.5962488401721964,2.190077858652925,3.786326698825121,0.999882633095699,0.5621139520245935,1.561930611545879,3858,171,0.3157894736842105
2.650528617093972,1.8069042119088348,4.457432829002807,0.999750041972236,0.4845048955734942,1.4841338316575907,3859,38,0.2894736842105263
1.745841392023073,2.4045659292435078,4.150407321266581,0.9998989387341339,0.520011568784904,1.5198579544916315,3862,90,0.7111111111111111
1.3785366820119924,1.4084430332746718,2.786979715286664,0.9994997063654494,0.6777368099222338,1.6768974488757786,3868,43,0.0
1.3571218563234537,1.3542955332671425,2.711417389590596,0.9999258485826461,0.6864275112128377,1.6863024602226167,3869,50,0.0
1.629372478980429,1.258138469317548,2.887510948297977,0.9996682350749337,0.6660903495293209,1.6655375991893557,3872,27,0.1111111111111111
3.045795625292545,2.2934099837786297,5.339205609071175,0.9982244659046708,0.38262921616371803,1.3801743108492213,3874,45,0.4666666666666667
1.265219282709075,1.8596771916527395,3.1248964743618144,0.9999454326969834,0.6386094882873335,1.6385200737868604,3876,31,0.6129032258064516
2.00552030353423,1.889100421619892,3.894620725154122,0.999820628364586,0.5495931641601213,1.5493152111000394,3879,68,0.014705882352941176
2.0228362206369095,1.855528194684796,3.8783644153217054,0.9997522003589367,0.5514794238028545,1.551094967758519,3880,22,0.4090909090909091
2.2353567586787713,1.554409978982061,3.789766737660832,0.9999523611399599,0.5617014857286198,1.5616270880501166,3881,25,0.32
1.6795450173750048,1.575839713947398,3.255384731322403,0.999951350820265,0.6235098948384336,1.623430912413758,3882,81,0.09876543209876543
1.1163453087447885,1.2664626995836732,2.3828080083284617,0.9999529043398403,0.724431050554181,1.7243498373354553,3886,66,0.015151515151515152
1.3895023851028117,1.4847876115553347,2.8742899966581463,0.9998610595864896,0.6675916053607318,1.6673599094935165,3887,84,0.0
1.2075277790086725,1.270670609041849,2.4781983880505214,0.9998492537493868,0.7134108005409749,1.7131525102870333,3888,21,0.09523809523809523
1.0136922659096634,1.4088495626705062,2.4225418285801696,0.999551213835104,0.7198838261559914,1.7191119660895842,3889,305,0.006557377049180328
1.0315730844336328,0.9694496193984397,2.0010227038320725,0.9999973332765519,0.7685879013868617,1.768583185052035,3893,30,0.0
1.2624040281637103,1.3655726430278363,2.6279766711915467,0.9999917791549329,0.6960725888421203,1.696058645692145,3894,29,0.06896551724137931
1.0828360585570171,1.6667826315140888,2.749618690071106,0.999912850336846,0.6820150341353657,1.6818684470917207,3895,164,0.0
2.0115378068977825,1.5423156637281172,3.5538534706258997,0.9998969272563232,0.5889992722386048,1.5888354897239148,3896,24,0.5833333333333334
1.5772236924040275,1.7822173977590454,3.359441090163073,0.9999329720977623,0.6114766736161465,1.6113686597152093,3897,31,0.25806451612903225
3.103704686487466,1.541155668553826,4.644860355041292,0.999711716925202,0.4628427698488381,1.4624210570372,3898,31,0.7741935483870968
1.661225417700488,1.452456259204617,3.113681676905105,0.9999223412869764,0.6398847189399495,1.6397573676031696,3899,30,0.03333333333333333
1.5929825050805817,1.836478516044292,3.4294610211248737,0.9988997388881806,0.6034935358024749,1.6017292742219778,3904,48,0.5
2.576358575112765,1.953977645052888,4.530336220165653,0.9998513218136371,0.4760718743075233,1.47585241461831,3905,25,0.2
3.4492181277679776,1.8144411092531945,5.263659237021172,0.999612371496728,0.39129261684927286,1.3907533121745903,3906,24,0.4166666666666667
1.237625517487098,1.5826177274382882,2.8202432449253863,0.9999576105957337,0.6738361256096406,1.6737651726934366,3907,365,0.03287671232876712
0.5949015238250546,1.0591240399903936,1.6540255638154482,0.999997508669976,0.8087127601360303,1.8087082540356263,3908,50,0.0
0.8603587807623408,1.8404291649178264,2.700787945680167,0.9999467685040864,0.687654982680389,1.687565146281075,3909,101,0.7128712871287128
0.7768841507584529,1.0070767045106463,1.7839608552690993,0.999988087687695,0.793684426619606,1.7936630596905396,3910,26,0.0
1.469133156024823,1.3189698557550376,2.7881030117798606,0.9999804837804843,0.6775525064454015,1.6775197669624367,3911,74,0.0
1.627338614587213,1.494769745978235,3.122108360565448,0.9998505999798584,0.638939728210423,1.6386948705820175,3912,24,0.20833333333333334
1.0444295088318554,1.5593625938607496,2.603792102692605,0.9999382347198504,0.6988689268583876,1.6987639957431828,3914,38,0.2894736842105263
2.6842985847384235,1.4811786695653377,4.165477254303761,0.9994359187142643,0.5183047870429767,1.5174483397265628,3915,76,0.9210526315789473
0.9273195777816596,1.0488517890659037,1.9761713668475633,0.9999776738400988,0.7714580787758382,1.7714185289195132,3916,20,0.0
1.4264171952802225,1.700456053740405,3.1268732490206275,0.9997293752765208,0.6384007479003124,1.637957356150964,3918,88,0.29545454545454547
0.982089666703496,1.3986458425790922,2.380735509282588,0.9999932278379358,0.7246680566753827,1.724656376943796,3921,260,0.0
0.3538608686760587,1.2525758810990673,1.606436749775126,0.9999670593026986,0.8142121704936505,1.8141524090797017,3923,88,0.0
1.5299030356897494,1.2483673160223296,2.778270351712079,0.9999379325768577,0.6786936373872379,1.6785894451989198,3924,160,0.0
1.1587393394288623,1.1168020388997968,2.275541378328659,0.9999567754663783,0.7368344543144454,1.7367593804551795,3925,73,0.0273972602739726
1.1221007133687957,1.3018866444886665,2.423987357857462,0.9998457732240653,0.7196819219933834,1.7194167009949213,3929,22,0.36363636363636365
3.971569524564813,1.869822251980684,5.841391776545497,0.999917506630013,0.3244342917525246,1.3243250347044715,3930,116,0.0
1.215936119139767,1.3403725614941973,2.5563086806339643,0.9999811667289843,0.7043623949782547,1.7043302962593612,3934,52,0.057692307692307696
1.350396129986169,1.5077555581101436,2.8581516880963127,0.9999088604306208,0.6694472731818509,1.6692951204762718,3939,34,0.2647058823529412
0.9426249890330157,1.4159049749439205,2.3585299639769364,0.9999969743999924,0.7272328920919958,1.7272276661761443,3942,33,0.030303030303030304
0.47567846525583196,1.4375403862584548,1.9132188515142867,1.0000090857449928,0.7787354607039685,1.7787516218407742,3943,26,0.23076923076923078
1.2586061361386105,1.1494041373177342,2.4080102734563447,0.9999746666606601,0.7215124019487238,1.7214687902908674,3945,24,0.0
1.125319721174189,1.2664364217507176,2.3917561429249066,0.9999653285234603,0.7233958016985724,1.7233360490214653,3946,97,0.030927835051546393
1.2831849869475933,1.4661811420292956,2.749366128976889,0.9999453630724506,0.6820373470768986,1.681945445724231,3947,233,0.012875536480686695
0.8345403930973068,1.227958346104716,2.062498739202023,0.9999879493849098,0.761477043504865,1.7614558166230234,3948,36,0.1111111111111111
1.3698837614886228,1.2314703034664218,2.6013540649550446,0.9999740578205654,0.6991580469871792,1.6991139671242363,3950,44,0.09090909090909091
1.8128515205464186,1.6069092336486266,3.419760754195045,0.9999471965843731,0.6045022936690334,1.6044175704675465,3951,28,0.14285714285714285
0.6526929631236896,0.8996239114501726,1.5523168745738622,0.9998968620180612,0.8204792954347904,1.8202915348740978,3952,25,0.04
1.2503631263864992,1.4310673735830033,2.6814304999695024,0.9998610304168196,0.6899076822280327,1.68967283646182,3953,119,0.01680672268907563
2.8902395130693925,1.7910795054874313,4.681319018556824,0.9917499741573226,0.45909709794908427,1.4470595091840286,3954,65,0.03076923076923077
4.048682332430182,1.6357592595804418,5.684441592010624,0.999505259743284,0.3426148202426289,1.3419505746417912,3955,24,0.041666666666666664
1.8768945174089975,1.660464864127201,3.5373593815361986,0.9971715374636112,0.5911600920066479,1.5866595552970102,3956,78,0.038461538461538464
1.6749565307184509,1.6985188386881185,3.3734753694065693,0.9972083253647789,0.6101332804313682,1.6056383121930624,3959,21,0.047619047619047616
1.7265872473503794,1.7591687680110872,3.4857560153614666,0.9999373482120044,0.596882354792402,1.5967823072576557,3961,27,0.07407407407407407
1.7145117627658113,1.0925034781342156,2.807015240900027,0.9998796168234845,0.6753765367198389,1.675174849570489,3962,28,0.03571428571428571
1.5390221283453078,1.5232457668730852,3.062267895218393,0.9999125869472956,0.6458435034835077,1.6456996352785944,3963,29,0.06896551724137931
1.6436253325747738,2.2240545106892187,3.8676798432639923,0.9997556043416481,0.5527039622248294,1.552324488117756,3964,21,0.5238095238095238
1.3952728386138924,1.9297843833898431,3.3250572220037355,0.9998419274639707,0.6154693931393904,1.6152140317955392,3965,407,0.08353808353808354
1.343437827808423,1.631804578732281,2.975242406540704,0.9997783969669879,0.6559304626527858,1.6555635034398049,3966,171,0.14619883040935672
2.665591541782644,2.2240195197474883,4.8896110615301325,0.9997954567790039,0.4345238475329103,1.4342304254045404,3967,239,0.029288702928870293
3.683866350386049,2.2335036512258117,5.917370001611861,0.9986004277937095,0.31574221547883086,1.3139007392434037,3968,114,0.008771929824561403
2.3731940639022984,1.5525351523944009,3.9257292162966992,0.9999386682375145,0.54598354402701,1.5458887261314813,3969,33,0.030303030303030304
1.9687227525218132,2.0568312779400637,4.025554030461877,0.9999569999086957,0.5344393247260415,1.5343733436949774,3970,165,0.012121212121212121
1.290047875527983,1.0960875019734435,2.3861353775014265,0.9999779170000755,0.7240368246249076,1.7239987527198397,3971,41,0.0
1.2818144711363781,1.4505446972877505,2.7323591684241286,0.9999687692629609,0.6840001444439019,1.6839475518782168,3978,68,0.38235294117647056
1.5456136850184075,1.9653949443320153,3.511008629350423,0.9998920550933268,0.5939531912410427,1.5937811321125728,3979,40,0.325
1.3278225578981788,1.5193937998838558,2.8472163577820346,0.9997696529711977,0.6707450647713723,1.6703602136098161,3980,141,0.07801418439716312
1.3119385610278518,1.6983461927357717,3.0102847537636235,0.9998802305086969,0.6518745562255235,1.6516767120502278,3983,26,0.2692307692307692
1.0798832120635202,1.9384446901370174,3.0183279022005376,0.9998945862134346,0.6509395035820382,1.6507654717975753,3985,62,0.11290322580645161
1.4430038890970334,1.5733555018721495,3.016359390969183,0.9999301103570544,0.6511645164152585,1.6510491171167616,3986,84,0.023809523809523808
0.9280419465554385,1.1563568370117276,2.084398783567166,0.9999405879689394,0.7589462102901643,1.7588417077232845,3987,101,0.0
2.067403986433078,2.4544679025228415,4.5218718889559195,0.999875283146581,0.4770479740122441,1.4768637612365765,3991,52,0.75
1.4929432195339425,1.6031753555723194,3.096118575106262,0.9998465849705854,0.6419488477909612,1.6416969481601802,3993,67,0.14925373134328357
2.1226068788110775,2.724162091519534,4.846768970330611,0.9991710119406876,0.4395232540089742,1.4383299064202981,3996,74,0.7837837837837838
1.91039969191232,2.30843811988309,4.21883781179541,0.9991599127230433,0.5121603825307562,1.510890035832674,3997,395,0.0
1.3484702090662442,1.3185537945904424,2.6670240036566866,0.9999721498030113,0.6915530287751981,1.69150591869013,3999,29,0.0
1.6779007500792376,1.8334270771212222,3.5113278272004598,0.9990526956245694,0.5940110141488781,1.5925010005406905,4001,178,0.9606741573033708
4.120138544773102,2.0064256985777256,6.126564243350828,0.9996732851187111,0.29147221295929526,1.2910502697685504,4003,99,0.8787878787878788
1.622649991280231,1.5292046240272283,3.1518546153074594,0.999921101984824,0.6354847406796108,1.6353557041797204,4008,38,0.10526315789473684
0.8732823374520321,1.9679928424996929,2.841275179951725,0.999947671895673,0.671410062123846,1.671322600403742,4012,118,0.8728813559322034
1.7631223130876066,1.2630314150122999,3.0261537280999065,0.9997606220677582,0.6500534740233326,1.6496584876346323,4017,22,0.0
1.256025134975378,1.1198593378088277,2.3758844727842057,0.9998548712042727,0.7252373355259205,1.724986953909072,4023,24,0.0
2.3534262739801144,1.7830451639228824,4.136471437902997,0.9966447451411639,0.5218764043034169,1.5167701211033298,4024,38,0.02631578947368421
2.654694277463672,1.7626644857099083,4.4173587631735804,0.9994077443940624,0.48916351178151196,1.4882815463435017,4026,25,0.04
2.867238818175659,1.699271924630608,4.566510742806267,0.9993915236731106,0.47193377608858766,1.4710381392310887,4030,22,0.045454545454545456
2.405152517130415,1.4501571790792047,3.85530969620962,0.9998961583610181,0.5541426644532753,1.553981279731787,4036,20,0.0
2.467836994146974,1.5928521940908271,4.060689188237801,0.9998219891977986,0.5303787742216793,1.5301063502684082,4043,24,0.4166666666666667
3.8744104478825006,1.277328267444291,5.1517387153267915,0.9979841939692208,0.40431473531094086,1.4014839091983888,4045,21,0.0
2.3673956000396106,1.8078835910457962,4.175279191085407,0.9950558876049701,0.5175050582118159,1.5100023426439904,4046,76,0.02631578947368421
1.3961903715239952,1.2055804074624763,2.6017707789864715,0.9999341339172754,0.6991071101318425,1.6989951966023686,4054,39,0.0
1.3353232537816297,1.2426899705397245,2.5780132243213543,0.9973479248438755,0.7021519203240381,1.697637685504197,4061,51,0.0196078431372549
0.6146532383066245,1.3503203667116084,1.964973605018233,0.9999865106769603,0.772746044246692,1.772722131102634,4063,80,0.025
0.9002821514869845,1.2103890955764216,2.110671247063406,0.9999838129461027,0.7558965494253638,1.7558681266332803,4064,128,0.0
0.8614053742851883,1.219699698359356,2.081105072644544,1.0000033306125284,0.7593196817992891,1.7593255414114628,4065,29,0.034482758620689655
0.8999545461435464,1.201652875227714,2.1016074213712606,0.9999468411944075,0.756951006185008,1.7568576087680345,4066,43,0.0
2.3963487531718375,2.16248403066405,4.5588327838358875,0.9997958010398346,0.4727800954539916,1.4724793552899476,4067,88,0.6363636363636364
1.0429865524903,0.8679304362068574,1.9109169886971573,0.9999471729556874,0.7790102367297965,1.7789162568771881,4081,21,0.0
2.1947579768277836,1.6228113396029302,3.817569316430714,0.9998530403806243,0.5585094827220035,1.5582804447616292,4082,232,0.004310344827586207
1.9114213953022177,1.4100981024126311,3.321519497714849,0.9998612106602626,0.6158679041100752,1.6156436388705608,4083,21,0.0
2.630684815398052,1.4452437628848407,4.075928578282893,0.9995408062054381,0.5286581132755583,1.5279561629559355,4084,28,0.10714285714285714
2.833353240440207,1.8941881793990234,4.7275414198392305,0.9997283412621514,0.4532763519560242,1.4528815567365065,4085,23,0.13043478260869565
1.2333567432800583,0.9846551943039856,2.218011937584044,0.9998024269175467,0.7435115090155484,1.7431670380724196,4091,21,0.0
2.281274745537024,1.7888235551626996,4.070098300699724,0.9986572025097061,0.5294024603396319,1.5273487825542387,4093,67,0.0
3.2552323106899514,1.3006406838943363,4.555872994584288,0.9987316628745697,0.47321635395514616,1.4713478189596338,4094,33,0.0
1.3565712563329884,1.3757316396073893,2.7323028959403777,0.9990729342145683,0.6841057799310625,1.6825445030834407,4103,59,0.01694915254237288
1.7969873372605047,2.902229339610254,4.699216676870758,0.9996773082651702,0.4565517030181758,1.4560816858222596,4106,1242,0.15458937198067632
3.9756278435036463,1.7263757958169532,5.7020036393205995,0.9996390719032822,0.34058502743496377,1.3401011726325232,4107,107,0.037383177570093455
1.0850301666345832,1.6693859426420383,2.7544161092766215,0.9999829784838162,0.6814487095435546,1.681420088737133,4108,178,0.033707865168539325
0.8038823054508276,1.4177426789840033,2.221624984434831,0.9999354505830206,0.7430721987551216,1.742959684460939,4109,241,0.05394190871369295
1.3105536256336587,2.1598535576115725,3.4704071832452312,0.9998709196862958,0.5986533467008792,1.5984469920253828,4110,511,0.2583170254403131
1.033459329996317,1.8963000088290412,2.929759338825358,0.9998935965940509,0.6611807686204765,1.6610040133287982,4111,520,0.06346153846153846
2.6159026329107564,2.772625505243234,5.3885281381539905,0.9989898662924683,0.3768822343014535,1.3754913991452842,4112,423,0.1938534278959811
3.5149472453335395,2.0548567088755583,5.569803954209098,0.9998245513693236,0.35585641276060953,1.3556185296095968,4113,89,0.02247191011235955
2.8377136272461625,2.6023603633047356,5.440073990550898,0.9999400819662743,0.37084573355578465,1.3707635951748887,4114,130,0.3
1.371273898907283,1.7650016578906895,3.1362755567979725,0.9991264744223184,0.6373787524480325,1.6359484602274168,4116,41,0.4634146341463415
3.130637310891301,1.7562191728127607,4.886856483704062,0.9997231583071841,0.43486469401871064,1.4344674636478567,4118,28,0.6428571428571429
3.461871365850667,1.6225051987177879,5.084376564568455,0.9996083085363625,0.4120218955053143,1.4114688185823756,4120,31,0.06451612903225806
3.507473009638232,2.1286899020142145,5.6361629116524465,0.9996353471103482,0.3481888662298913,1.3476972452640241,4123,79,0.11392405063291139
2.246222732578885,2.003219241248055,4.24944197382694,0.9998180542400775,0.5085599986298341,1.5082855225344947,4126,60,0.26666666666666666
2.862912668858558,2.064677738332509,4.927590407191067,0.9996639167598141,0.43014467848960214,1.4296640308321207,4127,37,0.02702702702702703
2.587017843459926,1.7778643478271827,4.3648821912871085,0.9996497606643583,0.4952230910815737,1.4946994051395173,4135,43,0.0
1.4033411901772492,1.3304538340687095,2.7337950242459588,0.9999755997165171,0.6838347647733222,1.6837936787277232,4143,32,0.0
1.8945675616395807,2.102045377434096,3.9966129390736764,0.9885283539527698,0.5385815787230225,1.5209315154371232,4149,52,0.5192307692307693
2.0691849893933414,1.8824899588935478,3.951674948286889,0.9984860774395581,0.5431208781181054,1.5407847126072336,4151,68,0.029411764705882353
1.9613591955333267,1.7742270536888634,3.73558624922219,0.9998608233148611,0.5679769520057381,1.5677587261711836,4152,39,0.15384615384615385
1.9106438003436126,2.191911058690398,4.102554859034011,0.998575545095905,0.5256656152153778,1.523492373347775,4154,74,0.40540540540540543
0.6911462037281667,1.026078777094999,1.7172249808231657,0.9999885115124512,0.8014046297822379,1.8013839343675784,4158,32,0.0
1.368975908633228,1.4183203014067445,2.7872962100399725,0.9998638192979163,0.6776585101596244,1.6774300454458544,4160,63,0.15873015873015872
2.2657755883949946,1.8325439660464022,4.098319554441397,0.9990733601621377,0.5261081753533009,1.524694022721131,4161,74,0.02702702702702703
3.343806301775929,1.965393262995859,5.309199564771788,0.9998763452756579,0.3859867155079284,1.3858153317026805,4162,130,0.06923076923076923
3.456780130506696,1.9287788566679107,5.385558987174607,0.9991606826048353,0.3771736631456801,1.3760177773340392,4167,21,0.047619047619047616
2.2758800004204165,2.0125037195920203,4.288383720012437,0.9997068984147917,0.5040578741734594,1.503617032426294,4169,72,0.2361111111111111
2.8901815556887107,1.6212303605391267,4.511411916227837,0.9998862954859071,0.4782720410962602,1.4781039548921302,4172,36,0.1111111111111111
1.758805711528451,1.7469714075466785,3.5057771190751295,0.9998282639767785,0.5945595327324711,1.5942856894195296,4178,39,0.3076923076923077
2.802888561545315,1.81384587892564,4.616734440470955,0.9997241481074715,0.46610008937077607,1.4656956628864868,4179,66,0.045454545454545456
0.23497398813283019,0.8846307952100859,1.1196047833429161,0.999994440592378,0.8705157357377717,1.8705053367783333,4180,27,0.1111111111111111
0.30394671372091836,1.0757799703510658,1.3797266840719842,0.9999853154662015,0.8404336694978882,1.8404066435874646,4181,36,0.19444444444444445
0.629066232109335,1.5607001802672478,2.1897664123765828,0.9999575317622121,0.7467545294623983,1.746680347875684,4182,46,0.41304347826086957
0.18588333213411626,0.7489500647086056,0.9348333968427218,0.9999734826002697,0.8918857183767341,1.891835550486896,4186,26,0.38461538461538464
0.8696578348525841,1.3609478705479119,2.230605705400496,0.9998934122249223,0.742039348417828,1.7418536683195824,4188,33,0.06060606060606061
0.915970019864946,1.2703054516349224,2.1862754714998682,0.9999213443932251,0.7471620601826394,1.7470246360906616,4191,76,0.06578947368421052
0.9116177964834951,2.0055477267775466,2.9171655232610414,0.9997976066147722,0.662649251152114,1.662312741941727,4193,166,0.3433734939759036
0.6144844713367648,1.493876581564757,2.1083610529015218,0.999979462058953,0.756161088659981,1.756125020727073,4194,48,0.3125
1.0562448945924137,1.7434023296009757,2.7996472241933894,0.999967599995957,0.676219242849426,1.6761649333391806,4196,146,0.547945205479452
1.500057739106469,1.5439547123481225,3.0440124514545914,0.9999632915611286,0.6479622182655915,1.6479017241452398,4197,64,0.046875
1.4883565432285186,1.706477929437054,3.1948344726655726,0.9996005088772242,0.6305542886717703,1.6299028967082418,4198,97,0.25773195876288657
2.088197572012446,1.8941211044803947,3.9823186764928407,0.9994493511171607,0.539493034864662,1.5386453147448749,4199,23,0.43478260869565216
1.5734181164585481,1.3194187128696508,2.892836829328199,0.9999680430722612,0.6654340928395602,1.6653808706826014,4200,90,0.05555555555555555
0.8594738312955207,1.1288610835948512,1.988334914890372,0.999955917694225,0.7700458194345471,1.769967791733499,4203,22,0.5
1.4398932564987188,1.4424050388482392,2.882298295346958,0.9999280974235399,0.6666550262037891,1.666535189413335,4204,46,0.15217391304347827
1.1919575416590609,1.5442451062006326,2.7362026478596935,0.9999937617909653,0.6835533838315917,1.6835428814736624,4208,21,0.047619047619047616
1.221919189287037,1.2174904001366902,2.439409589423727,0.999994495053069,0.7178772213849601,1.7178677645620226,4209,30,0.13333333333333333
1.471537301055915,1.7696781190700959,3.241215420126011,0.9999862160937305,0.6251517984718791,1.6251293975318153,4215,35,0.11428571428571428
2.1744914538345896,1.5698093859650473,3.744300839799637,0.9997218517413808,0.5669923300834462,1.566556473895564,4216,34,0.17647058823529413
3.811111226075321,1.673338965466582,5.484450191541903,0.9996304426434568,0.36575589261361496,1.3652511674762573,4217,34,0.029411764705882353
3.302603763433831,1.4941509672593316,4.796754730693163,0.9924480866358845,0.44568285616478953,1.434765184483046,4218,48,0.0625
3.961550092903367,1.5682987663856198,5.529848859288987,0.9991264300537437,0.36053118658434624,1.3593426674288018,4219,28,0.0
4.68078204006411,1.7461110149762762,6.426893055040386,0.9989195984910701,0.25678652733940965,1.2554286932788694,4220,30,0.06666666666666667
3.085173974301896,1.3237846687020776,4.408958643003974,0.9993270859965296,0.490153558820144,1.4891508136230927,4223,47,0.02127659574468085
3.629428002230833,1.7245541024574287,5.353982104688262,0.9999182637008609,0.38080086610343167,1.3806880045507883,4227,41,0.024390243902439025
2.363014026450856,1.950902497382517,4.313916523833373,0.9995895184747863,0.5011136751663003,1.500497495735399,4230,23,0.2608695652173913
4.397487114606609,1.6320598194028522,6.029546934009461,0.9989539745334292,0.30275058298530966,1.301387872698917,4233,25,0.04
3.748392834274829,1.9720882590783604,5.7204810933531896,0.9998421138604654,0.3384346187772418,1.3382232985022635,4234,34,0.08823529411764706
1.8221152942979326,2.072206547777502,3.8943218420754344,0.9997616257742403,0.5496441217518981,1.5492747265341724,4235,70,0.05714285714285714
0.6171889378409475,1.2849502791343257,1.9021392169752733,0.9999171047884099,0.7800282250777493,1.779880669261395,4236,108,0.0
1.1709439169047875,1.4377443389753983,2.608688255880186,0.9999999213494675,0.6983046840499634,1.6983045504773955,4238,21,0.23809523809523808
1.010693267428335,1.7866960325117816,2.7973892999401166,0.9999776577366848,0.6764799875826419,1.6764425312253168,4243,33,0.21212121212121213
2.0957920315477714,1.7149089117416483,3.8107009432894197,0.9998390291495394,0.559300057478344,1.5590490556219683,4246,36,0.027777777777777776
1.8238808143827552,1.4195447474641527,3.243425561846908,0.9997737313992667,0.6249182791101195,1.6245506111247994,4247,32,0.34375
3.0875271105874296,2.4549059709439787,5.542433081531408,0.9998114850784601,0.3590215219088191,1.3587653260732453,4248,232,0.0
2.2128775645807717,2.103971554082149,4.316849118662921,0.9995865568450707,0.5007848768503469,1.5001643876159916,4249,402,0.4054726368159204
2.810838693899714,3.4804256700689002,6.291264363968614,0.9998594068085354,0.2724124433824706,1.2722335508561962,4250,2332,0.04759862778730703
2.4157415242457474,1.844090339545255,4.259831863791002,0.9994852090001369,0.5073955913645418,1.506619597680874,4251,297,0.20875420875420875
2.879591561946279,3.15192107626982,6.031512638216099,0.9987926643040093,0.3025184549712465,1.300945877945873,4252,1088,0.017463235294117647
4.4652217561059855,1.8562421191561107,6.321463875262096,0.9998472169205338,0.26892726247455845,1.268733391859779,4253,61,0.2786885245901639
4.901182959639866,1.5526173473089822,6.453800306948848,0.9993177831329689,0.2536444221138505,1.252789164743825,4257,22,0.09090909090909091
3.5830868387840336,2.0615873067928505,5.644674145576884,0.9998750950634223,0.34719765334642105,1.3470293817089722,4260,55,0.07272727272727272
4.20801283065956,2.1588399338093884,6.366852764468948,0.9996292089327699,0.26366392214168555,1.2631953668473743,4262,29,0.41379310344827586
4.874961954946909,1.5401791343927185,6.4151410893396275,0.9995291060951763,0.25809765676998764,1.2575052262517417,4263,22,0.13636363636363635
1.9163011300252757,2.5978916408564645,4.51419277088174,0.9990374426769243,0.4780122731942764,1.4765896016571176,4265,677,0.0206794682422452
2.6866096910998367,1.172912753322528,3.859522444422365,0.9999388842003728,0.5536446225303167,1.5535496702968743,4266,32,0.65625
2.1972773918975963,1.7811341212292993,3.9784115131268956,0.9999066314702982,0.5398821060330987,1.5397383295049445,4270,23,0.2608695652173913
3.0077379510009496,2.240879058229373,5.248617009230323,0.9999065022986677,0.39299856451506954,1.3928683223513283,4272,97,0.41237113402061853
2.2701046257213235,1.2992323937855996,3.569337019506923,0.9998887417990237,0.5872107863851432,1.5870341961684797,4273,95,0.021052631578947368
2.750180706482812,1.100396249705065,3.850576956187877,0.9998605724317906,0.5546916970327629,1.5544749301501302,4275,25,0.04
3.1087112804007333,1.7899414249769734,4.898652705377707,0.9997575795657871,0.4334833656405592,1.4331358599806236,4276,73,0.0410958904109589
2.624689633671204,1.1679055841120651,3.792595217783269,0.9984778744790382,0.5615220448017197,1.5591452122457827,4278,46,0.0
1.0442724547872388,1.0915698830884506,2.1358423378756894,0.999861956207317,0.7530019882989352,1.7527599972558896,4281,34,0.0
0.9200949875281497,1.1626521236270007,2.0827471111551503,0.999835764249412,0.7591526797091098,1.758863763948359,4282,46,0.0
1.3234355269717621,1.1955224775881326,2.5189580045598947,0.9984728151050355,0.7088563298792734,1.7062465903046173,4283,211,0.0
2.380551926966052,1.5852043925396817,3.9657563195057337,0.9996625758734012,0.541383129541327,1.5408630296850874,4284,23,0.13043478260869565
1.9125579684268201,1.3763432033288612,3.2889011717556813,0.9997898475216367,0.6196524412994497,1.6193120673248234,4285,45,0.0
1.1227890285135336,1.0245913536244802,2.1473803821380137,0.9997436691830486,0.7516776548337973,1.7512286458694981,4286,48,0.0
1.504617375626408,1.4312973497125145,2.9359147253389226,0.9995026994374843,0.6605132768650579,1.6596875026784081,4287,92,0.0
0.5962477577155462,1.3665260547512723,1.9627738124668186,0.9997169479774466,0.7730385740679033,1.7725367119134483,4288,416,0.0
0.5649258842489736,1.7315000671192178,2.2964259513681915,0.9999800245788937,0.7344166339853918,1.7343819882827543,4289,114,0.16666666666666666
0.3486105826380993,1.2294293809076433,1.5780399635457427,0.9999839029328019,0.8174976240283434,1.8174683676469572,4296,117,0.017094017094017096
0.27896831907196673,0.9739033026063795,1.2528716216783462,0.9999815212700452,0.8551026634950311,1.8550683835538742,4297,42,0.0
0.28604278375294323,0.8438052030657105,1.1298479868186537,0.9999987551298937,0.8693314272425129,1.8693291001677004,4298,43,0.0
0.4290328632457562,1.1196580382957575,1.5486909015415136,0.9999931478732229,0.8208907133405978,1.8208782363665827,4301,23,0.6521739130434783
0.7451758086123482,1.4742227782039343,2.2193985868162827,0.9999026705630085,0.7433349197635615,1.7431652419573334,4305,22,0.09090909090909091
0.856138762456991,1.6712623386932282,2.527401101150219,0.9999559798420071,0.7077050149087396,1.7076298414641782,4310,23,0.2608695652173913
0.5421133208475113,1.1439144219814366,1.6860277428289479,0.999993577519436,0.805007140245964,1.8049955476226878,4312,25,0.04
0.5010197845690737,1.488172657524344,1.9891924420934175,0.9999729505548829,0.7699503430266141,1.7699024668519505,4315,76,0.07894736842105263
0.5355855215062183,1.0035880433943976,1.539173564900616,0.9997547245801274,0.8220231216360646,1.8215762241498878,4319,122,0.0
2.098938967643044,2.419125664782031,4.518064632425075,0.9993089595469036,0.4775383368651386,1.476517298103364,4320,815,0.0036809815950920245
3.4237200641967105,1.9183361376949195,5.34205620189163,0.999381597652214,0.382232117602318,1.3813773420156075,4325,55,0.8727272727272727
4.90746299557704,2.2393822724239065,7.146845268000947,0.9996670753539352,0.173473739384575,1.173083061055224,4327,231,0.15584415584415584
5.681867163326205,1.8187349758539888,7.500602139180193,0.9998435433284389,0.13254839858866507,1.13237120383584,4328,134,0.0
4.106448079319917,2.016864897331476,6.123312976651393,0.9998842691037262,0.2918349278774909,1.2916854226634498,4330,132,0.0
2.925970025301673,2.7559829131813043,5.6819529384829774,0.9999058866001387,0.3428807270575992,1.3427543439867675,4331,588,0.0
1.7662619659491128,1.1306266728205623,2.896888638769675,0.9998325825446641,0.6649871045533631,1.6647083566491516,4332,25,0.04
2.47089461549983,1.6855589193223697,4.1564535348222,0.9999642681947836,0.5193022680864534,1.5192479806737453,4334,69,0.15942028985507245
4.142893729599493,1.432276462886584,5.575170192486077,0.9987120020960385,0.35529048735403024,1.3535448760470592,4335,65,0.046153846153846156
4.047399001253161,1.7850935914362838,5.832492592689444,0.9994722082470134,0.32550719890759705,1.3248076071394892,4337,51,0.9019607843137255
2.2771531430230523,2.3489828827867445,4.626136025809797,0.9995710034674816,0.4650053252929518,1.4643768430882802,4342,122,0.3114754098360656
1.6219001355163798,1.7484600591596668,3.3703601946760466,0.9999791405841951,0.6102208250246342,1.6101872367589074,4347,35,0.6285714285714286
3.034841393785509,2.3647344174084592,5.3995758111939685,0.990966422165187,0.37592194158949044,1.363492443635515,4348,139,0.7697841726618705
1.0134452356399741,1.6314562162348718,2.644901451874846,0.9999027929723391,0.6941254814015192,1.6939608004989877,4350,292,0.863013698630137
0.9741329190129067,0.8632629566846419,1.8373958756975486,0.9999305873722365,0.7875078221753395,1.7873837465602547,4354,24,0.0
1.4100499718276567,1.427603591153608,2.8376535629812647,0.9998354501259238,0.6718417859836596,1.6715666846283006,4356,153,0.006535947712418301
1.962224469765808,2.7514027242989445,4.7136271940647525,0.9996106488154064,0.4548930148663467,1.4543265505475516,4358,1111,0.21332133213321333
0.9353727807807652,1.533208259644603,2.4685810404253683,0.9999403274871215,0.7145107669550224,1.714408457789201,4359,732,0.09699453551912568
1.1965411100149281,0.9423667605049482,2.1389078705198763,0.99995643592495,0.7526345296726447,1.7525581777704589,4360,25,0.04
1.9671261412797347,1.1994614090721234,3.166587550351858,0.9999037179272714,0.6337807085772525,1.6336234047842466,4361,22,0.045454545454545456
1.8336147576266666,1.7034032943871353,3.537018052013802,0.9997662598776065,0.5909641873186325,1.590592315154765,4362,130,0.007692307692307693
1.1534930928410836,1.6312848229026453,2.784777915743729,0.9992267852690999,0.6780373038912726,1.676739820728904,4364,20,0.6
1.0996568948098566,1.5048899751332663,2.604546869943123,0.9994083084317005,0.6988435771767548,1.6978383857562795,4365,95,0.6736842105263158
0.9337416288622783,1.1658412776812117,2.09958290654349,0.9999431620590884,0.7571871774909544,1.7570873025899896,4366,27,0.0
1.0604476964884504,1.0267746485888547,2.087222345077305,0.9999187533682201,0.7586178946536934,1.758475012873165,4367,32,0.0
1.0614665251748416,1.1839141249806202,2.245380650155462,0.9999221365975677,0.7403269977312303,1.7401914899498423,4370,132,0.0
0.7657346804414741,0.8835884551289505,1.6493231355704245,0.9999168640832811,0.809262394543081,1.8091119798553255,4372,52,0.0
1.0264620384104277,1.6011395050737214,2.627601543484149,0.999976580034118,0.6961177236201794,1.6960780006009606,4373,28,0.07142857142857142
1.1883322576526523,1.0481524739184607,2.236484731571113,0.9999841911178727,0.741351537700343,1.7413240088791415,4374,23,0.0
0.9572221110518505,1.2589751977822754,2.216197308834126,0.9999426364977793,0.7436965723149078,1.7435965477727096,4375,38,0.02631578947368421
1.2684386801050764,1.6003173272113327,2.868756007316409,0.9998383382611999,0.6682357046480327,1.6679660147632909,4376,80,0.2125
0.8900611823351492,1.3513322311103158,2.241393413445465,1.000009654374086,0.7407829637645604,1.740799769934495,4380,27,0.1111111111111111
1.3701538406632539,1.1281186815826585,2.4982725222459123,0.9999776949089008,0.7110713287805375,1.7110331631786717,4381,24,0.0
1.841588315188982,2.000227368397315,3.8418156835862973,0.9995575120486395,0.5557355890991,1.555047194845421,4389,264,0.8106060606060606
0.7848699951390143,0.8534975227385422,1.6383675178775565,0.9999440430198521,0.8105240945994373,1.8104227831386184,4392,23,0.043478260869565216
1.1790632254628617,1.3753885413654043,2.554451766828266,0.9998639100993824,0.7045867015586682,1.704354724523859,4394,36,0.05555555555555555
1.4477347470420465,0.8733423812288459,2.3210771282708924,0.9999576447738083,0.7315645824763164,1.73149124166676,4398,25,0.0
2.1702773701468647,1.3536691721492753,3.52394654229614,0.9998594888897294,0.5924521481809031,1.5922283909615094,4399,36,0.0
1.623119184510018,0.8602317974242459,2.483350981934264,0.9995723869922823,0.7128514986614145,1.712119061080298,4400,23,0.0
1.7116589271644507,1.1116466534778648,2.8233055806423155,0.9994716011899768,0.6735413292936613,1.6726570320467378,4402,45,0.0
1.8344572659247442,1.073344609670407,2.907801875595151,0.9998246240446869,0.6637195212594478,1.6634277448590338,4403,28,0.03571428571428571
2.327810902393133,1.3391936175294736,3.6670045199226067,0.9992516767721386,0.575988613637582,1.5748092647511518,4404,45,0.06666666666666667
0.8727781349410915,1.24535219930242,2.1181303342435114,0.9997973493861516,0.7550596208563546,1.7547039569468477,4413,73,0.0821917808219178
3.1272610658366893,2.461573719831612,5.588834785668301,0.999379259698608,0.353691596108625,1.3528513051792648,4414,171,0.0
1.1958563118837973,1.1869456547044546,2.382801966588252,0.9999590996011676,0.7244301881701092,1.7243596582876544,4415,71,0.3380281690140845
0.9508775360585088,1.0399865190137279,1.9908640550722367,0.9999645233420702,0.7697564755901628,1.769693690545059,4417,60,0.05
1.3558311795034586,1.6063916825511146,2.962222862054573,0.9999782655586269,0.6574168930000799,1.657380869969788,4418,36,0.25
1.3139236988561884,1.0452566590430492,2.3591803578992376,0.9992088014855807,0.7272551945115437,1.7258885927676233,4421,38,0.02631578947368421
0.7676171229247775,1.0700910738231968,1.8377081967479743,0.9989307753679613,0.7876029005632758,1.7856915515096896,4422,37,0.02702702702702703
3.2207844018726903,1.976130791253858,5.196915193126548,0.9986693651275841,0.3990515202673427,1.3971898935261684,4423,49,0.8775510204081632
0.4662889611647869,0.5518567489270034,1.0181457100917903,0.9999895550111988,0.8822506445719639,1.8822309844850604,4425,48,0.0
0.9214487065059798,0.819860401987694,1.7413091084936738,0.9999674755525764,0.7986138123804456,1.7985553134600694,4426,21,0.0
1.327377293555983,1.2768016206531059,2.604178914209089,0.9996598099788476,0.6988482739238667,1.6982703426936259,4432,27,0.14814814814814814
1.8357632650673656,1.439468806289048,3.2752320713564136,0.9998647446449134,0.6212317732637311,1.6210124929845606,4437,27,0.07407407407407407
0.5089978744329711,0.6257631109181501,1.1347609853511211,0.9999516500253847,0.8687663443150886,1.868675989509779,4438,32,0.0625
0.9917961022693279,0.8873133535174565,1.8791094557867845,0.9997534810487227,0.782722072391995,1.7822825976162902,4440,21,0.0
1.6253073301375114,1.2891429809066004,2.914450311044112,0.9998269633783747,0.6629587684718383,1.6626710157046398,4442,35,0.05714285714285714
0.9174825009262757,0.8881715701452331,1.8056540710715088,0.9999048421729769,0.791179790636887,1.7910093458602026,4448,23,0.0
0.4920487492023155,1.2745418324475346,1.7665905816498502,0.9998443421831261,0.7957136723226443,1.79543415545268,4451,21,0.14285714285714285
1.0344495770034734,1.1336242481085512,2.1680738251120246,0.9996065293828701,0.7493040730852909,1.7486157733321062,4452,82,0.012195121951219513
0.7128897597226292,0.8871719928644263,1.6000617525870555,0.9999293886191141,0.8149627694760189,1.8148346124486097,4453,54,0.037037037037037035
0.23413542007648747,0.9279798227133474,1.162115242789835,0.9999728856233798,0.8656029582961655,1.8655523736349306,4454,71,0.014084507042253521
0.5835553005401286,1.2470062402333033,1.830561540773432,0.9999949558932527,0.7882944369271707,1.7882854165791353,4458,28,0.6785714285714286
0.7721338063671611,0.9361676695467561,1.7083014759139172,0.9999506460545038,0.8024347653502029,1.8023458080830332,4461,84,0.023809523809523808
0.2758007920413792,0.7171743408017497,0.9929751328431289,0.9999700962478675,0.8851623599505659,1.8851059865226243,4463,34,0.029411764705882353
0.4582696279530916,0.7616825787464689,1.2199522066995605,0.9999613234143654,0.8589118760114226,1.8588399796470627,4464,74,0.0
1.0939313577070375,0.870871760239518,1.9648031179465555,0.9999620284800712,0.7727658393270642,1.7726985247136673,4465,21,0.0
0.8958102512507929,1.7063477144913262,2.602157965742119,0.9999570529624318,0.6990606695881882,1.6989876999657807,4467,270,0.007407407407407408
0.529302374868379,1.0358071015920953,1.5651094764604743,0.999941777735122,0.8190000510297215,1.8188941447269373,4468,116,0.0
1.075225830632505,1.0356648011268113,2.1108906317593163,0.9999306758259343,0.7558806518185114,1.7557589268425662,4469,50,0.02
1.4246358891636473,1.7173375804867976,3.141973469650445,0.9975807676479728,0.6368773313925324,1.6329173447961276,4470,409,0.0
1.4562262809454845,1.7964104363566433,3.2526367173021278,0.9999660273698955,0.6238343251306524,1.6237791592077737,4471,273,0.0
1.084928089274838,1.3814153660486583,2.4663434553234964,0.999007411506214,0.7148771175168018,1.7131749502216977,4473,20,0.05
1.690016660469455,1.3513285600549683,3.0413452205244234,0.9998145705042208,0.6482776164322979,1.6479719771449788,4478,27,0.0
1.6690252926490863,1.5983044499626713,3.2673297426117576,0.9995955963880853,0.6221738125136709,1.621517799564737,4479,143,0.0
1.607831259696534,1.3416089766251882,2.9494402363217223,0.999891802006933,0.6589036991962016,1.658724209145257,4480,129,0.0
1.1173015691942614,1.6624231924794444,2.7797247616737057,0.9998303233116654,0.6785382527105389,1.6782534438985761,4482,854,0.00117096018735363
0.961228893884994,1.2034395168535836,2.1646684107385776,0.9966414416045704,0.7500523254532587,1.7441746725231666,4488,867,0.00922722029988466
1.2754983991985749,1.5486821901088446,2.8241805893074194,0.9997400890934675,0.6734056045541421,1.6729706681864658,4489,246,0.0040650406504065045
1.815880813188277,1.3926233177716463,3.2085041309599234,0.9990196155937308,0.629036074919261,1.62743899335416,4490,62,0.0
1.1883742543895746,1.4380200577688476,2.626394312158422,0.9999329611798674,0.6962642732150317,1.6961505576595224,4493,30,0.0
2.9858272654782407,1.4542336593094678,4.4400609247877085,0.9999228868860346,0.4864970813121203,1.4863824528932799,4496,37,0.0
2.5236621177805834,1.7977344976860534,4.321396615466637,0.9981951555337476,0.5003785085373658,1.497670558688948,4498,107,0.0
2.7051560478504184,1.4828740275543568,4.188030075404775,0.9998498474310205,0.5156690387558527,1.5154414571559607,4500,38,0.05263157894736842
2.8808985220470116,1.2690951761411342,4.149993698188146,0.9999535660491967,0.5200296843734692,1.5199591033898856,4502,26,0.0
1.3963631371272947,1.3450967056036187,2.7414598427309134,0.9999521967489102,0.6829486443398183,1.6828681939232017,4508,91,0.054945054945054944
1.5808290620354737,1.9414218776152428,3.5222509396507165,0.9999826409255003,0.5926534578359464,1.5926258108459195,4509,39,0.3076923076923077
1.3653652306782973,1.9551617967864339,3.320527027464731,0.99990761429532,0.6159767347469817,1.6158274415975957,4510,102,0.3235294117647059
0.8885902099374264,0.8340740271157613,1.7226642370531877,0.9999847285439193,0.8007770310319084,1.800749530544568,4511,47,0.574468085106383
1.3451383672876795,1.3143482875362482,2.6594866548239278,0.9999234234669172,0.6924345314436688,1.6923049306747813,4512,30,0.0
0.8780202348956023,1.3560667776060629,2.234087012501665,0.999970094126176,0.7416182993895877,1.7415662147724764,4513,36,0.19444444444444445
1.333092497657889,1.4224210964499695,2.7555135941078586,1.0000043629563993,0.6813277062179922,1.6813350417774673,4514,22,0.09090909090909091
1.0959343673250814,1.4366775045230813,2.5326118718481627,0.9999327798356135,0.7071207784926301,1.7070060255532722,4515,23,0.30434782608695654
2.920779841743526,2.0148669809364055,4.9356468226799315,0.9992014256700821,0.42924102545692044,1.4280996702627249,4516,107,0.14018691588785046
2.301617619846283,1.2718874456327516,3.5735050654790346,0.9993078708298414,0.586794496255733,1.5856962294978274,4517,65,0.0
2.1862650464312994,2.2957859717502718,4.482051018181571,0.9945091217367341,0.48202539366298736,1.473887772643315,4518,1349,0.017790956263899184
1.5077977530590485,2.073963586028973,3.5817613390880214,0.9998389639717471,0.5857590582059871,1.5855036938654874,4520,30,0.4
1.8500115452029005,2.2086142765560566,4.058625821758957,0.9982762032366963,0.5307679087733377,1.528129176006825,4524,1295,0.003861003861003861
1.573429918593171,1.4279928620104843,3.0014227806036553,0.9999673735578019,0.6528769225327671,1.6528229950393936,4528,96,0.052083333333333336
1.3433126509816948,1.34155549679967,2.6848681477813647,0.9999963005118173,0.6894955627838835,1.6894893125150143,4531,72,0.041666666666666664
1.250229821456768,1.715060573672428,2.965290395129196,0.999987152533498,0.6570636073700822,1.6570423183008949,4532,40,0.175
1.3438711633011808,1.8011916426421546,3.1450628059433354,0.9997266243714347,0.6362973266938188,1.635850002883614,4540,45,0.4
1.1400458551016845,1.9474819852737955,3.08752784037548,0.9985014662512838,0.6430820836607605,1.6406198697064838,4544,1136,0.016725352112676055
3.924753760391253,2.2212837124992646,6.146037472890518,0.9944946690748782,0.2894015078565254,1.2823029258604242,4545,428,0.9883177570093458
4.441949486815812,2.242459188795366,6.684408675611178,0.9998671985067673,0.22694520783219518,1.2267822676764804,4546,136,0.007352941176470588
2.679584590200083,1.956717124785031,4.636301714985114,0.9998937194949424,0.4638118172935797,1.4636562426343285,4547,327,0.0061162079510703364
1.2530818964227146,1.8568380418823476,3.109919938305062,0.9998579583699805,0.6403483440113147,1.6401153462587315,4548,721,0.036061026352288486
2.2269072678287327,2.375789948830232,4.602697216658965,0.999739739793639,0.4677124077724871,1.4673304206383615,4549,111,0.7567567567567568
2.200757842751146,2.6117097531657847,4.812467595916931,0.9996124193817326,0.4434628208448709,1.4429033626323218,4550,533,0.4652908067542214
3.108272240579517,1.9006575044199967,5.008929744999514,0.999611248770725,0.42073375467188845,1.4201814426782873,4551,45,0.044444444444444446
1.4195174868122467,0.9904041149907388,2.4099216018029854,0.9994741147845361,0.7213501116874932,1.7204448791131197,4552,43,0.023255813953488372
0.6419862934310621,0.6495433210750501,1.2915296145061121,0.99994996110388,0.8506374080025434,1.8505448041495285,4553,22,0.0
2.7027028858352518,1.2173719421962201,3.920074828031472,0.9994024170417217,0.5466945894995436,1.5457703111711973,4555,20,0.05
2.0565153413697246,1.521157788599949,3.5776731299696736,0.9999742343835563,0.5862399241313511,1.5861990536818782,4556,35,0.08571428571428572
3.974859217602375,1.9856230257266865,5.960482243329062,0.9978365243775951,0.3107742359551834,1.307938407849218,4560,92,0.0
3.986074984473982,2.125186383423478,6.11126136789746,0.9995138129209193,0.29325434222968794,1.292625578678531,4566,194,0.0
4.987079653492865,1.2674387579400488,6.2545184114329135,0.9998816827614796,0.27665457073058786,1.2765035204872346,4569,20,0.0
2.580619093924994,1.2275587700379593,3.8081778639629533,0.9999747116236188,0.5595743758004336,1.559534936696624,4570,22,0.0
3.272727098571151,1.865856699104401,5.138583797675552,0.9999044143340117,0.40571128468272133,1.4055769188333875,4574,23,0.43478260869565216
3.6445645465793786,2.475878759368307,6.120443305947686,0.9998453463444422,0.29216871684079726,1.2919688782251404,4578,328,0.018292682926829267
2.5352801385260717,1.3290704189268894,3.864350557452961,0.9999542705433214,0.5530728880392539,1.5530018668599017,4582,44,0.06818181818181818
2.5809161827424494,1.9036833740428576,4.484599556785307,0.9999239218900466,0.48134614383339025,1.4812334458185807,4584,27,0.18518518518518517
3.8955844899941336,2.076715087731568,5.9722995777257015,0.9984840594430856,0.30938370101287593,1.307398753155948,4586,125,0.0
4.35632606103992,1.8485681256562616,6.2048941866961815,0.9998339353558672,0.2823959352084455,1.2821829745838278,4587,25,0.04
4.581554128927659,2.120736414340864,6.702290543268523,0.999805178704381,0.22488592790937878,1.224647294045918,4588,77,0.0
3.1141770533172664,1.744355946379193,4.858532999696459,0.9999403324488162,0.43810540803222675,1.4380195998041851,4589,86,0.0
3.909928064988097,1.9429517444167872,5.852879809404884,0.9998373674939214,0.3231113139044731,1.3228961329956719,4590,56,0.017857142857142856
3.9145283358118164,2.2147627180240193,6.129291053835836,0.99975731831329,0.2911516175916947,1.290838278739339,4591,299,0.0
3.7314072670063894,2.1901602280608454,5.921567495067235,0.9994332064559839,0.31519943589246424,1.3144539893431069,4592,427,0.02107728337236534
3.594463022455051,1.6668672744064028,5.261330296861454,0.9998717921841902,0.3915195451297031,1.3913411414481653,4594,20,0.0
3.8342862157662267,1.6116818512736657,5.4459680670398924,0.9999133542168066,0.3701645230219114,1.3700458040437105,4596,23,0.13043478260869565
3.0085035523949744,1.551903537942854,4.560407090337828,0.9998880091449833,0.47259710975697056,1.4724321923475538,4597,22,0.045454545454545456
3.9500970731538225,1.3896079391292218,5.339705012283044,0.9998974167795376,0.38245872625002186,1.3823169091817267,4598,42,0.0
3.733769149884824,2.2629313084493483,5.996700458334172,0.9996374824279695,0.306505503269649,1.3060318720667592,4600,34,0.38235294117647056
4.10844754207236,1.5281472436997934,5.636594785772154,0.9999362806310799,0.3481378610265944,1.3480519585328725,4602,20,0.15
3.5844961955360035,1.955447001695982,5.5399431972319855,0.999954689553507,0.35930836888952455,1.3592467780204085,4607,60,0.13333333333333333
2.775332824215353,0.9911354035199111,3.766468227735264,0.9999599157097678,0.5644060171397044,1.5643433090348724,4613,48,0.0
2.7309421742694626,2.2604204492195272,4.99136262348899,0.9999666471477888,0.42274550127717625,1.422698048656738,4614,55,0.5454545454545454
1.732404851181543,1.0189745606751355,2.7513794118566786,0.9999391606147487,0.6818025359456854,1.6817002161132844,4617,39,0.10256410256410256
3.277998878594434,1.7316417899576226,5.0096406685520565,0.99997207301436,0.4206450952420896,1.4206054209069152,4620,27,0.037037037037037035
1.2917410180952111,1.959908471538827,3.251649489634038,0.9996447827332351,0.6239814107282957,1.6234045444902998,4628,23,0.43478260869565216
2.2089377116292477,1.655649555338944,3.8645872669681918,0.9998881259293262,0.5530610256346301,1.5528872783756875,4631,28,0.0
1.566654494506703,1.8498242376287477,3.4164787321354506,0.9999393193819711,0.6048880483424484,1.6047906627438078,4632,89,0.15730337078651685
1.7408956952952306,1.6832254720257638,3.4241211673209944,0.998726621692637,0.6041232605102896,1.6020806047480196,4636,67,0.014925373134328358
4.42010353050075,1.5141137875844581,5.934217318085208,0.9973825091887346,0.3138352055210032,1.310396253943035,4638,32,0.03125
3.266396766424854,1.760692325451537,5.027089091876391,0.9998671228249282,0.4186176617593599,1.4184291598519583,4640,81,0.0
2.752046821422145,2.2448828505188154,4.99692967194096,0.999765607848384,0.422114634854192,1.4217813023450838,4650,127,0.015748031496062992
2.909174290258217,1.4876071336159709,4.396781423874188,0.9999332721786431,0.49151117629054375,1.4914116509992206,4652,27,0.07407407407407407
3.345563748519213,1.8088814445370653,5.1544451930562785,0.9998602958935634,0.40389004512840443,1.4036939159241144,4653,26,0.07692307692307693
2.8737588840259267,1.5138043332245825,4.387563217250509,0.9997355996036338,0.4925845504759515,1.4921899105291956,4654,25,0.04
4.254341191188974,1.5501463083015237,5.804487499490498,0.9998527880177881,0.32871032922103416,1.3285147271396842,4655,25,0.08
4.114397811603147,1.3962969868423363,5.510694798445483,0.9999499123024972,0.36270045943606266,1.3626322049076636,4658,30,0.06666666666666667
3.5536637535834243,1.5045123450087319,5.058176098592156,0.9992756222794983,0.4150661378670941,1.4140410954837868,4661,23,0.08695652173913043
2.658585518160282,1.3982286825537749,4.056814200714057,0.9999236202622861,0.530815518591272,1.5306985953034737,4664,34,0.058823529411764705
3.3088447383795123,1.2357824545022749,4.544627192881787,0.9998325654944749,0.474432742068552,1.4741858711514537,4668,21,0.09523809523809523
2.0157000102330596,1.3287500367785023,3.344450047011562,0.9998718978786607,0.6132117566540352,1.6130051008058381,4669,22,0.4090909090909091
2.4647641969993943,1.3152749134398865,3.7800391104392808,0.999934142769981,0.5628365485955414,1.5627336245094785,4671,61,0.0
3.0512933487514307,1.2116943494940884,4.262987698245519,0.9999514715498328,0.5069897012185136,1.5069165693438955,4676,24,0.0
2.5667186981222154,1.435440338392572,4.002159036514787,0.9989001051490004,0.5372453359702649,1.535554527740508,4677,28,0.10714285714285714
2.348891644422767,1.6048680380174818,3.953759682440249,0.9999631927249881,0.5427500331721096,1.542693248747364,4681,33,0.09090909090909091
2.932100411712922,1.024307193654216,3.956407605367138,0.9999435558264185,0.5424421290552777,1.5423550671840058,4682,38,0.02631578947368421
2.734340628210428,2.1531370921493194,4.8874777203597475,0.9993943264127181,0.4348105535671596,1.4339415267121107,4683,57,0.45614035087719296
3.3714698888822436,2.101740710399823,5.4732105992820665,0.9996517906463043,0.3670497345354339,1.3665737150309014,4692,27,0.14814814814814814
4.568811621932135,1.8864609402510188,6.455272562183154,0.9991374234808394,0.25349074326138554,1.252409511579263,4696,36,0.1111111111111111
4.810249859902749,1.3523768383355552,6.162626698238304,0.9994077568712445,0.28731282669021985,1.2865504245140538,4698,23,0.0
2.6946827431126876,1.9008956451624806,4.595578388275168,0.9994403506997713,0.4685720931455256,1.4677502078012614,4701,30,0.26666666666666666
4.09071660703569,1.6923590425352746,5.783075649570964,0.9993804726293746,0.33120839736651086,1.330383677328336,4709,40,0.05
5.324316053553684,1.228597514149257,6.552913567702941,0.9998981161492173,0.24214506182457451,1.2420185073024452,4713,34,0.0
4.4698521046878,1.2753691030249765,5.745221207712777,0.9994014531561077,0.33560565712091917,1.3348062345701648,4714,31,0.0
2.8050361041134306,1.7867984800091583,4.591834584122589,0.9982791990248421,0.4690799533274027,1.466551959111132,4715,93,0.8387096774193549
5.152591850953736,0.8688204755789748,6.021412326532711,0.9999463352418165,0.30361900162718913,1.3035490432287034,4716,39,0.0
1.5341665920583618,1.9834116280309586,3.5175782200893204,0.9998450288534604,0.5932017907218377,1.5929548904136606,4720,140,0.9285714285714286
0.5467373535875586,0.9043307355804531,1.4510680891680117,0.9999948252673316,0.8321827302671485,1.8321732492113196,4734,21,0.047619047619047616
0.8282546888132678,1.961690173566738,2.789944862380006,0.9999137061874488,0.6773558072304666,1.677211061802856,4735,86,0.36046511627906974
1.4390859302150967,2.228426198211226,3.6675121284263223,0.9997827238292147,0.5758719725874344,1.5755295731595829,4739,841,0.0035671819262782403
2.972365532788033,1.5816063978765902,4.553971930664623,0.9998073934170377,0.47334361462310004,1.4730598389439582,4740,105,0.0
2.3140444283640074,1.9340425092858604,4.248086937649868,0.9998394377888592,0.5087174698197914,1.5084752268068504,4741,249,0.06827309236947791
2.3818562000014376,1.8279488636214785,4.209805063622916,0.9998947866973871,0.5131486037659263,1.51298940040398,4742,121,0.008264462809917356
3.3628942005407323,1.596206140727415,4.959100341268147,0.9995819602144709,0.4265028235862939,1.425906488651865,4756,35,0.0
2.2296511769215184,1.5342183797530504,3.763869556674569,0.9997293174521078,0.5647318350646615,1.5643082894647782,4758,49,0.02040816326530612
3.3356323931589396,1.9412874330970338,5.276919826255973,0.9996299944008568,0.3897391898387951,1.389224978557206,4771,46,0.2826086956521739
4.3408616309178445,1.9851719043189249,6.326033535236769,0.9997732755439424,0.26841461165793146,1.2681270310450476,4773,26,0.038461538461538464
4.755406604730401,1.93883151615064,6.694238120881041,0.9991466570949998,0.22584021995626147,1.224794157901898,4774,30,0.03333333333333333
2.9999711674373155,2.161251440662794,5.161222608100109,0.9993661526311198,0.40315542979236596,1.4022660434150622,4775,48,0.16666666666666666
3.975003073109648,1.7261212254626495,5.701124298572298,0.9987989956708445,0.3407505606789508,1.3391403134512578,4783,21,0.0
2.3252089576791493,2.2242951653124,4.549504122991549,0.9997376645809519,0.47386917923055394,1.4734825311417985,4785,73,0.273972602739726
3.8892932441123356,1.7702426826563085,5.659535926768644,0.9993109150456561,0.34551294050787607,1.344585767784697,4786,28,0.03571428571428571
3.684218644145212,1.5718343926604077,5.2560530368056195,0.9997541453808421,0.3921550990233892,1.39181283126171,4788,28,0.0
3.3486379917415303,2.1026904055781652,5.4513283973196955,0.9993858536131608,0.369589820344838,1.3687486917052214,4794,130,0.023076923076923078
3.372308819902311,1.9256062492672852,5.297915069169596,0.9997598827281657,0.38730796752792407,1.3869748509235673,4795,141,0.0
4.282168679107075,1.5502689187870455,5.8324375978941205,0.9991028076718318,0.32554330189462743,1.3243540346135128,4796,28,0.0
3.3037813137592416,1.7608148211577337,5.064596134916975,0.9995638138330813,0.4143050228257288,1.4136881225389686,4797,23,0.0
2.324913820366305,1.7317117445431602,4.056625564909465,0.9994342666040714,0.5308984609407481,1.5300323805556184,4800,37,0.0
0.9851161862127835,1.6209790514377653,2.606095237650549,0.9999747544606832,0.6986027199891682,1.6985598378474172,4802,91,0.31868131868131866
2.073969011883354,2.0075458869738414,4.081514898857195,0.999947179214091,0.5279728380462138,1.5278921293200605,4804,148,0.17567567567567569
4.061537097911475,1.4761458261151805,5.537682924026655,0.9997915837788759,0.3595698819679215,1.3592865255507676,4808,23,0.043478260869565216
3.413736471148664,2.030783680007324,5.444520151155988,0.9996505128840518,0.37036840960723694,1.3698894835039768,4812,28,0.07142857142857142
3.309455701232983,2.7467840587983168,6.0562397600313,0.9997215447225729,0.29961185837123283,1.2992499745906625,4819,369,0.018970189701897018
3.1519666730349662,1.8843943511089405,5.036361024143907,0.9998916250845016,0.41753741872121164,1.4173837932232418,4821,28,0.10714285714285714
4.343546955235829,1.634919834348807,5.978466789584636,0.9994466063892654,0.3086012541117641,1.3078770825387394,4824,36,0.16666666666666666
2.282696476343429,1.8622034641516878,4.144899940495117,0.9998640551231104,0.5206496670713319,1.5204429425395496,4826,23,0.391304347826087
2.7616453609936764,2.0815273791679454,4.843172740161622,0.9998469514122952,0.4398931764224907,1.4396728028053936,4827,112,0.10714285714285714
2.4857455506953148,1.4497755971695847,3.9355211478648995,0.9999567675673934,0.5448502921109494,1.5447835044748084,4828,40,0.05
0.7177190309860131,1.4191189572775342,2.1368379882635473,0.9997296954541159,0.7529019830635081,1.7524281656889968,4832,35,0.8571428571428571
2.7328283948143923,1.7153097523510858,4.448138147165478,0.9999321627802951,0.4855691235838945,1.485468346704871,4835,31,0.25806451612903225
2.170173275689067,1.8439262244858265,4.014099500174893,0.999294879115471,0.5358240742407435,1.534741132611034,4844,172,0.0755813953488372
2.1863065599981764,1.9394414299766551,4.1257479899748315,0.9999323301604967,0.5228588650655958,1.5227558134506105,4845,54,0.2037037037037037
2.9473214954264297,1.7058607074560546,4.653182202882484,0.9995868977983116,0.4618874388468066,1.4612835299271982,4846,25,0.2
2.6623377600864138,2.0775812130892324,4.739918973175646,0.999813866137709,0.4518347855913347,1.451564549975284,4849,66,0.7878787878787878
2.93459181228164,2.493607829270178,5.428199641551818,0.9998994580618679,0.3722230453208404,1.3720850793563142,4854,160,0.2
3.0190408505638313,1.8169012547616425,4.835942105325474,0.9992865386297876,0.44077866139239585,1.439750721474466,4862,34,0.029411764705882353
2.8450596434653828,1.8376430906795727,4.682702734144955,0.9997920374524222,0.45846055088581783,1.4581572457141139,4863,20,0.5
3.3850141911494758,1.3382054981334806,4.723219689282956,0.9997540432256771,0.4537879457487046,1.4534303767550187,4866,30,0.0
2.3197750114517537,2.0355036174723575,4.355278628924111,0.9999555389227552,0.49631088196715745,1.496244354373452,4868,120,0.4166666666666667
2.694022971729437,1.7769616322488293,4.470984603978266,0.9998869954725549,0.4829411170377421,1.4827735379775824,4870,45,0.022222222222222223
2.2300872551246886,2.229238525792299,4.459325780916988,0.999936407202803,0.48427974431713516,1.484185354816371,4871,74,0.527027027027027
2.9917896679341904,1.9893807905875578,4.981170458521748,0.9997969615747755,0.4239373574019304,1.4236482434032651,4876,80,0.0875
1.6582657771829465,1.365509118733168,3.0237748959161146,0.9998616237918445,0.6503034308213593,1.6500750680902962,4878,45,0.6444444444444445
3.40738432427039,1.4694426158505833,4.876826940120973,0.9988493118215902,0.4360901487195519,1.4344376567622894,4887,28,0.07142857142857142
3.5001997947370076,2.4242858825621396,5.924485677299147,0.9991788446495578,0.3148713346310169,1.3137916209994416,4888,103,0.39805825242718446
2.124749069646047,1.2332180292397208,3.357967098885768,0.9997743299581312,0.6116658038463321,1.6113020991568996,4889,135,0.1111111111111111
2.5070843003989136,1.1253758881600295,3.632460188558943,0.9997430396995589,0.5799325701391789,1.5795265901912794,4890,69,0.014492753623188406
0.4935969921630092,1.609632350969823,2.103229343132832,0.9999762484717873,0.7567585417652393,1.7567168160651718,4891,32,0.6875
0.9947467601013777,1.707891544217312,2.7026383043186897,0.9998704187027068,0.6874488526694836,1.6872301908580387,4894,424,0.03537735849056604
0.7749329893391832,1.419811252079084,2.194744241418267,0.9998827630679104,0.7461759585252095,1.7459712422129434,4896,26,0.7307692307692307
1.8288466233948808,1.6973534241888644,3.526200047583745,0.9998699467747134,0.5922030249473234,1.591995953808618,4899,97,0.0
0.4464870540186966,1.282361053699053,1.7288481077177495,0.9887797342710577,0.801416193249943,1.781203824873259,4900,130,0.9384615384615385
1.204699268635004,1.0311152568911741,2.235814525526178,0.9999163414419788,0.7414311849657185,1.741285499343891,4901,31,0.0
1.4322082420685815,1.3129795474409607,2.7451877895095422,0.9999797848132591,0.6825116537526263,1.682477641465352,4904,63,0.06349206349206349
2.0142912374774293,1.5512604545278137,3.565551692005243,0.9999598606331441,0.5876387759754336,1.5875750491601701,4905,34,0.17647058823529413
3.8544740011828607,1.9768379279719364,5.831311929154797,0.9998894794099074,0.3255976831688584,1.3254511773306892,4909,69,0.13043478260869565
2.920579072780878,1.6636343654109047,4.5842134381917825,0.9996752637564777,0.469842881156153,1.4693655699003585,4910,37,0.13513513513513514
2.732198769617366,1.7025817382467285,4.434780507864095,0.9987667594722716,0.48720770846113937,1.485373623641915,4912,33,0.030303030303030304
1.1856298788434392,1.6909197230587971,2.8765496019022363,0.9999667716654708,0.6673202386940673,1.6672648364194087,4913,27,0.1111111111111111
0.757570881895514,0.9660593815119745,1.7236302634074885,0.9999741655957988,0.8006628794218266,1.8006163603691694,4914,29,0.034482758620689655
2.2813811300746356,2.0215680851153546,4.30294921518999,0.999932037215792,0.5023662482717279,1.5022641432785955,4917,48,0.7916666666666666
2.623724890489154,2.177487158999957,4.801212049489111,0.9968625245482832,0.444953254392193,1.4404197490276591,4922,53,0.4339622641509434
2.6170264515793957,2.296132027437014,4.91315847901641,0.9995581974310228,0.4318332732664051,1.431200685647929,4927,27,0.5925925925925926
1.6946619804036245,1.8270325573499968,3.5216945377536213,0.9999436037827856,0.592712584571113,1.5926227616062334,4933,56,0.10714285714285714
1.7126749817755336,1.925865479122709,3.6385404608982426,0.9996537999962034,0.57923318724259,1.578686456707171,4935,21,0.3333333333333333
2.0290178438023134,1.6050130629445643,3.6340309067468777,0.9998646860227829,0.5797379688512978,1.5795242082237717,4939,28,0.03571428571428571
0.9401484086908873,1.0105005427254683,1.9506489514163556,0.9999068420789381,0.7744157211784255,1.774250420298741,4940,20,0.0
1.229356259607635,0.9347788249765401,2.164135084584175,0.9999797896319184,0.7497194782596579,1.7496841157849627,4942,22,0.045454545454545456
1.429187972202924,1.4787929529941344,2.9079809251970583,0.9998820794519028,0.6637084788634962,1.6635122934477946,4944,26,0.11538461538461539
1.4935730392360862,1.5296707276586863,3.0232437668947725,0.9998995150369394,0.6503722550051574,1.650206417410077,4946,30,0.0
1.9421740598839583,2.0945626198765788,4.036736679760537,0.9998665283769769,0.533167897735995,1.5329632633283172,4947,88,0.7840909090909091
0.9265811159008618,1.7155141333619892,2.642095249262851,0.999927650014614,0.6944496559868579,1.69432706257901,4955,39,0.02564102564102564
2.5236193440568195,1.974408061819644,4.4980274058764635,0.9994930155706252,0.4798449038338054,1.479094645509672,4960,77,0.19480519480519481
3.175802496973381,2.0048980905940703,5.180700587567451,0.9997982200668849,0.40086596010405284,1.4005832934643199,4961,149,0.47651006711409394
4.314682432740559,1.3377174128971117,5.652399845637671,0.9999229077939741,0.34630070318617756,1.3461969138949947,4962,20,0.0
4.944245539155789,1.668193907338459,6.612439446494248,0.999738137318775,0.235279147615295,1.2349556741056391,4966,26,0.38461538461538464
3.2011198155316936,1.9060035798243544,5.107123395356048,0.999926449036469,0.40935038209949903,1.409246723020943,4969,30,0.4
3.26012984962732,1.0982614401582134,4.3583912897855335,0.9999880535033713,0.4959515692097588,1.4959336978293805,4971,20,0.0
2.7437376740800414,1.5869303703347115,4.330668044414753,0.9993484478905942,0.4992204890763887,1.4982436688042666,4973,29,0.06896551724137931
3.273444334075771,2.0381907280575726,5.311635062133344,0.9998758995989179,0.38572373508461977,1.3855517662133068,4976,33,0.030303030303030304
2.674062700163325,1.6093215794831233,4.283384279646448,0.9994496796707636,0.5046692937262702,1.503841243625155,4978,76,0.0
2.420862855449487,1.376371452959169,3.797234308408656,0.9997293933860054,0.56086571428777,1.5604433337019263,4980,20,0.1
3.081627906251502,1.7521588302675855,4.833786736519087,0.9994377449930675,0.4410233344279244,1.4402131118430357,4983,57,0.0
2.382612062330422,1.5769807625484855,3.9595928248789076,0.9999505473331933,0.5420644722464789,1.5419882130459386,4993,33,0.030303030303030304
2.1847700749891783,1.7187256834392652,3.9034957584284435,0.9999521655359596,0.5485597444659988,1.5484856699405878,4994,29,0.5172413793103449
1.1100717113791143,1.61306709900067,2.7231388103797842,0.9618003659487486,0.688269909684411,1.6237786169547275,5001,1015,0.954679802955665
3.4066092223137305,1.9054135625094277,5.312022784823158,0.9972457299878342,0.38583895142125557,1.3820219767556647,5005,44,0.20454545454545456
3.4267160539684314,2.2376647021071685,5.6643807560756,0.999529438301915,0.34493726789292967,1.3443043919283322,5007,34,0.5588235294117647
3.4699462162471417,2.1802071203447864,5.650153336591928,0.9975174729730417,0.3466907699589691,1.3433475737255907,5009,124,0.1532258064516129
3.8618674094010066,1.8159348268717137,5.67780223627272,0.99945083728686,0.3433718324388815,1.3426341027186235,5010,20,0.0
1.0319439346545116,1.4378621062141956,2.4698060408687073,0.9999384940636169,0.7143734213621752,1.714267977219584,5017,81,0.08641975308641975
0.8028605346408405,0.9031829085181079,1.7060434431589484,0.9998642385398231,0.8027092021350087,1.8024644637014524,5019,60,0.0
0.7425949543359621,1.586448990000624,2.3290439443365862,0.9993476591926038,0.7307251741328191,1.7295961514753444,5023,30,0.36666666666666664
2.74132066617782,2.8964287390201933,5.637749405198013,0.9989169878674821,0.3480589669040475,1.3465990026875407,5035,468,0.004273504273504274
1.5082102253397387,1.650061728035755,3.1582719533754937,0.9998528633475376,0.6347602323707047,1.634519699222535,5036,129,0.27906976744186046
1.0418278089226336,1.174337496966457,2.2161653058890907,0.9998850039973095,0.7437223615832689,1.7435218404818849,5037,20,0.05
1.0641647495073447,1.5523016225204571,2.616466372027802,0.9999160021227115,0.6974091983690366,1.6972666195994837,5042,75,0.10666666666666667
2.787835333305985,2.0100903583887195,4.797925691694704,0.9996520396127564,0.4451267420748031,1.4446238952140147,5046,70,0.4857142857142857
0.9193151942476213,0.9055213661263158,1.8248365603739372,0.9999635073267783,0.7889632370282454,1.788897952977431,5052,30,0.0
1.9795146952608673,1.702552259141448,3.6820669544023152,0.9989154883304932,0.5742680847117783,1.572560772602976,5055,28,0.07142857142857142
2.7987737138210798,1.7149561849555357,4.5137298987766155,0.9999398921214823,0.47799531319530475,1.4779064740325694,5057,26,0.0
4.14425120581613,1.4477530912011831,5.592004297017313,0.9992169480399098,0.3533280502793371,1.3522683240969209,5059,21,0.2857142857142857
4.796710308708222,1.9129167856124214,6.709627094320643,0.99973628229378,0.224036215189246,1.223713415166246,5065,119,0.0
5.090250515359327,1.342261249517672,6.432511764876999,0.9995095709952089,0.2561179874335062,1.255501950739029,5066,24,0.041666666666666664
4.127847853589309,1.598642883064823,5.7264907366541316,0.9995400017197095,0.3377495729854606,1.337134210482428,5069,32,0.21875
4.6158217094232405,1.616687921657613,6.232509631080854,0.9990233759919984,0.279258088448467,1.278008734286858,5071,23,0.043478260869565216
4.047213955936585,2.183599312228755,6.23081326816534,0.9994403505497202,0.27943319364720387,1.2787171595637097,5072,84,0.15476190476190477
2.710195319008191,1.8869646039741355,4.597159922982327,0.9997859416297754,0.4683548575183899,1.468040543870678,5074,87,0.11494252873563218
3.4243680916380086,1.8753143213185313,5.29968241295654,0.9996891298802466,0.3871245516730234,1.386693336097532,5075,35,0.05714285714285714
4.303005168476285,1.6807603233865391,5.983765491862824,0.999834076650451,0.30797656264528506,1.3077595387928793,5077,38,0.02631578947368421
4.6397822675488785,2.143842897677085,6.783625165225963,0.9995411689378016,0.21548305544731483,1.2149253540658997,5080,63,0.15873015873015872
5.125978841877731,1.6895223578884186,6.81550119976615,0.999498564781987,0.21179622709477763,1.211188589789457,5081,27,0.14814814814814814
3.8081223093383527,2.4214423213702854,6.229564630708638,0.9987558560150103,0.2796039854370628,1.2780119738354123,5082,73,0.4794520547945205
3.3807972034347276,1.9025358838502595,5.283333087284987,0.9998248271532698,0.3889816720579259,1.3887383601843755,5088,44,0.5681818181818182
2.118353253023131,2.512220881013189,4.63057413403632,0.9996613782707746,0.4644976461275968,1.4640017354022186,5089,296,0.11148648648648649
3.512893389221222,2.779765719580595,6.292659108801817,0.9988495494796799,0.2723055012092147,1.2708417766833424,5090,1033,0.9477250726040658
1.563972118690893,2.0299213480591547,3.5938934667500475,0.9998405278351489,0.584371585705452,1.5841189225387509,5092,23,0.5652173913043478
0.9076130998517957,0.9363239648583082,1.8439370647101039,0.9999046179484825,0.7867561716387655,1.786585747169553,5104,24,0.041666666666666664
0.9670960086779811,0.9977294495801551,1.9648254582581361,0.9999809008356206,0.7727643142152243,1.7727304558981811,5106,20,0.05
1.929170514798049,1.0930284262852836,3.0221989410833325,0.9999383616700926,0.6504905164428061,1.6503887829638446,5113,26,0.0
1.6841753458363444,1.518721003311341,3.2028963491476854,0.9980204416983169,0.6297815439501926,1.6265552963649361,5115,313,0.006389776357827476
1.9566641323213712,1.4947780051227375,3.4514421374441087,0.9997055065492779,0.600869187566362,1.600397742075161,5116,31,0.12903225806451613
1.089069187508873,1.2205471846557805,2.3096163721646534,0.9999669192174283,0.7328917707525913,1.7328344453367026,5117,26,0.0
1.716494156177026,1.368550586018313,3.085044742195339,0.9998584775295387,0.6432322284150949,1.642999674130588,5118,29,0.0
1.2848974385864265,0.9582099694343997,2.243107408020826,0.9999681293371245,0.740587816088802,1.7405323424013104,5119,28,0.0
1.6679958826117551,1.4377207734950166,3.1057166561067717,0.9999477705831548,0.6408147672910101,1.6407290684925635,5120,29,0.0
1.470050399290167,0.9924693456362899,2.462519744926457,0.9999501145377714,0.7152178453804179,1.7151322809453782,5123,21,0.047619047619047616
1.8187277974493892,1.2220152439507777,3.040743041400167,0.999917470910849,0.648337106010522,1.6482010702505492,5124,20,0.0
2.232217106860643,1.0347790810398156,3.2669961879004585,0.999525937082864,0.6222212805809917,1.6214522456284794,5135,20,0.05
0.9099877828015623,1.8358697456411752,2.7458575284427376,0.9999429673579864,0.6824384089481343,1.6823424550406467,5136,58,0.7931034482758621
2.3898345134078225,1.7338668649910973,4.12370137839892,0.9995706239876979,0.5231308902983789,1.5224768944304885,5141,46,0.5
1.7567374057596379,2.7365137281797507,4.493251133939388,0.9995655841034026,0.4803853408033557,1.479742237878221,5142,192,0.921875
2.5726985942444385,2.703812141412455,5.276510735656894,0.9993205622318586,0.389818036491156,1.3888737416263197,5144,164,0.8658536585365854
1.9987081769689052,2.030071128396611,4.028779305365516,0.9999192467392839,0.534082796038078,1.5339589138500895,5146,31,0.7741935483870968
2.6104387274623604,2.2147933532369053,4.825232080699266,0.9991216968427422,0.4420312698579629,1.4407647292407821,5147,74,0.8243243243243243
1.9844945890309151,1.1388438945737123,3.1233384836046274,0.9992544946765334,0.6388676646611632,1.637645880092701,5148,21,0.6666666666666666
1.9848145157525707,1.571381519483215,3.5561960352357858,0.9999301000670702,0.5887176002835512,1.5886065490298469,5151,31,0.5161290322580645
2.702694825979835,1.6803565606610054,4.38305138664084,0.9997869049729389,0.49310125652339143,1.4927830840707275,5159,31,0.03225806451612903
1.4695471979396575,1.142776865730494,2.6123240636701515,0.9999389528331064,0.6978825025577106,1.6977788516412113,5164,23,0.043478260869565216
2.102248312492781,1.5472400018046457,3.6494883142974266,0.9999574747704089,0.5779413557003827,1.57787425338195,5167,63,0.4444444444444444
2.421931995675887,1.9028174533303006,4.3247494490061875,0.9999549939676797,0.49983194107465667,1.4997644395898417,5168,70,0.8571428571428571
1.5032016183803774,1.224574468757052,2.7277760871374293,1.000000109142368,0.6845365147486712,1.6845366986029755,5181,26,0.038461538461538464
1.8084548319129372,1.7585420738213167,3.566996905734254,0.9997865991769392,0.5874913700402906,1.5871525980753223,5186,124,0.12903225806451613
4.155387674392726,1.8598994059787834,6.015287080371509,0.999724626915479,0.30434301610418424,1.3039838351445663,5194,27,0.7777777777777778
1.3148691873927627,0.644751915481881,1.9596211028746437,0.9999497091176025,0.773374433457083,1.7732852488920035,5195,24,0.0
2.280990568013828,1.8238810892940007,4.104871657307829,0.9994665252032204,0.5253308457966297,1.5245171202336467,5198,42,0.2619047619047619
1.2235261204823837,1.258266747007748,2.4817928674901317,0.9997645254108588,0.7130044165773999,1.7126010475662092,5200,25,0.8
2.0054368222623,1.585972343507724,3.591409165770024,0.9998993889312804,0.5846637512420692,1.5845043165284953,5205,35,0.0
2.059335276471787,1.3145749471306991,3.3739102236024863,0.9985844052340708,0.6099463819795139,1.607667350307757,5206,40,0.075
1.7493907337343475,0.9939182186386639,2.7433089523730114,0.9999453039566617,0.6827385470652432,1.682646507924746,5207,42,0.047619047619047616
1.4275895190424086,0.8938298286117232,2.321419347654132,0.999933448821247,0.7315357659662338,1.731420530219956,5212,26,0.0
2.0117220463532948,1.286150207801156,3.2978722541544507,0.9999652622208999,0.6185984159027293,1.618542189388506,5214,25,0.08
1.965431965732586,1.7482705062733062,3.713702472005892,0.9990306698819125,0.5706086027766099,1.5690861645542111,5217,34,0.11764705882352941
1.9793290413158502,1.6175329945086645,3.5968620358245147,0.9998491755694181,0.58403137480391,1.5837924641737813,5219,39,0.23076923076923078
1.298156764539681,1.3274249418277941,2.625581706367475,0.9998928116875698,0.696360060458209,1.6961782304860544,5228,129,0.9302325581395349
5.255480428320504,1.4470945166423297,6.702574944962834,0.9996718554671584,0.2248531890996509,1.2244512602221143,5237,35,0.8571428571428571
2.4333768502647017,2.201781630980775,4.635158481245477,0.9996563037830448,0.46396418869290523,1.4634610297394937,5240,60,0.55
2.8175601554248164,1.5075091949116173,4.325069350336434,0.9998193279972647,0.49982768909094155,1.4995567122185955,5254,22,0.6818181818181818
4.583933964246361,1.5702017993625494,6.1541357636089105,0.9999387292726387,0.28826028344800336,1.288181350803406,5263,50,0.02
3.1774469615188177,1.6656192411444386,4.843066202663256,0.9998445239428255,0.4399167180659318,1.4396928454919473,5265,29,0.034482758620689655
2.3150411769235215,1.2592179683336209,3.5742591452571424,0.9999001270300198,0.5866436132788556,1.5864851504688975,5269,27,0.0
2.6869431888454938,1.5618243504347986,4.248767539280292,0.999927627215925,0.5086401598852646,1.5085309753967264,5270,31,0.0
0.9987170158271894,1.023770435710472,2.0224874515376614,0.9999580137481437,0.7661025730378744,1.7660284210104389,5272,48,0.8958333333333334
1.3632184799421903,1.2962730365675976,2.659491516509788,0.9999493476744672,0.6924408520103995,1.6923551259454186,5274,32,0.78125
1.572925430090709,1.298889992136861,2.87181542222757,0.9999523894932616,0.6678755236787757,1.6677961152799168,5275,26,0.7307692307692307
1.849905823937654,1.386622286242831,3.236528110180485,0.999950651399701,0.6256849485898512,1.6256047233131112,5276,52,0.75
1.6887214199536116,1.3301984313613016,3.018919851314913,0.9998736319196574,0.6508741412897752,1.6506655234936531,5277,49,0.8163265306122449
0.8987886177818768,1.1424344719746924,2.0412230897565693,0.9997929230602828,0.7639552568884385,1.7635899824320438,5279,183,0.9453551912568307
1.4528071453931293,1.4687648681522967,2.921572013545426,0.9999719738613995,0.6621132844514275,1.6620667018341475,5280,25,0.76
2.578758981674538,1.80722694594122,4.385985927615758,0.9999020637866616,0.492762798531019,1.4926166029951184,5281,49,0.7755102040816326
2.308941039865265,1.5755311776969396,3.884472217562205,0.9999450793876818,0.550749342399478,1.5506641742960414,5282,22,0.36363636363636365
3.2039984992031716,2.2578528342579105,5.461851333461082,0.9987006311426887,0.3684168408797489,1.3666387626528895,5294,49,0.7142857142857143
5.337642746965748,1.9914060572571364,7.329048804222884,0.9988403703899483,0.15242623516047404,1.1510898475747815,5295,29,0.034482758620689655
3.5316423652748186,2.4384170110723935,5.970059376347212,0.9985365637390922,0.30964269409311107,1.3077261154857422,5297,147,0.013605442176870748
2.5886350419693938,1.8140442833119397,4.402679325281333,0.9998930483422895,0.4908324502767214,1.4906730032747957,5298,30,0.03333333333333333
2.863454893079226,1.011527391004312,3.874982284083538,0.9995000956035679,0.5519048266127129,1.551129022567045,5302,29,0.034482758620689655
4.21507024269495,2.0460990347944437,6.261169277489394,0.9989103666947935,0.27595070739271965,1.2745603890061428,5304,198,0.005050505050505051
2.8860324289171584,1.847114732535259,4.733147161452417,0.999819959926878,0.4526245730554611,1.4523630424211094,5311,28,0.35714285714285715
2.0086695428593266,1.587956170686188,3.5966257135455146,0.999792360392608,0.5840696317407232,1.5837407161443071,5313,29,0.3103448275862069
2.8744902538901096,2.662636186067899,5.5371264399580085,0.9987397677371987,0.35971037141741713,1.3579968205392914,5318,434,0.004608294930875576
3.151079855841269,2.1011514518687315,5.252231307710001,0.9991308293454058,0.3926228897287517,1.3914124627800832,5321,29,0.5517241379310345
3.92050620555009,1.7294125960860405,5.64991880163613,0.9997218392062932,0.3466078815822251,1.3462333080650724,5323,38,0.0
3.4879746389313264,1.6903817494232505,5.178356388354577,0.999977568798504,0.40112520587731204,1.4010937769554979,5328,28,0.0
4.653050554018395,0.9593901825112932,5.612440736529688,0.9998782618547271,0.3509156519033211,1.3507511939374381,5350,21,0.0
5.17675300987192,1.6130539469590301,6.78980695683095,0.9985162151067156,0.2148050104347058,1.2130025011119365,5367,34,0.11764705882352941
4.635758086444378,1.7149077555952559,6.350665842039634,0.9997187379708483,0.26553172068552966,1.2651757746658139,5368,33,0.12121212121212122
1.958217305784305,1.4690508954175183,3.4272682012018234,0.99998580871409,0.603639525090625,1.603616767383628,5388,24,0.25
2.620218365704695,1.394809270850311,4.015027636555006,0.9994811462254029,0.5357017434812725,1.534904938835012,5407,132,0.007575757575757576
2.855371629841376,1.708851296792448,4.564222926633824,0.9997149941955822,0.4721731240454924,1.4717535461600315,5409,30,0.5333333333333333
1.4163599285221133,1.0150566037456423,2.4314165322677557,0.9997744800954682,0.7188226019568008,1.7184349732477004,5414,20,0.2
3.5513892307381525,2.1273588207702545,5.678748051508407,0.9990147054631126,0.3432913523460611,1.3419678147151464,5415,36,0.2222222222222222
3.1808576162803575,1.3888136223157868,4.569671238596144,0.999558556408716,0.4715414250886998,1.4708918225572856,5416,71,0.014084507042253521
2.2049865595966294,0.8140460655402944,3.0190326251369237,0.9999316833068219,0.6508484930635845,1.6507357125536004,5419,24,0.0
3.566746491805755,2.3438534409421314,5.910599932747886,0.9979569394755723,0.3165448473876662,1.3138550665813298,5423,213,0.056338028169014086
4.49425835963337,2.052206836702748,6.546465196336118,0.9992763104499702,0.24293325986579561,1.2420337620542463,5430,33,0.21212121212121213
4.290570046563056,1.0137419283916378,5.304311974954694,0.9998822834951961,0.3865509719318425,1.3863877519976944,5434,31,0.03225806451612903
4.708096292219027,2.1077848021441117,6.815881094363139,0.9987278654419602,0.21178723471055616,1.2102456782922895,5436,230,0.05652173913043478
3.630576531611361,1.7970737729543624,5.427650304565724,0.9994661974820396,0.37232220884107137,1.371589659790539,5437,26,0.34615384615384615
0.9813170908093136,1.4207939570369819,2.4021110478462955,0.9998042970163035,0.722213162262048,1.7218761200076318,5439,65,0.7384615384615385
0.5861742028886532,1.3279065211350385,1.9140807240236917,0.9999387108608677,0.7786352064276378,1.7785261954070055,5441,34,0.3235294117647059
0.6648373323077369,0.7911644510021473,1.4560017833098842,0.9999833333991524,0.8316105997475876,1.8315800730248133,5445,30,0.06666666666666667
0.8507704139814657,1.8287358272366614,2.679506241218127,0.9999703378484788,0.6901156719166983,1.6900655394495496,5448,283,0.40636042402826855
1.0687520381192819,1.2645354334771737,2.3332874715964556,0.9999573644120633,0.7301541780488845,1.7300804119082822,5451,48,0.16666666666666666
2.0656327840252464,2.004943958344854,4.0705767423701005,0.9990049882334797,0.5293259155830724,1.5278042183022227,5456,82,0.6951219512195121
2.8931670839710555,2.209941273040115,5.103108357011171,0.9990226332356007,0.4098964757602598,1.408518489803608,5464,46,0.2608695652173913
3.456695861331668,1.6793229039351472,5.136018765266815,0.9989139764947726,0.4060967920031411,1.4045697378364008,5465,28,0.0
3.7357793601281934,1.8615728378080294,5.597352197936223,0.9990281759523643,0.3527238591675691,1.3514092495914194,5467,37,0.05405405405405406
3.6590207163449744,2.4009918146484086,6.060012530993383,0.9996327281113726,0.2991841747511753,1.2987070209256397,5468,57,0.43859649122807015
3.5672477167802046,1.9704312828265835,5.537678999606788,0.9997916842602731,0.35957337076403173,1.359290150231588,5473,52,0.11538461538461539
1.621399168992159,1.5528034215318136,3.1742025905239726,0.9999840026323252,0.6329012600298352,1.6328751379080018,5476,68,0.8676470588235294
1.6144452562007725,1.3212393317994464,2.935684588000219,0.9999900692192101,0.6604871494883168,1.6604706595544307,5478,20,0.2
2.8774204433991186,2.136177618296632,5.013598061695751,0.9989808572941863,0.4202565006980229,1.418809056644952,5481,75,0.17333333333333334
3.880897030792657,1.8387245356964992,5.719621566489156,0.9997844965386908,0.33853576431603427,1.338247305225738,5482,43,0.09302325581395349
1.3495903285906934,1.406602453089357,2.7561927816800504,0.9999821066049165,0.681247279146332,1.6812171959245332,5483,38,0.21052631578947367
1.1465023866100266,1.3572601458495868,2.5037625324596133,0.9999767289836488,0.7104379372266941,1.7103981335974892,5484,30,0.1
2.8905301240606827,1.7585781266121296,4.649108250672812,0.9994926199013034,0.462396141286723,1.4616541505882235,5485,21,0.2857142857142857
1.4663757433819493,1.3257408104274162,2.7921165538093655,0.9999431293419633,0.6770931828975504,1.6769978055046502,5494,29,0.0
1.0635186572447561,1.4133664091211506,2.4768850663659068,0.9999072781204402,0.713543094750418,1.713384211813966,5502,39,0.3333333333333333
1.0428012589389646,1.0559102090055308,2.0987114679444954,0.9999730978527837,0.7572786040734502,1.7572313295057431,5523,48,0.125
0.7569012087780069,1.5567635210368587,2.3136647298148656,0.9999633974664822,0.7324254098851093,1.732361998725977,5524,44,0.18181818181818182
1.3424386279109861,1.8502439792244119,3.192682607135398,0.9999464360907084,0.6307639887304772,1.630676638636109,5526,21,0.38095238095238093
0.7439514176117289,1.052832948181765,1.7967843657934939,0.9999871540629819,0.7921983975066458,1.7921753750389073,5527,20,0.0
1.2553587988104413,1.6637759364240299,2.919134735234471,0.9997969620293043,0.6624153442943913,1.6620778108564325,5535,113,0.34513274336283184
0.3502100814871691,0.9877599721371855,1.3379700536243546,0.9999796553715494,0.8452603216556152,1.8452227805199763,5541,55,0.0
0.6002426297437027,0.9843748483907775,1.5846174781344802,0.9999909915063265,0.81673559492518,1.8167192288740668,5543,33,0.3333333333333333
0.7915688663581111,0.7453369308308704,1.5369057971889815,1.0000081832384238,0.8222559796991541,1.8222708916543051,5552,20,0.35
1.3568195104025977,1.3501333711040786,2.7069528815066763,0.9997423821220028,0.6869646577265278,1.6865300654711481,5554,46,0.2826086956521739
0.7505750639165044,1.3456055329264505,2.096180596842955,0.9999536844213206,0.7575781443994197,1.7574967411505877,5560,66,0.13636363636363635
0.6228319701871922,1.132757161655634,1.7555891318428263,0.9999158399903061,0.7969660552471307,1.7968148225665015,5561,37,0.0
0.5501279282489268,0.9994225434645535,1.5495504717134803,0.9999966763476041,0.8207936826974882,1.8207876310122022,5562,46,0.0
1.9776216839599856,1.8251662882669057,3.8027879722268914,0.999977119467506,0.5602004390813092,1.5601647408644657,5564,25,0.12
0.780701977046986,1.4679761872591026,2.2486781643060887,0.9998146231327849,0.73996149490581,1.7396389462948094,5565,196,0.061224489795918366
1.2441492731878243,1.4645609155139854,2.7087101887018097,0.9999631765273442,0.6867340606702466,1.686671949264686,5588,59,0.06779661016949153
1.1854258259038672,1.3681628809508337,2.553588706854701,0.9999818300249803,0.704673690008325,1.7046427161299609,5610,84,0.03571428571428571
1.1783629829464093,1.3712976844006228,2.549660667347032,0.9990989498711682,0.7052350722164671,1.703698569934958,5612,209,0.1722488038277512
1.3897211057786736,1.2064097122113662,2.5961308179900398,0.9999702864477675,0.6997538682830358,1.6997033625576883,5613,31,0.0967741935483871
1.7951589545648665,2.1259913505689023,3.921150305133769,0.9998348863801614,0.546529469781398,1.5462741167024552,5614,679,0.0
2.919823357188624,2.8347776738478356,5.75460103103646,0.9997871619459389,0.3344853523339182,1.3342013230683543,5615,1484,0.01954177897574124
1.7651144306778388,2.180433385779675,3.945547816457514,0.999906858690198,0.5436970973321084,1.5435533153625254,5618,323,0.5944272445820433
1.3042144084662781,1.6519145788368674,2.9561289873031455,0.9999807894824316,0.6581167688313727,1.6580849155500545,5620,28,0.2857142857142857
1.2379362045954214,1.315455008346953,2.5533912129423744,0.9999790648286144,0.7046920858869206,1.7046563978659428,5625,22,0.0
3.561235060799763,1.9949454456416515,5.5561805064414145,0.9997938810623286,0.3574345174369804,1.3571547244762878,5633,34,0.7352941176470589
1.395267573836262,2.4406620487824067,3.8359296226186688,0.9995290147962488,0.5564050110557456,1.555671967324494,5635,93,0.6881720430107527
1.2694204236595896,1.8827755968604942,3.152196020520084,0.9998680595173284,0.6354565785619697,1.6352407956316057,5637,27,0.4074074074074074
1.6187658835274266,1.6154839922558444,3.234249875783271,0.9998955263016521,0.6259598248613012,1.625789954825033,5638,27,0.2222222222222222
2.3962982618472246,1.4653733754107758,3.8616716372580004,0.9996536408248178,0.5534284680292673,1.552890423826376,5641,35,0.08571428571428572
3.219055173284256,1.4013199208478553,4.620375094132111,0.9995476939841264,0.4656864525798904,1.465023513780004,5645,39,0.0
2.969711942214532,1.9353255760792725,4.905037518293804,0.9996223107349465,0.4327501691127066,1.432209034754329,5646,63,0.6349206349206349
4.6702883203814505,1.4555335428110245,6.125821863192475,0.999683824134902,0.29156074907450913,1.291152388737344,5652,23,0.043478260869565216
4.6102641632327455,1.7605513086744322,6.370815471907178,0.9998661605230145,0.2632115446732627,1.2630424771008015,5653,45,0.0
2.2218213522717254,2.0401225340117786,4.261943886283504,0.9999361420381563,0.5070992933103347,1.5070030530211678,5655,28,0.5357142857142857
1.3947249529844208,1.3388827278013031,2.733607680785724,0.9999484474128513,0.6838584706129573,1.683771663352405,5659,79,0.8354430379746836
3.2456277887711265,2.318809043117872,5.564436831888998,0.9996662224654764,0.356500045033607,1.3560472757929944,5670,59,0.5423728813559322
3.623121371365318,1.486877871419614,5.109999242784932,0.9998350903876743,0.4090367360114371,1.4088043723095487,5688,24,0.0
