group,n,n_mis,structure,mean_s,max_s,p90_s,C,kappa,C_kappa
2046,3960,36,0.8055555555555556,0.1866592883913204,0.999999463558197,0.7743652343749998,0.1002619523546347,0.6353684075381486,0.06370327700422998
2535,3547,8,1.0,0.15315297075416257,0.9999761581420898,0.5780273437500002,0.08115667230447111,0.7687777524482826,0.06239144413041309
527,3302,9,0.7777777777777778,0.041671826162892785,0.9999999403953552,0.0673828125,0.021143304638013293,0.5597043557563207,0.011833999700978858
1997,3276,3255,0.38218125960061444,0.11658908530469342,0.999998927116394,0.6622314453125,0.06088678162685037,0.42448270817834177,0.025845385957228746
186,3259,632,0.9889240506329114,0.04310960910846281,0.9999988675117493,0.03271484375,0.02188928021783926,0.6124546958584578,0.013406192458377302
2107,3085,2852,0.9989481065918654,0.12496318749515899,0.9999879002571106,0.7520751953124999,0.06548241893696768,0.4668634516235296,0.030571348125570712
1148,2779,82,0.35365853658536583,0.1432003673352368,0.9999991059303284,0.7371093750000024,0.0755831584977531,0.6238691061323656,0.047153997530654135
3581,2775,1505,1.0,0.08343371943310575,0.9999977350234985,0.20117187499999978,0.04301976661130864,0.679130212653474,0.029216023247040854
4250,2332,111,0.6036036036036037,0.08367829990939048,0.9999166131019592,0.22065429687500004,0.04315334584865421,0.762987366262741,0.03292545769448987
917,2222,81,0.12345679012345678,0.6803858082751558,0.9999926090240479,0.9934871673583985,0.4730212676249322,0.4601191163295909,0.21764612766468672
1164,2180,16,0.625,0.29531794351722124,0.9999852776527405,0.9622406005859375,0.1662032083693296,0.7569214497998156,0.1258027734402938
1149,2095,168,0.9940476190476191,0.21336674843881465,0.9999961256980896,0.947003173828125,0.11589294863776478,0.6458836208617319,0.07485335729850223
1998,1887,1867,0.5120514193893948,0.22593400894679527,0.9999992847442627,0.9230712890625004,0.12337001089958159,0.41698085054699074,0.05144293207689905
3621,1680,12,0.3333333333333333,0.1894267539892878,0.9999964237213135,0.5671386718750003,0.10187388840684197,0.5223220616881747,0.05321097942485274
1156,1602,54,1.0,0.20187981316956985,0.9999829530715942,0.7664428710937503,0.10912701375684189,0.6550945328625117,0.07148851009971922
3591,1595,62,0.9838709677419355,0.09384667017616823,0.9999478459358215,0.25566406250000007,0.04858567860335202,0.5686756103777952,0.027629490435380596
821,1578,17,0.47058823529411764,0.17315511006970521,0.9998661279678345,0.42094726562499984,0.09250199170757856,0.681371451389769,0.06302821634623718
458,1578,49,0.10204081632653061,0.7975044330565497,0.9999997615814209,0.9976724624633789,0.6067725019858339,0.26399316082374646,0.16018379070017327
2197,1503,162,0.22839506172839505,0.6080290019631148,0.9999995827674866,0.9977367401123047,0.4031123191433535,0.2869239415468767,0.11566257549471347
5615,1484,29,1.0,0.22188950279812927,0.9999977350234985,0.7935913085937502,0.12095597566227324,0.5683657385007799,0.06874723243337029
2929,1405,1180,0.2559322033898305,0.2227751671207333,0.9999973773956299,0.983740234375,0.12148137452078941,0.2881190863178017,0.03500110263156052
1271,1369,8,0.5,0.7943079694071505,0.9999963045120239,0.9954421997070313,0.6026769006156024,0.5137449087755862,0.3096221893279157
4518,1349,24,0.25,0.7506705873360715,0.9999971985816956,0.9962665557861328,0.5495743583510211,0.47101328797182807,0.25885682551192213
4524,1295,5,0.2,0.6383819677194573,0.9999939203262329,0.9942779541015625,0.43149098126983676,0.49920234007397735,0.21540130757071924
29,1290,8,0.25,0.09832162127014278,0.9999987483024597,0.23217773437500033,0.05099280636584389,0.30410210929040016,0.015507019974490072
1648,1290,5,1.0,0.7679446864035703,0.9999966025352478,0.9963964462280274,0.5700131114875108,0.47665147252525686,0.2716975889492254
1649,1276,8,0.375,0.7713480073269632,0.9999988675117493,0.9973897933959961,0.5741245098548546,0.42564811485316467,0.24437501531071604
3075,1260,6,0.8333333333333334,0.07716274933209495,0.9999752044677734,0.10166015625000013,0.03969710150359842,0.42699783441010775,0.016950576374394757
2014,1253,1236,0.15857605177993528,0.3361615450117746,0.9999979138374329,0.9863021850585938,0.1927425662764161,0.3884569617968675,0.07487219170466797
4106,1242,192,0.8541666666666666,0.20249990262271125,0.9999207854270935,0.7967895507812501,0.10949319052729373,0.5787195197139239,0.06336584663390059
1273,1204,779,0.8818998716302953,0.8557548927409309,0.9999936819076538,0.995330810546875,0.6873135845223338,0.47846675879886646,0.32885670306483183
1291,1196,17,0.35294117647058826,0.8452106543308915,0.9999993443489075,0.9943351745605469,0.6717976543751055,0.4799010219351425,0.3223963808682448
2518,1195,10,1.0,0.04578839625274786,0.999992847442627,0.04765625000000007,0.02327751928289532,0.4680325919878321,0.010894637685020239
1515,1186,6,1.0,0.1498313279316759,0.9999756813049316,0.624267578125,0.07929457136826384,0.6536401559801873,0.05183011599753407
3222,1178,9,0.5555555555555556,0.12632555751120497,0.9999994039535522,0.5790771484374997,0.066234160369257,0.419220124793112,0.02776669297556691
1290,1148,19,0.3157894736842105,0.7585501590360748,0.9999889135360718,0.9959239959716797,0.5588072401273179,0.5022072670939335,0.28063705689664376
4544,1136,19,0.2631578947368421,0.889082453620266,0.9999874830245972,0.9945564270019531,0.7397674018824705,0.4767266524873418,0.35266683711868824
2077,1115,672,0.40922619047619047,0.19774940190293863,0.9999925494194031,0.7865966796875,0.10671823128646278,0.27355099382819115,0.029192878227998657
4358,1111,237,0.7721518987341772,0.10842454819717888,0.9999929070472717,0.34912109375,0.05645058149452482,0.47185072005213724,0.026636247525553387
2507,1111,7,0.7142857142857143,0.045108760240161666,0.9999938607215881,0.044921875,0.022923633743621028,0.5046626348316072,0.011568701404970528
1274,1093,813,0.7810578105781057,0.729911190865788,0.9999879598617554,0.9957801818847656,0.5259228617583651,0.45218937681842397,0.23781673111307727
4252,1088,19,0.6842105263157895,0.08204309779274113,0.9999986886978149,0.19130859375000087,0.04228550798059018,0.6784947359764859,0.02869049457292212
3628,1082,89,0.9213483146067416,0.22221423445920185,0.9999439716339111,0.8761474609375,0.12114911546331886,0.6430028099305565,0.07789922166351546
6,1076,612,0.14705882352941177,0.6616471336676729,0.9999999403953552,0.9998317956924438,0.4541485250013113,0.17115034105706062,0.07772767494453545
5090,1033,979,0.81511746680286,0.2825215949901422,0.9999997615814209,0.8546142578125,0.15809933750561836,0.4800427157217081,0.07589443532999994
3213,1022,5,1.0,0.36706915521108474,0.9999756217002869,0.9219482421874999,0.21354988090633614,0.6647195447571602,0.14195077961900554
7,1019,997,0.7622868605817452,0.08928073903178327,0.9999609589576721,0.2298828125000001,0.046142600008389524,0.4004510571497132,0.01847785295299595
5001,1015,969,0.6914344685242518,0.4731774540370321,0.9999931454658508,0.982867431640625,0.29035802583393533,0.4267552140588202,0.12391180146845752
1650,1011,10,0.7,0.8143025703882959,0.9999961853027344,0.9984979629516602,0.6287879343008991,0.4534188449339096,0.2851042988790927
1753,1004,9,0.5555555555555556,0.3134675441510174,0.9998995065689087,0.8263916015625006,0.17787056736077603,0.446241242245072,0.07937318293790845
1163,935,12,0.9166666666666666,0.2143347705111784,0.9999883770942688,0.9524230957031251,0.11646603753619901,0.5368967132122707,0.0625302327540422
3626,898,13,0.6153846153846154,0.2578948942616682,0.9999834895133972,0.8474487304687505,0.14276316640439657,0.6998565358055562,0.09991373508041314
2687,898,26,0.7692307692307693,0.2662276585144561,0.9999611973762512,0.8470825195312502,0.1479154426000573,0.4477745550734763,0.06623277149873698
5,892,676,0.22485207100591717,0.5594382763176221,0.9999998211860657,0.9985024452209472,0.36017591494125667,0.2521933825257465,0.09083398229334108
291,889,98,0.29591836734693877,0.8108974361312403,0.9999987483024597,0.9989740371704101,0.62424976189405,0.262286017070821,0.16373198370459874
2029,885,84,0.8928571428571429,0.3438861294654803,0.9999943971633911,0.94285888671875,0.19788510981469576,0.4306715731360169,0.08522349154408848
4488,867,8,0.5,0.6898993308706405,0.9999833106994629,0.9711883544921874,0.4828304317672386,0.6072096456601775,0.2931792953873355
3582,861,118,0.9152542372881356,0.2051041947286165,0.9999960660934448,0.89007568359375,0.11102137822065136,0.7370356974767502,0.08182671893168786
137,840,7,0.5714285714285714,0.2540458724612281,0.9999882578849792,0.8793823242187501,0.14039998993740208,0.624441163400782,0.08767153305796944
17,834,201,0.3383084577114428,0.7702343943450662,0.999999463558197,0.9997952461242676,0.5727756915736071,0.20488429995392043,0.11735274659868113
507,820,7,0.2857142857142857,0.06654678648564874,0.9999923706054688,0.11362304687500008,0.034095994129016385,0.49193104245908237,0.016772877935565783
2825,795,8,1.0,0.07517275930200733,0.999911904335022,0.09511718750000003,0.038644680216519726,0.7411497690038009,0.02864149581569935
3649,779,104,0.9807692307692307,0.11837164956277693,0.9999363422393799,0.26875000000000004,0.06187063103237015,0.5667840126954449,0.035067284524526066
671,766,81,0.1728395061728395,0.28817337136667015,0.9999831318855286,0.932830810546875,0.16166514953726374,0.334295954236675,0.054044005431374345
924,742,321,0.8940809968847352,0.8618048371651744,0.9999999403953552,0.9994845390319824,0.6964341514843293,0.3123253148423192,0.21751401562928654
15,732,441,0.1655328798185941,0.8382150876880343,0.9999998211860657,0.9993652820587158,0.6617564425271869,0.20148985704242073,0.1333372110017038
4359,732,71,0.9859154929577465,0.03843536012159671,0.9994268417358398,0.03603515624999998,0.019487003746852437,0.7674716859309358,0.014955723619339303
808,730,25,0.2,0.4105714235403766,0.9999991059303284,0.9931896209716797,0.2439746077328914,0.3630663515152174,0.08857897069193722
2679,725,363,0.2975206611570248,0.8102361773622447,0.9999998211860657,0.9985204696655273,0.6233772266821986,0.25571532428688404,0.15940710967409685
4548,721,26,0.8461538461538461,0.7665487698972969,0.9999740123748779,0.9957008361816406,0.5683340829337216,0.49665649871320694,0.2822668157292435
188,706,156,0.6025641025641025,0.28369775203402253,0.9999737739562988,0.9107666015625,0.1588415558885069,0.5030469770290706,0.07990476451630757
2124,706,671,0.5827123695976155,0.23968857864482546,0.9999960064888,0.9705123901367188,0.13164971545149376,0.34385886557080336,0.045268921807869705
1469,702,7,0.2857142857142857,0.1892884438194101,0.9999925494194031,0.8581665039062498,0.10179140528971732,0.33293403428739377,0.03388982321888874
911,696,5,0.6,0.45850864215486353,0.9999351501464844,0.9894561767578125,0.2791973252481077,0.4374794915695872,0.12214310389713083
4265,677,14,0.21428571428571427,0.8730622580167638,0.9999830722808838,0.9969730377197266,0.7138558471704847,0.5051702118651251,0.3606187095562721
2289,667,654,0.9954128440366973,0.11118524596430193,0.9999451041221619,0.34648437499999996,0.05795546962211817,0.6673834580799407,0.03867852173105618
1292,663,432,0.5370370370370371,0.9327934377153895,0.9999946355819702,0.997735595703125,0.8190327231532117,0.4457123574333234,0.3650530058516525
910,659,10,0.4,0.7613875580123415,0.9999904632568359,0.9958503723144532,0.5621683712592557,0.5412598803822685,0.3042791853824794
2796,638,11,1.0,0.42794139622520877,0.9999977350234985,0.9492126464843751,0.2565241572365061,0.7986108450747601,0.20486297399273679
3492,634,7,0.7142857142857143,0.22923719535114637,0.9999808669090271,0.832373046875,0.12535126095093238,0.7044229164862512,0.08830030082428493
3110,628,453,1.0,0.06258538090119696,0.9999130368232727,0.0687988281250001,0.03202217949865721,0.42307901496015166,0.013547912159169055
143,596,13,0.38461538461538464,0.14278815696703506,0.9999479055404663,0.73681640625,0.07535240001483563,0.48914017462251613,0.03685788610148239
285,593,16,0.75,0.09519485659382194,0.9999902248382568,0.23994140625000077,0.04931472723277461,0.6228913524241719,0.030717717140452117
1302,589,6,0.5,0.8040640802456285,0.9999884963035583,0.997198486328125,0.6152664526421079,0.49303086363966786,0.3033453505146533
1300,583,5,0.4,0.657589430976691,0.9999977946281433,0.9974872589111328,0.45013768298103635,0.4356547974942597,0.19610464112363868
485,573,7,0.2857142857142857,0.2502770996010532,0.9999937415122986,0.91004638671875,0.13809581883121708,0.5126420211664231,0.07079371968026732
113,571,203,0.5123152709359606,0.4584206364618291,0.9999683499336243,0.92254638671875,0.2791280993287455,0.6581437222155879,0.1837064062671829
918,565,431,0.48491879350348027,0.7787038606879986,0.9999136924743652,0.9963367462158204,0.5831139743539766,0.5062289237538882,0.2951891596630659
1917,546,102,0.24509803921568626,0.76002569993337,0.9999992847442627,0.9991018772125244,0.5605545920665616,0.2899480097429308,0.16253168832195997
3328,546,502,0.9322709163346613,0.1334201177179595,0.9999441504478455,0.6104736328125,0.07014889236314857,0.437859719105968,0.030715374305723016
1647,537,7,0.42857142857142855,0.8025527776286588,0.9999918341636658,0.9968708038330079,0.6132983986426037,0.4891195020072686,0.2999762073259256
1374,533,114,0.6140350877192983,0.5125383585971024,0.9999665021896362,0.92880859375,0.32128748874284035,0.695255802293,0.22337699075260667
4550,533,248,0.3185483870967742,0.4663159093534745,0.9999991655349731,0.9759765625,0.2851136928457383,0.42645820294349346,0.12158907308557672
688,531,480,0.45208333333333334,0.6034497624287722,0.999992311000824,0.9924659729003906,0.3989373144995271,0.4366107805279559,0.1741803322653651
1498,524,416,0.9399038461538461,0.7517183641440995,0.9999791383743286,0.9962869644165039,0.5507940929663656,0.5413955264100513,0.29819745790507224
4111,520,33,0.8484848484848485,0.25939442905095905,0.9999898672103882,0.9299987792968751,0.14369408439352108,0.5301055767541132,0.0761730354835817
4110,511,132,0.8636363636363636,0.35274580500130553,0.9997105598449707,0.9439697265625,0.20382730229103177,0.6701964918303366,0.136604342934691
356,511,264,0.8333333333333334,0.6212503260362405,0.9999530911445618,0.9798431396484375,0.4153127716690143,0.4852158404041381,0.20151633553595272
27,510,454,0.6541850220264317,0.23575787088450265,0.9999895095825195,0.9938373565673828,0.12927030246718152,0.34281280736074893,0.04431551529714765
818,500,52,0.6346153846153846,0.17517101192474366,0.9999979734420776,0.6960205078125004,0.09365832075737185,0.4242176377822666,0.039731511590346116
207,493,78,0.14102564102564102,0.9638752378750041,0.9999954104423523,0.9995540142059326,0.8869392759890953,0.24991745337151428,0.22166160515036934
2116,491,55,0.6727272727272727,0.3559838748269557,0.9999961256980896,0.984710693359375,0.20601511221261157,0.3224755118132493,0.0664348287520259
2791,490,17,1.0,0.12145068158908766,0.9996054172515869,0.5992431640625012,0.06356184384200395,0.41214179359452074,0.02619649232521835
2015,489,6,0.3333333333333333,0.5030790545457712,0.9999395608901978,0.94259033203125,0.31372705446625815,0.6147270912489966,0.1928565196381584
461,485,19,0.3157894736842105,0.7527569550828835,0.9999992251396179,0.9991986274719238,0.5520044228491188,0.243451771088248,0.13438645439116412
914,482,8,0.375,0.7161552903563155,0.9999958276748657,0.9948348999023438,0.5107570105225345,0.5139944643979127,0.2625262760610092
1264,480,5,0.2,0.8479796946048737,0.999964714050293,0.997622299194336,0.675830626101065,0.4999031592636851,0.33784986511507675
1146,476,32,0.84375,0.24738291719881425,0.9999761581420898,0.94439697265625,0.13632979859952019,0.4975813322648277,0.0678351628145449
110,475,13,0.38461538461538464,0.1828982008130927,0.9999697208404541,0.627734375,0.09810318353722802,0.4645848935994542,0.045577257085410806
3654,466,82,0.4634146341463415,0.4931102337499545,0.9999942183494568,0.90948486328125,0.3058398975497747,0.5331041287138075,0.1630445121091928
1502,464,357,0.8683473389355743,0.826108823305574,0.9999793171882629,0.997749137878418,0.6448115996337875,0.5172273721290096,0.33351420919688696
460,460,135,0.37777777777777777,0.5776321049617684,0.9999992251396179,0.9951595306396485,0.37591603757098685,0.4553433249128187,0.17117085843562524
525,459,7,0.8571428571428571,0.10259607986167625,0.9999709725379944,0.24150390624999996,0.05329930180327004,0.3741248619052905,0.019940593926796805
333,458,400,0.8225,0.1893628971024892,0.9999993443489075,0.9981121063232422,0.1018310258863789,0.2380535658206464,0.02424123882342705
3584,457,76,0.9868421052631579,0.460333617302208,0.9999908208847046,0.9813751220703125,0.2805781971637413,0.6732562532526707,0.1889010257668496
1721,454,92,0.30434782608695654,0.692258261242627,0.9999937415122986,0.996280288696289,0.48528798334031087,0.32169243111940515,0.156113471153778
1288,453,12,0.16666666666666666,0.7233185766811665,0.9999971389770508,0.998680305480957,0.5186090104477785,0.421278297365446,0.21847872091981893
3157,453,25,0.92,0.2850521889743426,0.9999947547912598,0.959991455078125,0.1596961814050764,0.33157666730117163,0.052951527611018574
1439,450,8,1.0,0.3197029764122433,0.9999892711639404,0.7956909179687501,0.181925963612831,0.6893298866789935,0.1254070038811995
3491,447,6,0.5,0.19543297552155703,0.9997963905334473,0.6831542968750001,0.10536709998858063,0.47991349337249334,0.05056709304204853
30,446,113,0.23893805309734514,0.9571680811488575,0.9999990463256836,0.9998505115509033,0.8711133061576608,0.25952381188753604,0.22607464579999034
484,443,35,0.4857142857142857,0.3367716719818976,0.9998565912246704,0.941253662109375,0.19314533031201658,0.5921638194130789,0.11437367649936447
1033,442,421,0.9168646080760094,0.47912163971775795,0.9999787211418152,0.991046142578125,0.294938553968623,0.32272691600457026,0.0951846099331412
145,442,147,0.7755102040816326,0.4603689508470475,0.9999867081642151,0.95234375,0.2805983721158149,0.6239494706883668,0.1750792057576801
221,436,40,0.375,0.8440763583970726,0.9999995827674866,0.9991276264190674,0.6701547987140474,0.34216491914680003,0.22930346251783207
1592,436,325,0.9876923076923076,0.5775867141441468,0.9999980926513672,0.9974308013916016,0.37587114820982737,0.4547674319503162,0.1709339568155999
445,432,300,0.8566666666666667,0.06117726062183027,0.999942421913147,0.08627929687500005,0.031287429889303026,0.3626288491723476,0.011345724694318467
1005,431,408,0.9877450980392157,0.12578205567224948,0.9999255537986755,0.34033203125,0.06593413118221639,0.4691991958064876,0.03093624132689539
2193,430,20,0.85,0.3620107700658399,0.9997828006744385,0.81278076171875,0.21009892948617193,0.7124874523659586,0.14969285101441782
4545,428,423,1.0,0.13693639622113415,0.9999805092811584,0.41552734375000006,0.07210613075152521,0.3303494614821356,0.02382022146332681
4592,427,9,0.2222222222222222,0.45677660220679966,0.9999841451644897,0.9965629577636719,0.2778908292234857,0.3766585738314252,0.10466996341615026
4894,424,15,0.5333333333333333,0.225428506872564,0.9999920725822449,0.8605590820312499,0.12307048680974536,0.4230491058855742,0.05206485940576513
4112,423,82,0.3902439024390244,0.5668577384159639,0.9999314546585083,0.9829315185546875,0.36655097438338946,0.5806562935735273,0.2128401301912239
349,422,15,0.26666666666666666,0.32644712670719456,0.9999562501907349,0.9247924804687503,0.18634072102099977,0.4860675780422524,0.09057418295732439
288,419,82,0.4634146341463415,0.14702220620289622,0.9999498128890991,0.47929687499999957,0.07771974445275978,0.3941426442184224,0.030632665586590804
1287,419,26,0.2692307692307692,0.9431660748609211,0.9999827742576599,0.9984352111816406,0.8402965432548598,0.48413222319908966,0.40681463363248527
1443,419,24,1.0,0.15860422343229053,0.9999644160270691,0.5664062499999996,0.0842427575497952,0.5270175685238188,0.04439741324963464
2662,418,35,0.5428571428571428,0.701213877594642,0.9999246001243591,0.946685791015625,0.4947073503123284,0.5038755960246233,0.24927096099638657
2572,415,32,0.375,0.1996328069503049,0.999999463558197,0.7420898437500001,0.1078159735854306,0.40605190765627386,0.043778881750182526
283,413,44,0.22727272727272727,0.5252191063566878,0.9999904036521912,0.9890274047851563,0.3315782025732029,0.27365585480736965,0.09073831646066102
1283,412,6,0.6666666666666666,0.8853761912549584,0.99990314245224,0.9978250503540039,0.7336485796279695,0.4821886009400109,0.3537569821924368
161,408,51,0.27450980392156865,0.764652362787256,0.9999586939811707,0.9953132629394531,0.5660604990872071,0.4593309222432438,0.2600090910911977
3965,407,34,0.7058823529411765,0.8571496764037767,0.9999939203262329,0.9987560272216797,0.6894057253873254,0.36584154320440654,0.2522132544696524
2007,406,6,0.8333333333333334,0.32599160706468405,0.9999988675117493,0.970367431640625,0.18604298386800905,0.48172944385489136,0.08962238315184053
3235,404,7,1.0,0.11316864089210435,0.9998867511749268,0.17939453125,0.05903731839334648,0.47260498651464,0.02790133106314802
4249,402,163,0.9447852760736196,0.30480123129650133,0.9998260736465454,0.9776641845703126,0.17227480050655775,0.7978442438609217,0.1374484579464457
2577,402,136,0.4338235294117647,0.30306563982323037,0.9997856616973877,0.9271728515625001,0.17115827828581154,0.36954242265810033,0.06325024481572812
3171,401,120,0.7166666666666667,0.33442216115699447,0.9999963045120239,0.976593017578125,0.19160089207890282,0.4076789980426955,0.07811165970681373
3779,392,31,0.1935483870967742,0.48623246289029415,0.9999995231628418,0.9728683471679688,0.30045941030864154,0.4097899520364796,0.12312524733928716
292,392,29,0.8620689655172413,0.5698394083550998,0.999997615814209,0.9985614776611328,0.3691299691300075,0.3418759530120886,0.12619665998164417
278,384,109,0.25688073394495414,0.8125720368698239,0.9999985098838806,0.9982411384582519,0.6264801528893634,0.29238784759172975,0.18317518346225875
134,382,17,0.4117647058823529,0.25878702907662116,0.9999862909317017,0.8036499023437507,0.143317367459628,0.4861399519307936,0.06967229812767145
2044,382,9,0.4444444444444444,0.6866162946711036,0.999998927116394,0.9985775947570801,0.4794275159172549,0.3751475607747098,0.17985606316463654
3064,379,31,0.22580645161290322,0.7473627478277463,0.9999943375587463,0.9934768676757812,0.5457377628023359,0.20398668929361896,0.11132323945655481
1507,377,15,0.8666666666666667,0.20138524286943027,0.9999967813491821,0.9105102539062508,0.10884300718746569,0.779620430849193,0.0848562321584138
282,374,59,0.1016949152542373,0.9346800859280449,0.9999980330467224,0.9992263317108154,0.8228186889404476,0.22417489672282342,0.18445529461483381
3108,371,86,1.0,0.33168266388283907,0.9999902248382568,0.9617919921875,0.18978693198657803,0.3264096510589982,0.06194828624529676
3450,369,150,0.8333333333333334,0.510610085515795,0.9999526739120483,0.9431396484375,0.31974593370191,0.5901002885132426,0.18868216772843324
4819,369,7,0.7142857142857143,0.5883477829336151,0.9999236464500427,0.94725341796875,0.3853706733209832,0.5156258053730916,0.19870706379830252
916,366,9,0.2222222222222222,0.9104180912502476,0.9999884366989136,0.9978961944580078,0.7766683878021902,0.45102093741147387,0.35029370432440193
666,365,329,0.9057750759878419,0.22188935949377817,0.9999561309814453,0.9052368164062504,0.1209602262897169,0.47505596795824756,0.05746287738451012
3437,365,13,0.3076923076923077,0.5071896455059313,0.9997625350952148,0.97545166015625,0.3170002625593043,0.5962319455867017,0.18900568329722928
3907,365,12,0.5833333333333334,0.1129266815642788,0.9999890327453613,0.3993164062500002,0.05889793394161135,0.4059745036920087,0.023911059500430383
2439,360,99,0.24242424242424243,0.6589697716964615,0.9999898672103882,0.9831115722656251,0.4514922923435732,0.4151934532227224,0.18745664396157105
2686,354,26,0.8461538461538461,0.3298808006243517,0.9997129440307617,0.7834716796875,0.1885913027444378,0.38046256476141826,0.0717519307338459
1447,353,29,0.9310344827586207,0.39510586106405715,0.9997720718383789,0.95264892578125,0.23300423703819392,0.7266387437007431,0.1693099060783834
2009,353,27,0.5185185185185185,0.440712432348019,0.9999887347221375,0.9598571777343751,0.26590276414091113,0.5956340738717656,0.1583807466590141
2698,351,28,1.0,0.5762172344743017,0.9999879598617554,0.9869842529296875,0.3746777205076789,0.7278837249122476,0.2727218148447593
135,349,20,0.8,0.5002563764850868,0.9999927282333374,0.9845138549804687,0.3114853513445069,0.38543706207439943,0.12005799870143882
2324,348,39,0.5128205128205128,0.3592966140686781,0.9999904036521912,0.9484771728515625,0.20826057465392672,0.377967996829625,0.07871583222053126
454,347,11,0.2727272727272727,0.29772727788353515,0.9999793171882629,0.9587097167968751,0.1677404225662395,0.4926695058284072,0.08264059109315741
1553,347,12,0.25,0.21940498393275895,0.9999812245368958,0.6259277343750014,0.11947207750615477,0.5220743458174337,0.06237330670747549
685,344,319,0.14106583072100312,0.6517210885189301,0.9999730587005615,0.9936126708984375,0.4443796202960647,0.4483343497780834,0.19923064812006777
1143,341,8,0.625,0.3578324162365754,0.9999186396598816,0.951751708984375,0.20726065769869503,0.5795161352720541,0.12011089534349186
1301,339,5,0.2,0.9477370400696026,0.9999316930770874,0.9980852127075195,0.8500657189670011,0.5017350699078705,0.42650778293219255
1024,337,304,0.618421052631579,0.2032653210071145,0.9997665882110596,0.545166015625,0.10994197308353348,0.196948924141799,0.02165295331682854
2516,336,10,0.6,0.2522730343043804,0.9999962449073792,0.901641845703125,0.13931233043368368,0.5069504590662359,0.07062444986694309
1027,330,92,0.9239130434782609,0.29825939120668354,0.9997358322143555,0.8653808593750001,0.16808285156875755,0.4850935605492763,0.08153590893476412
4578,328,6,0.6666666666666666,0.9157402606272116,0.9999421238899231,0.9975563049316406,0.7863664561150651,0.5284971769204798,0.41559245208177426
3104,327,9,1.0,0.11359467309549315,0.9999358654022217,0.39609375,0.05927173219414686,0.33612367346869954,0.019922632357949624
5618,323,192,0.9375,0.34765357314248574,0.999985933303833,0.9613342285156251,0.2004051797981207,0.579124342325963,0.11605951794930301
811,322,36,0.2777777777777778,0.6314429748132362,0.9999808073043823,0.9928638458251954,0.4248905791646145,0.29771697242252526,0.1264971368397423
2678,321,31,0.3225806451612903,0.7613515532648081,0.9999899864196777,0.9983377456665039,0.5621264958223302,0.35946607226882665,0.20206540357149202
3082,313,89,1.0,0.24094492025649586,0.9997870922088623,0.8476074218750002,0.1324168541817993,0.3799146568913464,0.05030710372310973
131,311,15,0.3333333333333333,0.45355314495479176,0.9999882578849792,0.9934005737304688,0.27546952949234793,0.37272059873357943,0.10267316796524534
67,310,59,0.6101694915254238,0.798079832907646,0.9999983906745911,0.9992462635040283,0.6075102976924458,0.3680434198063296,0.2235901675302891
2050,309,21,0.47619047619047616,0.5510981300887938,0.9999949336051941,0.9940597534179687,0.3530908447713161,0.29539461347281015,0.10430113361201092
1001,309,42,0.4523809523809524,0.6156856218973795,0.9999764561653137,0.9964698791503906,0.41014905021619613,0.3205229102384298,0.13146216720682308
1512,307,10,1.0,0.3149673263102479,0.9993906021118164,0.9102661132812501,0.17884989030514303,0.4403277337497604,0.07875256687945688
1217,300,21,0.5238095238095238,0.16102563142776488,0.9998887777328491,0.5955078125000001,0.08560536538972015,0.40815125014776055,0.03493993690317011
281,298,46,0.9347826086956522,0.30139863271041206,0.9999980330467224,0.9527954101562501,0.17008829057897631,0.3869734048898046,0.06581964493723294
146,298,280,0.8642857142857143,0.45085853818278987,0.9999979734420776,0.9542633056640626,0.2734476680402345,0.7059817185138613,0.19304905460665261
2288,298,242,0.47107438016528924,0.33075234133925213,0.9999448657035828,0.9189147949218751,0.18916794407896614,0.692949859961209,0.1310839003586694
4251,297,62,0.9516129032258065,0.3702039786862203,0.9999152421951294,0.9630004882812501,0.21569402202990876,0.7598562489178513,0.16389645049365084
1581,296,235,0.9659574468085106,0.7072391842265386,0.9999783039093018,0.9982848167419434,0.5011236730774771,0.39063177167403207,0.1957548282420533
5089,296,33,0.21212121212121213,0.6575830941264694,0.9999597668647766,0.9888801574707031,0.45012987932446774,0.5448328136653431,0.2452455286671911
2094,295,33,0.3939393939393939,0.9169815493842303,0.9999865293502808,0.9976970672607421,0.7886600170675706,0.5151190171638464,0.40625377286826936
2327,293,222,0.9099099099099099,0.15797840979318978,0.999997615814209,0.864990234375,0.0838815054401648,0.2999291296433625,0.025158506919843605
3441,292,29,0.5172413793103449,0.535271970988953,0.9999334812164307,0.9624176025390626,0.3398487551156137,0.4432643171301027,0.150642826363838
4350,292,252,0.9920634920634921,0.09608909487724304,0.999973475933075,0.30791015625000023,0.04979127949880238,0.29574790392964356,0.014725666545745838
2872,292,88,0.3522727272727273,0.7687687232886276,0.999997079372406,0.9991455554962159,0.5710006344571946,0.42266545153321977,0.24134224098860513
2058,291,38,0.13157894736842105,0.9289214746239259,0.9999954700469971,0.9982223510742188,0.8113815539644224,0.23773898081214995,0.19289702368928022
2243,290,218,0.28440366972477066,0.4478490971285721,0.9999966621398926,0.9988328456878662,0.27120415265368586,0.24169323975185486,0.06554821028902594
125,289,46,0.1956521739130435,0.7108105165323172,0.9998675584793091,0.9877914428710938,0.5049625476737394,0.38387435254716884,0.1938421710488256
3098,286,108,0.2222222222222222,0.8954050757668235,0.9999999403953552,0.9999213814735413,0.750397312520735,0.1999400988213066,0.15003451282063865
353,284,17,0.7058823529411765,0.4475243907998985,0.9998809695243835,0.9444183349609377,0.2709581019332038,0.5658773927770027,0.1533290642737667
5448,283,115,0.3739130434782609,0.7950359707165101,0.9998930096626282,0.9963050842285156,0.603606946234544,0.4165142197793452,0.2514108762642743
823,283,118,0.8898305084745762,0.680493596164582,0.9998804330825806,0.9635498046875,0.47313697208918604,0.6830548968908134,0.3231785256856107
1252,282,17,0.8235294117647058,0.4746449832797896,0.9999948740005493,0.92255859375,0.29149423700943405,0.5393920416529908,0.15722967163059942
216,281,10,0.4,0.3860861272998552,0.999976634979248,0.9888992309570312,0.2266826840750859,0.41761446560241733,0.0946659679713386
1298,277,53,0.9433962264150944,0.8586164669870039,0.9999991059303284,0.9986719131469727,0.6916089274052951,0.4656008301720317,0.3220136907542938
2174,275,194,0.27835051546391754,0.800385152426633,0.9999907612800598,0.9991673469543457,0.6104856019751417,0.25221805721499047,0.1539754924878942
1066,275,80,0.9875,0.23796627088026567,0.9999857544898987,0.743701171875,0.1306044919782909,0.6157932852638035,0.08042536918552183
46,274,10,0.7,0.43605662523394956,0.9999810457229614,0.9602325439453128,0.2624679074577595,0.5240041746136791,0.13753427920998276
3430,274,8,0.875,0.4106679078001175,0.9999068379402161,0.90576171875,0.2440381555062558,0.5989869076647845,0.14617566011890995
1914,273,15,0.9333333333333333,0.5622748472751715,0.9999926686286926,0.996945571899414,0.3626082923103784,0.7302274908203888,0.2647865434444737
2000,268,8,1.0,0.5581126893634227,0.9999297857284546,0.9883430480957032,0.3590461166601391,0.42730243191360096,0.1534212788180119
293,267,28,0.6785714285714286,0.6549926284100679,0.9999270439147949,0.9853897094726562,0.44758358271835974,0.3877536574314199,0.17355217120530245
2304,266,259,0.8918918918918919,0.1544919878916633,0.9999993443489075,0.908447265625,0.08192542121256807,0.20406794743307477,0.01671835254943885
2075,265,11,0.36363636363636365,0.32455613658113297,0.999997615814209,0.8197021484375,0.1850979226119535,0.36310817642557935,0.06721056913978946
996,265,212,0.5990566037735849,0.47899164456241533,0.9999896287918091,0.9961132049560547,0.29483400299612006,0.27200050109415075,0.080194996554539
4389,264,214,0.8598130841121495,0.345502556950757,0.9999863505363464,0.9872451782226563,0.19896936451505803,0.4702945961121736,0.09357421692330507
1092,264,173,0.9479768786127167,0.2796819088133899,0.9999871253967285,0.8563720703125004,0.15631299867687892,0.44285951510237676,0.06922469879824106
698,263,243,0.205761316872428,0.54439422295574,0.9999956488609314,0.9930770874023438,0.34744006436531694,0.20283894521776236,0.07047437618225234
2523,262,10,0.4,0.7907676319129594,0.9999942183494568,0.9981350898742676,0.5981770070337942,0.4131275345081642,0.24712339211534418
696,260,199,0.271356783919598,0.6920503244950221,0.9999952912330627,0.99842529296875,0.48506857259456637,0.2978673305583709,0.14448608085650283
2672,260,33,0.7878787878787878,0.5251139941123816,0.9999935030937195,0.9927963256835938,0.3314899950012907,0.25311127065242633,0.08390385384334315
142,259,18,0.4444444444444444,0.5753081931110514,0.9999232292175293,0.9900238037109376,0.37388172450026663,0.6062033479087552,0.2266483531139605
160,258,9,0.2222222222222222,0.8074974500855734,0.999988853931427,0.9975181579589844,0.6197600850723577,0.4804083284431028,0.2977379065053665
1440,257,53,0.9811320754716981,0.24670697394975893,0.9999845027923584,0.73017578125,0.135920020715753,0.5698975876250065,0.07746049191584854
2673,251,21,0.6190476190476191,0.5367577225563536,0.9999830722808838,0.984100341796875,0.3410831905411703,0.2773057504563099,0.09458433012105177
2191,250,8,0.25,0.41626460433006285,0.9999997615814209,0.8775390624999999,0.2480624847301187,0.5662039011132654,0.140453946574043
4741,249,17,1.0,0.7089607595918648,0.9999381303787231,0.928173828125,0.5029807846962511,0.7505724329413148,0.3775235112921968
2848,248,224,0.8080357142857143,0.3367276376774234,0.9999823570251465,0.9660049438476563,0.1931312132315147,0.29902719971546754,0.057751485870270694
68,243,12,0.5833333333333334,0.8791839791914072,0.9999983310699463,0.9996722221374512,0.7235898408646386,0.3149164874276099,0.22787037102339522
2334,243,73,0.2191780821917808,0.9577915038100977,0.9999861121177673,0.9994192123413086,0.872550807625742,0.1927923166254163,0.16822109157554474
47,242,100,0.59,0.686828955392207,0.9999998807907104,0.9996514320373535,0.47964979943800173,0.23774162206124472,0.11403272133974124
3158,242,51,0.13725490196078433,0.41457086752268896,0.9999987483024597,0.999682879447937,0.24684311015516042,0.4683620539796297,0.11561194608299093
1635,242,19,0.3157894736842105,0.9197096750755941,0.9998959898948669,0.9976276397705078,0.7937485148721801,0.5239716892766855,0.4159017501984365
3811,242,5,1.0,0.293158613945827,0.9998092651367188,0.8177734375000001,0.16483413890812518,0.4095247978577238,0.06750366741640193
4109,241,13,0.38461538461538464,0.4863296403429815,0.9999313950538635,0.96722412109375,0.30053721641637077,0.5014488717422737,0.15070404808855267
537,241,30,0.7333333333333333,0.48101006108200894,0.9996981620788574,0.9752349853515625,0.29640722011691745,0.6168947196022249,0.18285204894210072
1497,241,6,0.3333333333333333,0.5853503052129785,0.9999885559082031,0.9986190795898438,0.3827184850448994,0.4225677695464636,0.16172449658962473
1289,240,33,0.9393939393939394,0.9562118681768577,0.9999721050262451,0.9990025043487549,0.8689192486486917,0.432756425601206,0.37603038818129336
2579,240,102,0.6372549019607843,0.6523856279750665,0.9999976754188538,0.9975872039794922,0.4450312580825167,0.2637525717205379,0.1173781388152902
25,239,73,0.2191780821917808,0.45119364466128487,0.9999996423721313,0.9997393131256104,0.2737022383255904,0.264465564328772,0.0723848169168253
3967,239,7,0.7142857142857143,0.5619529779984861,0.9997091293334961,0.9855911254882812,0.36232487208622527,0.3967609582128253,0.1437563634332701
2680,239,44,0.8409090909090909,0.4402440262638874,0.9991030693054199,0.971722412109375,0.2655543588442281,0.434708479541435,0.11543873156877503
220,236,211,0.43601895734597157,0.31089418495105486,0.9999832510948181,0.9453887939453125,0.1762039223866818,0.4413000268426217,0.07775879567901792
1559,236,6,0.6666666666666666,0.43515531642962313,0.9999887943267822,0.9783096313476562,0.26180140711163347,0.3149938012150393,0.08246582038953944
518,234,55,1.0,0.17395279142591688,0.999976634979248,0.43696289062500054,0.09295926654874113,0.45445019351909466,0.04224535667246851
2184,232,10,1.0,0.5781033491266185,0.998997688293457,0.9244140625,0.37633046571745565,0.7608992590615711,0.286349572526708
4327,231,36,0.4166666666666667,0.3968958565683076,0.999875545501709,0.955810546875,0.23426048608713668,0.36722003494573663,0.08602514388732357
3306,231,40,0.975,0.4218143601438184,0.9999592304229736,0.973388671875,0.2520673819419548,0.6223840871723811,0.1568827274158755
132,230,17,0.29411764705882354,0.6494868586892667,0.9999905824661255,0.9929416656494141,0.44220414607470226,0.27389951725027084,0.1211195021359292
5436,230,13,0.3076923076923077,0.9037255608517191,0.9999964237213135,0.999393892288208,0.7647664841985362,0.25429552369875685,0.19447669360652384
672,229,5,0.6,0.47337385686724465,0.9999726414680481,0.9922187805175782,0.2905072044377568,0.39619138418090016,0.1150964514407186
1465,228,82,0.34146341463414637,0.8586354200777254,0.9999963641166687,0.9996749639511109,0.6916386543243899,0.32488997013051046,0.22470646174455747
2933,226,15,0.2,0.956426373888961,0.9999988079071045,0.9995466470718384,0.8694091685026009,0.20270893467925055,0.17623700634753525
26,225,154,0.5454545454545454,0.658837821483612,0.9999879598617554,0.999482536315918,0.45136632836966534,0.2542896626844343,0.11477779138823381
2053,225,59,0.7966101694915254,0.4884983248180813,0.9999918341636658,0.96873779296875,0.3022251416713342,0.262673966179654,0.07938667664201718
2074,224,21,0.3333333333333333,0.3825204627854483,0.9996886253356934,0.9631347656250001,0.22419386943192926,0.4210707989523307,0.09440149172191696
1548,223,5,0.4,0.2640725914138315,0.9996738433837891,0.8589355468750005,0.14657809013870093,0.3965179309660317,0.05812084102675019
704,219,6,0.6666666666666666,0.8771035257539793,0.9999977350234985,0.9989536285400391,0.7202593340976837,0.49024358160253134,0.3531025156307027
2674,219,13,0.38461538461538464,0.5861735997134692,0.9999116659164429,0.98218994140625,0.3834353420479591,0.43535209163483457,0.16692937816729722
2864,218,204,0.9901960784313726,0.3383544191307978,0.9991707801818848,0.8411743164062503,0.19420551287336893,0.6292514299658953,0.1222040966828275
1895,217,7,0.5714285714285714,0.8350453610244435,0.9999901056289673,0.9927093505859375,0.6572627190215962,0.4990925935338555,0.3280349550696022
3555,215,36,0.6666666666666666,0.3028111455052398,0.9999927878379822,0.87496337890625,0.17100712816492145,0.29318494930631733,0.05013671620205141
3488,214,37,0.4864864864864865,0.20330095096169232,0.9999997019767761,0.6788085937500009,0.10997234203944703,0.5300655156475922,0.05829254619011287
2127,214,184,0.5380434782608695,0.5070952770308913,0.9999991059303284,0.9913055419921875,0.31692883128416244,0.28843910249064897,0.09141466764901413
2344,214,10,1.0,0.2995205758330978,0.9999960064888,0.9705291748046876,0.16888138745985173,0.2156399741848939,0.03641757803215149
2587,214,11,0.7272727272727273,0.4725485513700503,0.9998810887336731,0.9957511901855469,0.2898819267337758,0.2223043094626248,0.06444200154824722
2525,213,13,0.3076923076923077,0.8381613565722542,0.9999927282333374,0.9967910766601562,0.6616809676605575,0.5116948245293579,0.3385787266414847
1555,213,5,0.2,0.5380189469162847,0.9997725486755371,0.989361572265625,0.34212601053855757,0.3136790325741813,0.10731775600419889
5423,213,12,0.4166666666666667,0.8612324466727709,0.9999992847442627,0.9995559692382813,0.6955640559729954,0.2554694840295465,0.17769539048891975
1482,211,9,0.7777777777777778,0.34961163178439386,0.9999950528144836,0.9822998046875,0.20172196968218484,0.5498931738355941,0.11092553414090411
3333,210,95,0.9052631578947369,0.5894536112036024,0.9999598264694214,0.984228515625,0.3863540074450149,0.5795266675938473,0.22390245044613796
205,209,40,0.4,0.43441933992376736,0.9999839067459106,0.9169799804687503,0.2612531789866145,0.5188932981621899,0.1355625236997213
5612,209,36,0.6388888888888888,0.43107991412495883,0.9999337792396545,0.9787322998046876,0.25881609377963316,0.2631546986341453,0.06810867116024606
1429,207,7,0.42857142857142855,0.34130528929152926,0.9999894499778748,0.9861572265625,0.1961636637379232,0.29272975589939887,0.057422941402334025
519,207,7,0.2857142857142857,0.46933771302734595,0.9999867081642151,0.9914566040039062,0.2874252567885054,0.3452526749527891,0.09923433875522379
781,207,6,0.8333333333333334,0.9420714027063858,0.999999463558197,0.9995249748229981,0.8379900995934051,0.3454388150667794,0.28947430704123833
1155,206,9,1.0,0.5840652538734732,0.99998939037323,0.9929237365722656,0.3815824639341149,0.5656746726102764,0.21585153535975302
1444,206,56,0.7142857142857143,0.289837608638319,0.9998999834060669,0.8695068359375,0.16272101218537743,0.5718771926335555,0.09305643563106422
3648,206,6,0.6666666666666666,0.9102933103019751,0.9999998211860657,0.9995321035385132,0.7764457152328494,0.24531607200349403,0.19047461298486612
3653,206,193,0.9222797927461139,0.1730660234840171,0.9994773864746094,0.902130126953125,0.09245346250314851,0.6167654090307028,0.057022097617059134
3854,206,137,0.5912408759124088,0.27725410895440183,0.999989926815033,0.873809814453125,0.15479323529412514,0.3196116078116712,0.04947371481072566
3749,205,5,0.6,0.17584606670751804,0.999975323677063,0.9107788085937496,0.09404825875452368,0.3754309702798554,0.03530862903734173
2293,205,155,0.9612903225806452,0.3150199605197441,0.9998384714126587,0.9486572265625,0.17887968391216133,0.21137122584797752,0.037810018067812284
93,204,27,1.0,0.3402599087532829,0.999910295009613,0.7787719726562501,0.1954684689744155,0.6835527712982636,0.1336130136688904
512,204,107,0.5420560747663551,0.39828111377416875,0.9997601509094238,0.7064697265625005,0.23523767714572896,0.6049794046736998,0.1423139498764471
602,203,5,0.6,0.4168363674520859,0.9999870657920837,0.946990966796875,0.2484763446670522,0.6061403861789117,0.15061154751281142
279,202,62,0.6290322580645161,0.3242721613680962,0.9999595880508423,0.9783828735351563,0.18491539823213102,0.37003658432462805,0.06842546235084612
2006,202,5,0.6,0.34114308788044617,0.9999998211860657,0.7222167968750002,0.1960564120022322,0.5101454600019037,0.10001728848720151
1646,199,5,1.0,0.9457919714438855,0.9999802708625793,0.9963764190673828,0.8458762937735691,0.5462308776469025,0.46204375032864575
2189,197,29,0.7586206896551724,0.4262442939777665,0.9997766017913818,0.9778594970703125,0.2552839968385843,0.3125557220573628,0.07979047396157325
1656,197,31,0.967741935483871,0.3774062198430754,0.9999644756317139,0.8848632812500002,0.22065343525592893,0.3639061021283898,0.08029713154522412
887,197,190,0.9473684210526315,0.09862948008600225,0.9999973773956299,0.10732421875,0.051152371011663395,0.17122469300266663,0.008758549022830568
1311,197,149,0.9664429530201343,0.2938950001285766,0.9991436004638672,0.979644775390625,0.1652942005801714,0.666606276176695,0.11018615152235177
39,196,51,0.3333333333333333,0.9384052400686302,0.999998152256012,0.999895304441452,0.8303895213694266,0.1797712918425648,0.14928019698911088
5565,196,12,0.5,0.9356122774129011,0.9999908804893494,0.9995898008346558,0.8246999771819621,0.2713656747053299,0.2237952657374533
383,195,143,0.9790209790209791,0.4478862062478677,0.9999970197677612,0.9990139961242676,0.2712255153810628,0.5556750541192852,0.1507132529379031
2177,195,36,0.9444444444444444,0.2285110681484907,0.999994695186615,0.95748291015625,0.12491837306617179,0.31383537837838427,0.03920380487763419
1337,193,63,0.15873015873015872,0.9736231448119168,0.9999969601631165,0.999873423576355,0.911550114380793,0.250542869274735,0.22838238114467677
850,193,46,0.8913043478260869,0.3918495882360429,0.99967360496521,0.973663330078125,0.2307019318095776,0.364660752632911,0.08412794008754708
5142,192,177,0.192090395480226,0.7442797844608625,0.9999063014984131,0.9884857177734375,0.5421875244732376,0.4499992466406373,0.243983977550909
2137,192,22,0.8636363636363636,0.5238445025558273,0.9999882578849792,0.9977718353271484,0.3304581181478862,0.33164153911475736,0.10959363891553131
2684,192,19,0.47368421052631576,0.5337442507346472,0.9997835159301758,0.9658203125,0.3385756696157884,0.5193142906534725,0.1758271836990476
1310,188,20,0.8,0.37550071896390713,0.9999915361404419,0.9538848876953125,0.21933256232773493,0.2920837463372875,0.06406347649844144
2023,186,92,0.5434782608695652,0.9073108729495797,0.9999998211860657,0.999406099319458,0.7711023607221071,0.2954564861551462,0.2278271939648918
2093,186,13,0.7692307692307693,0.44512129759275787,0.9999417662620544,0.987518310546875,0.2691641992697531,0.2730172896276327,0.07348648014942002
1540,186,144,0.8819444444444444,0.21501265898827585,0.999926745891571,0.90179443359375,0.11687370473492478,0.39494852729730645,0.046159097564838776
3702,185,135,0.9407407407407408,0.3551376826054341,0.9999932646751404,0.7992675781249999,0.20544332398783335,0.4284259042622316,0.08801724185412611
371,185,28,0.39285714285714285,0.8317797254871677,0.9999997615814209,0.9994241714477539,0.6526848127864562,0.27049934538472586,0.17655081460128874
1688,183,153,0.8235294117647058,0.8440763018821758,0.9999971985816956,0.98115234375,0.6701543766938135,0.48783692180713767,0.326926048261891
5279,183,173,1.0,0.6298026709608693,0.9999630451202393,0.97529296875,0.4233362326184123,0.5223441408572593,0.22112720072081346
1556,183,6,0.5,0.20216701330382966,0.9993720054626465,0.840039062500001,0.10929734788045155,0.3448595188129049,0.03769223079757919
1603,183,120,0.9666666666666667,0.8597861039833944,0.9998998641967773,0.9985973358154296,0.6933712977603271,0.4147617003538462,0.2875838584356263
727,182,12,0.5,0.38857193209312774,0.9999778866767883,0.954541015625,0.22841910660405385,0.3237324714997205,0.07394668191868849
1065,182,11,0.7272727272727273,0.5862719239769402,0.9998910427093506,0.9899345397949219,0.38353036297979526,0.5332903603132724,0.20453304546457515
1295,182,12,0.5,0.9042738473022377,0.9999827146530151,0.9987668037414551,0.7657264643896813,0.3983484997201857,0.30502598828567173
915,180,11,0.2727272727272727,0.8819753312402301,0.9999915361404419,0.9980038642883301,0.7280990742123892,0.4917024224285147,0.35800807855819067
95,179,6,0.8333333333333334,0.2624867928094704,0.9999796748161316,0.9402282714843752,0.14559487866597703,0.2522285124653718,0.036723179668495684
359,179,100,0.65,0.674812999517558,0.999992311000824,0.9960826873779297,0.4673491336290768,0.48824857106174036,0.2281825466813391
702,179,154,0.7142857142857143,0.29063480559674054,0.9999914169311523,0.9981422424316406,0.16322491029725456,0.37394967931999035,0.061037902862692534
3597,178,134,0.7089552238805971,0.4416994834214114,0.9999972581863403,0.9997461795806885,0.2666351873638237,0.38585956688550427,0.10288373791264029
3814,178,5,0.6,0.18817737263240172,0.9999935626983643,0.5403564453125005,0.10115129081039231,0.4819121940831643,0.048746040488780375
4108,178,6,0.5,0.4280213700251633,0.9999442100524902,0.9713302612304687,0.2565876908865483,0.4814335560603288,0.12352992446481938
4001,178,171,1.0,0.11769113547346566,0.9999986290931702,0.2616699218750008,0.06150478447274266,0.34948516304537836,0.02149500962952732
2974,176,16,0.4375,0.3586733009327542,0.9999388456344604,0.7047119140625,0.20783014903883795,0.5694507204634689,0.1183490281041964
3111,175,11,0.6363636363636364,0.4626745663370405,0.9999691843986511,0.9716613769531249,0.2823565969111791,0.44044058203179925,0.12436130388407785
350,174,6,0.3333333333333333,0.7240731013917375,0.9999935030937195,0.9795578002929688,0.5194328211602901,0.6419076604453177,0.3334279069895129
667,174,43,0.16279069767441862,0.8170106061573686,0.9999964237213135,0.9986505508422852,0.6324188025825844,0.39974003342373066,0.25280311328215804
1278,174,7,0.42857142857142855,0.9674273431301117,0.9999602437019348,0.9989114761352539,0.895667162743458,0.4148321440459515,0.37155152947242287
3696,174,42,0.8571428571428571,0.4887548342518423,0.9998658895492554,0.963226318359375,0.3024218172848299,0.32534665356375736,0.09839192621828949
3152,173,17,0.5882352941176471,0.7496619668999159,0.9999815821647644,0.9963584899902344,0.5484064846997582,0.33564199099210834,0.18406824439761002
3272,173,6,0.5,0.5876478687187151,0.9999982714653015,0.9956497192382813,0.384756101746843,0.25921648710207246,0.09973512508590421
1554,173,5,0.4,0.430111688685555,0.9998422861099243,0.8543212890625003,0.258104447726736,0.5926458182473824,0.1529645216163002
1405,173,8,0.375,0.7367237468675382,0.9999897480010986,0.997552490234375,0.5335823126149579,0.3453784351084198,0.18428782413248582
4844,172,13,0.5384615384615384,0.5273480082667151,0.9988164901733398,0.929168701171875,0.3333240920981531,0.5927727229244502,0.19758542968934242
1565,171,131,0.732824427480916,0.7334794869199831,0.9999589323997498,0.9974994659423828,0.5299242544029512,0.2824728551372917,0.14968921714770214
689,171,89,0.4044943820224719,0.552704482050667,0.9997375011444092,0.9938087463378906,0.35444490030447584,0.27020171840487206,0.09577162114211293
3966,171,25,0.68,0.827404971359766,0.9999656081199646,0.9967308044433594,0.6465982044504825,0.470936181926769,0.30450648964461463
3858,171,54,0.7962962962962963,0.946822756912276,0.9999959468841553,0.9995675086975098,0.8480857563880286,0.2844145224258652,0.2412079053792798
158,170,92,0.25,0.9667527942096485,0.9999977350234985,0.9995274305343628,0.8939870882823124,0.34222281271359656,0.30594277588161134
763,170,18,0.3888888888888889,0.46589865965001726,0.9995059967041016,0.916973876953125,0.2848008931694036,0.3436192771698905,0.09786307704820967
2558,170,154,0.564935064935065,0.43954649076742286,0.99996018409729,0.9959621429443359,0.26504688050767333,0.3540081353265525,0.09382875194264101
423,169,7,0.2857142857142857,0.9224346932574842,0.9999796152114868,0.9973831176757812,0.7988807724907052,0.38186884026619783,0.3050676741019898
273,168,8,0.5,0.7320512121631986,0.999995231628418,0.9864143371582031,0.5283180218391215,0.56423224851808,0.29809406539491157
533,168,89,1.0,0.35582070442892255,0.9999023079872131,0.922491455078125,0.20590445901166735,0.4928310421790454,0.10147610912403256
1536,168,6,0.3333333333333333,0.5540708140248344,0.9999256730079651,0.8972106933593753,0.35560784905206333,0.5017768227336451,0.17843577663649002
1732,167,27,0.2222222222222222,0.9723733185294146,0.9999956488609314,0.9984935760498047,0.9082811942695441,0.3940160447184816,0.3578773636582646
414,166,12,0.75,0.9489511233496378,0.9999971985816956,0.9996452331542969,0.8527024409366488,0.29253400922527806,0.24944446372337875
4193,166,57,0.5789473684210527,0.49330689856805,0.9999250769615173,0.83905029296875,0.3059925882847569,0.3384872331205582,0.10357458456390549
1517,166,11,1.0,0.642630759851042,0.9998801350593567,0.97216796875,0.435576479991127,0.6195175007158591,0.2698472522547144
3307,165,133,0.5263157894736842,0.4880643078775117,0.9995782375335693,0.8322998046875,0.3018879510035233,0.576065364771928,0.17390719261509457
1324,164,10,0.6,0.8797469742414428,0.9999807476997375,0.9932868957519532,0.7245014114869257,0.35181622437366233,0.2548913511427193
5144,164,142,0.5,0.5873495554778634,0.9999191164970398,0.981201171875,0.38448504258680605,0.49164323816936817,0.18902947136506476
3063,163,20,0.3,0.4995110360391301,0.9999821782112122,0.9846679687500001,0.3109001958479244,0.22820554240337676,0.07094914782679165
2689,162,6,1.0,0.3988448072362829,0.9989309310913086,0.9728179931640625,0.23563150279263745,0.6623011854832377,0.1560590236367606
1660,161,8,0.375,0.26647695695391355,0.9975395202636719,0.90106201171875,0.14807233510007922,0.3158453463166282,0.046767957959596346
1285,161,5,0.4,0.9547000205294686,0.9997974634170532,0.998408317565918,0.8654788758922418,0.4528254485761882,0.3919108602091195
2830,161,15,0.6,0.5469128356216857,0.9999797344207764,0.9859771728515625,0.34955716197179526,0.6547138658754204,0.22885992085899454
717,160,151,1.0,0.14628301449120046,0.9999777674674988,0.3214355468749999,0.07729857690123276,0.31330856967562337,0.024218306566886415
4854,160,32,0.59375,0.3921799510717392,0.9998221397399902,0.6456787109374998,0.23095021206691688,0.5723449358610238,0.13218318431252937
1183,160,103,0.4174757281553398,0.719546378403902,0.9999983310699463,0.9997739672660828,0.5144527785233323,0.25234995367474644,0.12982213482820748
457,159,40,0.95,0.5297682862611687,0.999981701374054,0.9892471313476563,0.3353120816752739,0.2727761398863233,0.09146513529662878
1966,159,127,0.9606299212598425,0.27743878154634677,0.9999968409538269,0.9991830825805664,0.15490822935983667,0.13744817567720613,0.02129185352289577
1034,159,121,0.9173553719008265,0.4660229540471011,0.9999992251396179,0.95399169921875,0.2848881551685034,0.23008968832291532,0.06554982682961129
3490,159,7,0.42857142857142855,0.49748261507202246,0.9999445676803589,0.9059448242187503,0.30928630885613234,0.3890382563103658,0.12032420629805898
1560,158,5,0.4,0.46278579476513443,0.9999737739562988,0.9871795654296875,0.28243567342038817,0.4030631636450611,0.11383941605504495
1060,157,6,0.3333333333333333,0.3143736461924899,0.9999680519104004,0.9977947235107422,0.17846120111258076,0.26259864869549143,0.046863670256738044
2430,155,5,0.4,0.566254283151319,0.9999997615814209,0.9922721862792968,0.36603200027230987,0.25600858057415343,0.0937073328344322
1621,154,10,0.9,0.7780440747737885,0.9999863505363464,0.9993039608001709,0.5823082649488187,0.416120123554268,0.24231018715717384
1084,152,109,1.0,0.508662011278303,0.9998840093612671,0.90015869140625,0.3181794907643998,0.6140467186077726,0.19537707223217177
2675,151,43,0.5116279069767442,0.6675796982468358,0.9999896287918091,0.979400634765625,0.46005652713506384,0.40414852079248853,0.18593116492256542
3269,151,102,0.49019607843137253,0.6550862812838018,0.9999858736991882,0.9854049682617188,0.4476834081349089,0.5768197683133622,0.25823263975811456
2664,149,6,0.3333333333333333,0.6558363525659446,0.99983811378479,0.9969757080078125,0.44841833013975185,0.2083522918600318,0.09342898679666567
4961,149,71,1.0,0.2583533409457879,0.9999883770942688,0.8316650390625,0.1430530097477288,0.5348714342655592,0.07651496849977273
127,148,17,0.35294117647058826,0.5088432793681686,0.9997802972793579,0.98795166015625,0.31831883420339785,0.3814980977596185,0.12143802972965567
2043,148,6,0.6666666666666666,0.4963549448026193,0.9998177289962769,0.9898170471191406,0.30839722871684716,0.29932694633135803,0.09231160072886727
1067,148,7,0.2857142857142857,0.5740282241557095,0.9999938607215881,0.9808639526367188,0.3727670512960408,0.3037148830157086,0.11321490137648768
509,148,9,0.3333333333333333,0.4931472910417093,0.999977707862854,0.992770767211914,0.30587257740199486,0.41461739105445383,0.1268200900375166
4804,148,26,1.0,0.34588386158685425,0.999983012676239,0.8947692871093752,0.19922204155585138,0.3926050301240718,0.07821557562641411
2836,147,82,0.5365853658536586,0.8649942753266315,0.9999997615814209,0.9994525909423828,0.7013138104708931,0.28391243223010587,0.19911170968735475
2125,147,80,0.6125,0.6625495098886036,0.9999964833259583,0.9987661361694335,0.4550493672258558,0.32381199625607116,0.14735044399646638
36,146,36,0.4444444444444444,0.9670952685075264,0.9999998211860657,0.9998360872268677,0.8948399367028224,0.20593415831875495,0.18427810919490367
1689,146,83,0.927710843373494,0.7601281935221529,0.9998735189437866,0.9942607879638672,0.5606792463372055,0.45631048515120975,0.25584381891034486
2151,146,126,1.0,0.1720644615284384,0.9999656677246094,0.90313720703125,0.09187688510778216,0.30442402628736154,0.027969531287252374
4196,146,80,0.75,0.38394689519111425,0.9999990463256836,0.88153076171875,0.22520168218639333,0.30263631346427744,0.06815420688284392
3345,145,45,0.9777777777777777,0.44457452626063904,0.9998148679733276,0.9639709472656249,0.2687631316159781,0.23973394049642693,0.06443164460245825
2141,145,128,0.8671875,0.7161941939386828,0.9999401569366455,0.9902008056640625,0.5108110967378477,0.46401201469621256,0.23702248612651067
16,144,27,1.0,0.8307177705897225,0.9998149871826172,0.9918182373046875,0.6512035791065963,0.6682848174656945,0.43518946499625866
623,144,78,0.34615384615384615,0.9349517114460468,0.9999998211860657,0.999897563457489,0.8233626778527317,0.17624417044467544,0.14511287213326124
1206,144,16,0.5625,0.8540920039845837,0.9999621510505676,0.9890266418457032,0.6848356208193055,0.25321944331394,0.173413694665421
3343,143,105,0.9904761904761905,0.22847230617816633,0.9998002052307129,0.961883544921875,0.12490056660886031,0.263495817246441,0.03291077687314519
2325,143,51,0.4117647058823529,0.5696662793626318,0.9999249577522278,0.9854995727539062,0.36897776362853285,0.38134065227252145,0.14070622105616096
41,142,35,0.8,0.6794981796976546,0.9999967813491821,0.9974708557128906,0.47210882429164036,0.31343219625074703,0.14797410566708688
3980,141,11,0.36363636363636365,0.47942231563811605,0.9992642402648926,0.96630859375,0.2951637337247333,0.5713914209601589,0.16865402522888134
1459,141,111,0.8198198198198198,0.46135823861927006,0.9998589754104614,0.9888381958007812,0.2813523892499903,0.33006439623221273,0.09286440648628855
217,140,35,0.6,0.7167806080409459,0.9990530014038086,0.9802459716796875,0.5114439826190885,0.5199370456839918,0.26591867335582375
478,140,73,0.6301369863013698,0.7527677706309728,0.9999500513076782,0.9532043457031251,0.5520190199218546,0.5458441390807554,0.3013163466854471
4720,140,130,0.5153846153846153,0.46439061420304434,0.9999975562095642,0.9991333961486817,0.28364825056442966,0.24251789172082705,0.06878977571718638
4348,139,107,0.8785046728971962,0.5515358092115937,0.9999615550041199,0.9886726379394531,0.353456606562624,0.47413707305790553,0.16758688088858223
681,139,10,0.6,0.38045197468009784,0.9999651312828064,0.9968196868896484,0.22275389800011022,0.3285378189879775,0.07318307982002661
415,137,6,1.0,0.5087905482654154,0.9998881220817566,0.9970485687255859,0.31829122267370985,0.2688168042828444,0.0855620293104259
3384,137,87,0.8160919540229885,0.5816681097893819,0.9999960064888,0.9976558685302734,0.3794655317406769,0.2280762226278732,0.0865470650968909
2589,137,19,0.42105263157894735,0.9450900624268246,0.9999974966049194,0.9982891082763672,0.8443742638343543,0.2421146454272961,0.20443537549618887
3262,136,19,0.9473684210526315,0.2589830576496966,0.999940812587738,0.9514312744140625,0.1434317634749196,0.3598777035821651,0.051617893660094324
1403,136,11,0.45454545454545453,0.9668740748482592,0.9999988675117493,0.9994282722473145,0.8942899378095341,0.30565238950131635,0.2733418563984677
4889,135,15,0.8666666666666667,0.42252218811600295,0.9999281167984009,0.8366455078125005,0.25257849440053914,0.501789693146468,0.12674128520064343
2139,135,47,0.40425531914893614,0.8267014706576312,0.9999631643295288,0.9981588363647461,0.6456337637892131,0.22175507083541135,0.1431725610228102
515,134,11,0.45454545454545453,0.7359246624939477,0.9999728798866272,0.9916244506835937,0.5326806069723832,0.5762530822011102,0.306958841596594
268,133,13,0.23076923076923078,0.9617305648954291,0.9999989867210388,0.999590539932251,0.88179330890334,0.2597008931005419,0.2290025098522794
346,133,59,0.2542372881355932,0.9626124922494242,0.9999991655349731,0.9996333122253418,0.8839012243119374,0.28332275483271985,0.25042932987207195
3618,133,6,1.0,0.2994441304888044,0.9999790191650391,0.8248779296875,0.16883899092826715,0.22018539951276883,0.037175880670873254
3457,133,81,1.0,0.3203026997415643,0.9996201992034912,0.93914794921875,0.18231290415209533,0.35076121730626053,0.06394829619102856
2681,132,11,1.0,0.6636404702157686,0.9987268447875977,0.9783538818359375,0.45613331103742366,0.41275239192540125,0.18827011516754966
4900,130,122,0.9098360655737705,0.6208163041334885,0.9946479797363281,0.941473388671875,0.41491105520280147,0.4624457366772584,0.19187384857879816
4114,130,39,0.5897435897435898,0.9092987225605891,0.9999909400939941,0.9982447624206543,0.774659208788226,0.4116700785417944,0.3189040173249733
4162,130,9,1.0,0.3015550494194031,0.9998024702072144,0.9928302764892578,0.1701877265002887,0.29077406597761846,0.049486177213975836
5228,129,120,0.9833333333333333,0.10512928029363469,0.9999974966049194,0.10566406250000038,0.05466039680103062,0.12656977633134447,0.006918354197288982
5036,129,36,0.9166666666666666,0.8757895120354586,0.9999620914459229,0.9933258056640625,0.7181610834055492,0.8273874130912288,0.5941974409817116
2510,129,41,0.8048780487804879,0.4487831107405729,0.9999935030937195,0.96820068359375,0.2718933935618742,0.7494710957454569,0.20377623959876862
92,128,7,0.42857142857142855,0.44816985027864575,0.999998152256012,0.9324157714843749,0.27143571114676507,0.49962472943708003,0.1356159937412639
2244,128,17,0.8235294117647058,0.9275019764900208,0.9999854564666748,0.999677586555481,0.8086155163927498,0.22755157650568492,0.1840017355421287
3261,128,7,1.0,0.5041897594928741,0.9996943473815918,0.9925117492675781,0.31460942269819847,0.37940142010705824,0.11936326175075826
3257,127,16,0.625,0.6754003228165033,0.9997031688690186,0.9684936523437501,0.46794612123726886,0.5936191092848981,0.2777817596821905
812,127,10,0.5,0.7582288989870567,0.9997010231018066,0.996514892578125,0.55843470090132,0.3238711852915025,0.18086090848881617
1082,127,110,0.6,0.29660489333896184,0.9999966621398926,0.97476806640625,0.1670241266327687,0.23335804820137507,0.03897642419356221
1535,127,11,0.7272727272727273,0.6451995579276498,0.9990100860595703,0.969952392578125,0.4380446138949594,0.6415217268288937,0.2810151371339904
2026,127,36,0.75,0.5872007678812883,0.9999030232429504,0.9760955810546875,0.3843476373289536,0.4507908070219139,0.17326038160848486
8,126,7,0.42857142857142855,0.9735438653400966,0.9999874234199524,0.9989705085754395,0.9113437602202955,0.5265826294847514,0.479897793621324
3169,125,92,1.0,0.1518994140625,0.991912841796875,0.4465820312500007,0.08045641445556846,0.5339258634199371,0.0429577605558617
2447,124,9,0.7777777777777778,0.5115368577741808,0.9999843239784241,0.9981449127197266,0.3204868276815967,0.2582999661881218,0.08278173675389484
344,124,8,0.375,0.8195492783861775,0.9999637007713318,0.9967460632324219,0.6358529139104672,0.30051339369975405,0.19108231705311204
5009,124,19,0.5263157894736842,0.81426782088895,0.9998525381088257,0.9980751991271972,0.6287409937555397,0.4562830086510731,0.2868838322930432
513,124,7,0.42857142857142855,0.8322416370914828,0.9999680519104004,0.9898735046386719,0.6533265646332329,0.5206429512603102,0.3401498707474062
5186,124,16,0.3125,0.7821681239912587,0.9999839067459106,0.9833587646484375,0.5873975272266294,0.39881780123805066,0.23426459026119234
3334,124,84,0.9880952380952381,0.8256665679716295,0.9997537136077881,0.9658843994140625,0.644199849818885,0.7199527678695006,0.4637934649382229
3489,123,10,0.3,0.658560874500895,0.9999812245368958,0.97972412109375,0.4510878289769335,0.43419283365161443,0.19585910268924958
1216,122,10,0.8,0.3701110956121664,0.9999988675117493,0.9221313476562503,0.21562766382186438,0.5764305989400952,0.12429438340489078
224,122,30,0.5,0.9829418385615114,0.9999983906745911,0.9998519659042359,0.9374974998039489,0.33111747702312133,0.31042180685056775
691,122,68,1.0,0.290808623931447,0.9998129606246948,0.9848182678222657,0.16334235218586884,0.21516025531020966,0.03514478219928172
1306,122,38,0.6578947368421053,0.9924322806420873,0.9998184442520142,0.9989546775817871,0.9678600453692412,0.4702954832449391,0.45518020775039597
1075,122,5,0.4,0.5446625410533342,0.9998663663864136,0.9506866455078125,0.3476686582313152,0.40007565806310263,0.13909376722980935
1105,122,23,0.5217391304347826,0.34705595598846184,0.9998098611831665,0.8448486328125,0.2000034727505193,0.32551055743796853,0.06510324190455109
4342,122,38,0.9210526315789473,0.6166013713742866,0.9996860027313232,0.9796432495117189,0.41098991749919034,0.5651846386717145,0.23228518801949766
816,121,31,0.3225806451612903,0.9725499424067411,0.999990701675415,0.9998375177383423,0.9087364183546454,0.18785979839609013,0.17071504034728868
761,121,9,0.8888888888888888,0.5933729794399798,0.9992232322692871,0.95660400390625,0.38985182764069454,0.4053965005295391,0.1580445666505826
267,120,9,0.4444444444444444,0.497094464302063,0.9988737106323242,0.8072753906250001,0.308977371784837,0.43373321030861123,0.13401374737695465
348,120,14,1.0,0.6969233155250549,0.9996562004089355,0.9811203002929688,0.49017954775596706,0.5567726506102046,0.27291856607900117
1737,120,35,0.45714285714285713,0.9135656570394833,0.9999178051948547,0.9985446929931641,0.7823727279858768,0.4983818439459613,0.3899203628266333
4868,120,50,0.96,0.6435397823651632,0.9994950294494629,0.97677001953125,0.4364422377813817,0.6046524765500382,0.2638958799455531
2049,119,8,0.75,0.39387679500740114,0.9999252557754517,0.9974161148071289,0.23214091615699511,0.2801600321313399,0.06503660652954243
600,118,9,0.4444444444444444,0.558471091723038,0.9998641014099121,0.9946796417236328,0.3593384305908474,0.3163981148451708,0.11369400203036636
1874,118,97,1.0,0.30785302034879136,0.9999489188194275,0.9908210754394531,0.17424314952732256,0.23417465718509056,0.040803329807411234
2126,118,92,0.6521739130434783,0.5032036844956673,0.9999879002571106,0.9928592681884766,0.31382106258995024,0.23753198590972213,0.07454254021729009
3853,118,83,1.0,0.6681486873303429,0.9991111755371094,0.9659210205078125,0.46063648677629343,0.5290112707238448,0.24368189321129452
4012,118,103,0.7281553398058253,0.7066771428463823,0.999991774559021,0.997529411315918,0.5005229970302516,0.2168464113888946,0.10853661572362441
3609,117,14,0.8571428571428571,0.42123574986417067,0.9999698400497437,0.9905410766601562,0.25166191204604066,0.2875602833359312,0.07236797073282165
3732,117,44,0.75,0.6445663545885657,0.9999819397926331,0.8797607421875003,0.43743043507117396,0.4568607739824495,0.19984480713009617
1091,116,55,0.32727272727272727,0.7209581265161777,0.9999955296516418,0.9962167739868164,0.5160111592305006,0.3317024866180942,0.17116218463944238
3735,116,12,0.3333333333333333,0.8826821353928797,0.9999815821647644,0.9952831268310547,0.7292482614191544,0.2734528710734191,0.19941503081036707
358,115,40,0.875,0.3689377826193105,0.9947166442871094,0.8652832031250001,0.21482670764694475,0.6558954845398444,0.14090386750419231
1365,115,64,0.890625,0.5397985717524653,0.9998079538345337,0.9935707092285156,0.34361220309988827,0.5237621648967032,0.17997107138052315
1872,115,12,0.3333333333333333,0.876097643893698,0.9999708533287048,0.9989116668701172,0.7186576157271691,0.28890951509157514,0.20762702327660398
487,114,40,1.0,0.306784168670052,0.9998170137405396,0.9700668334960938,0.17354690069298906,0.5762899158011238,0.10001332878790865
4289,114,19,0.9473684210526315,0.5233066238855061,0.9999562501907349,0.9922733306884766,0.3300230863169533,0.31076675530279396,0.10256020370973348
2272,114,15,0.7333333333333333,0.97939795726224,0.9999849200248718,0.9998881101608277,0.9272892114293799,0.22886778593638712,0.21222662874254056
3170,113,5,0.2,0.5858082623608345,0.9999653100967407,0.99306640625,0.38312233319284916,0.43740747795151036,0.1675805735087824
482,113,8,0.875,0.6298093173356183,0.9999740719795227,0.9925361633300781,0.4233553512149308,0.3376719758978649,0.14295523795168025
2939,113,46,0.8695652173913043,0.8118323177362965,0.9999938011169434,0.9977348327636719,0.6254927929528407,0.43935954110601905,0.27481622647688225
5535,113,39,0.2564102564102564,0.9834467457459036,0.9999777674674988,0.99942626953125,0.9389872508880936,0.22564126864584688,0.21187427453266555
366,112,89,0.9662921348314607,0.39910345897078514,0.9999959468841553,0.9989418983459473,0.23582213108593045,0.3252596677622934,0.07670342800800574
3043,112,77,0.5714285714285714,0.6771691643765995,0.9998098611831665,0.9808349609375,0.46973824641417905,0.4693978872472997,0.2204941404260671
668,112,7,1.0,0.5699096646692071,0.9999662637710571,0.9662017822265625,0.36919723316752306,0.3867802305805004,0.14279819097421734
4827,112,12,0.5,0.6775705771786826,0.9995837211608887,0.9513885498046876,0.47015305433570864,0.42004837261938,0.19748702535574536
2809,111,9,0.7777777777777778,0.6815388954437531,0.9997048377990723,0.9610595703125,0.4742064185301345,0.5525433240728372,0.2620195907913156
2118,111,26,0.5,0.6822039672920296,0.9997503757476807,0.991546630859375,0.47488904086772243,0.41962204766972644,0.1992739117448261
2005,111,18,0.7777777777777778,0.5615852287223747,0.9994149208068848,0.93603515625,0.36200261365428693,0.4737673030968249,0.17150500198499335
4549,111,84,0.35714285714285715,0.8387492293710107,0.9999319314956665,0.989013671875,0.6625175712863742,0.4488971663693423,0.2974022604203521
1228,110,48,0.8541666666666666,0.8204213646325198,0.9999890923500061,0.9998233914375305,0.6370423107314093,0.24706212494374824,0.15738902696837753
1915,110,11,0.5454545454545454,0.852535296570171,0.999999463558197,0.9974163055419922,0.6825295383271159,0.6318781575342984,0.43127550714087337
469,110,6,1.0,0.9113104365088723,0.999854326248169,0.9990478515625,0.7782786621338937,0.5935354105571204,0.46193594525748705
572,110,5,0.8,0.41531419212167914,0.999801516532898,0.9675537109375001,0.2473792592474201,0.4011632137372072,0.09923945865162478
834,110,76,0.9868421052631579,0.4240486513484608,0.9998362064361572,0.6456298828125001,0.25369167499028655,0.640349905318708,0.16245144006017442
2229,110,100,0.79,0.33901223052631724,0.9999590516090393,0.9674697875976564,0.19464000889274066,0.2780396608860153,0.054117642067388616
2647,110,9,1.0,0.41813811443068766,0.9998989701271057,0.9792144775390625,0.24940876368751486,0.55029518192174,0.13724844098629724
739,109,55,0.6181818181818182,0.5019974243750266,0.999944269657135,0.9978267669677734,0.31286340727693324,0.15625793802889087,0.04888739090578668
779,109,61,1.0,0.4098320401042973,0.9996483325958252,0.9716461181640625,0.2434513871990036,0.27225402951556876,0.06628062115608369
2347,109,48,0.2916666666666667,0.9848403307276035,1.0,0.9999391555786132,0.9431722654241563,0.15588117050705186,0.1470227967241053
136,108,69,0.463768115942029,0.9421684140408481,0.9999681711196899,0.9990474224090576,0.8381928874653912,0.3600120063598027,0.3017595031329318
646,108,14,0.6428571428571429,0.28001676223896166,0.9996151924133301,0.9500518798828125,0.1565237995811279,0.19082068304009725,0.02986797834810211
1591,108,72,0.9166666666666666,0.9623297105232874,0.9999176263809204,0.9990513324737549,0.8832256285034329,0.533436976526829,0.4711452088598795
2113,108,7,0.7142857142857143,0.9306158186108978,0.9999886751174927,0.9998212218284607,0.8147168059528617,0.43561011683136686,0.35489888302560413
4516,107,15,1.0,0.540941880128094,0.9985198974609375,0.9770782470703125,0.34457009094028546,0.7202010209777112,0.24815973129357638
214,107,9,0.5555555555555556,0.7657195947994696,0.9998909831047058,0.9911865234375,0.5673421618718386,0.4558372976740579,0.25861571792421684
522,107,10,1.0,0.3682181545507128,0.9988679885864258,0.9412719726562501,0.21433713984098732,0.5570995363487984,0.1194071212277416
352,106,7,0.5714285714285714,0.8460980799962889,0.9999867677688599,0.9865684509277344,0.6730830008533101,0.6535588947479095,0.4398993821112956
481,106,32,0.5,0.9064089498429928,0.9999961853027344,0.9999476671218872,0.769496010289176,0.26375275255248287,0.20295669079192385
2457,106,9,0.3333333333333333,0.9925774701361386,0.9999964237213135,0.9999506175518036,0.9683751982507763,0.13472115576731558,0.13046062592474794
2683,106,7,0.7142857142857143,0.7139117402850457,0.9988508224487305,0.9803237915039062,0.5083209356189404,0.40518133291107594,0.2059621542406875
70,105,37,0.32432432432432434,0.8392341517266773,0.9998982548713684,0.996942138671875,0.663205881559457,0.4567032043503675,0.3028882512522143
149,105,37,0.8648648648648649,0.7763238850094023,0.9999963045120239,0.9990151405334473,0.5801925390620664,0.382068729445293,0.22167342623308223
361,105,89,0.8651685393258427,0.8330262990224929,0.9999748468399048,0.9871322631835937,0.6544282506409362,0.5203923177055412,0.34055943412301964
1693,105,92,0.8586956521739131,0.9453512719699315,0.9999916553497314,0.9961948394775391,0.8449275968050849,0.4963998729337775,0.41942195169228613
504,105,82,1.0,0.2941903795514788,0.9990653991699219,0.9789031982421876,0.1654920431199768,0.5347434516378837,0.08849578635658188
1888,105,98,0.7959183673469388,0.7589453169277736,0.9999952912330627,0.92369384765625,0.559272314976594,0.5129422204193856,0.2868743830631842
3438,105,33,0.7272727272727273,0.8048408860252017,0.9999977350234985,0.9854156494140626,0.6162777062483842,0.46556359736796726,0.28691646589867714
1312,104,12,0.6666666666666666,0.8712859698213063,0.9999968409538269,0.9997760653495789,0.711068788982322,0.29384758731693716,0.20894584805883162
1985,104,49,1.0,0.46757555924929106,0.9992542266845703,0.9911430358886719,0.2860814333812654,0.7271648729078599,0.20802836914598624
3738,104,83,0.6626506024096386,0.6812686209495251,0.9999409317970276,0.9830825805664063,0.47392429939782216,0.3347332210543579,0.1586382072733629
2170,104,73,0.9178082191780822,0.28092004702641415,0.9991645812988281,0.80567626953125,0.15708874018305785,0.18378157726330235,0.028870016441147475
2437,104,22,0.3181818181818182,0.9520920899051887,0.9999509453773499,0.996711540222168,0.8596253221285692,0.39807240082191886,0.34219311578703493
2048,103,12,1.0,0.566791349823035,0.9999871850013733,0.9845977783203125,0.3664886915366774,0.391994115105166,0.14366141033497
767,103,10,1.0,0.7956893912796835,0.9999958872795105,0.9991273880004883,0.6044396574556216,0.27636049262549034,0.1670432414968182
4888,103,41,0.34146341463414637,0.6517306531517251,0.9993596076965332,0.9685485839843749,0.44440569986923223,0.3839380121781376,0.17062424100842705
1839,103,13,0.23076923076923078,0.834033863058368,0.9997736215591431,0.9945625305175781,0.655843877918113,0.3385347708878791,0.22202595694922656
3596,102,23,0.6086956521739131,0.43580014097924324,0.9999678730964661,0.87708740234375,0.26227922685048727,0.25271176869378686,0.06628104730902559
2128,102,26,0.6153846153846154,0.5014022506919562,0.9998513460159302,0.9483856201171876,0.31240112878274756,0.4082752772126991,0.12754565745533636
4510,102,33,0.6363636363636364,0.877814255508722,0.9998843669891357,0.9908767700195312,0.7213991565406317,0.49600821198225786,0.3578199057612277
3623,101,6,0.8333333333333334,0.44909063660272275,0.957305908203125,0.591552734375,0.27212775589623506,0.7201169793734984,0.1959638175796855
521,101,5,0.6,0.37881613898985456,0.9999653697013855,0.9802703857421875,0.2216335995104574,0.3804781337873383,0.08432673832630917
3844,101,45,0.37777777777777777,0.7118653802588435,0.999863862991333,0.9704132080078125,0.5061052337997414,0.410559184297286,0.20778615195740904
3909,101,72,0.4722222222222222,0.3194420550129201,0.9993805885314941,0.680419921875,0.18175947151924507,0.4848674905423065,0.08812925883783218
3109,101,6,1.0,0.8387366137882271,0.9999908208847046,0.9966659545898438,0.662490393399088,0.45027114710455163,0.29830030938155305
1122,100,29,0.3103448275862069,0.9571426159143448,0.9999397993087769,0.999258279800415,0.8710523223130618,0.2903287595557068,0.25289154024526894
1057,100,15,0.6,0.8521246099472046,0.9997193813323975,0.9986239433288574,0.6819192557385336,0.30406399025354436,0.2073470899305857
1197,100,95,1.0,0.059923553466796876,0.9779510498046875,0.027392578125000004,0.030619962644274405,0.19320560755364347,0.005915948485956904
2611,100,33,1.0,0.3929480695724487,0.9995284080505371,0.8749084472656252,0.23147888468712216,0.2719582805894798,0.06295259947228021
4003,99,87,0.6666666666666666,0.7900506155659454,0.9999471306800842,0.9957199096679688,0.5972777326006589,0.4415160782788904,0.2637077221411507
2432,99,61,0.9836065573770492,0.12973322531189582,0.9993510246276855,0.26494140625000007,0.0681185894084185,0.21385491366986464,0.014567495057250295
2320,98,53,0.39622641509433965,0.969330221414566,0.9999603033065796,0.9994683265686035,0.900447224240765,0.280731217083373,0.2527836451804548
1692,98,90,0.9777777777777777,0.4815744721159643,0.9992318153381348,0.98052978515625,0.2968330740909631,0.3741481297606165,0.11105953952222836
463,98,8,0.625,0.6646122628328751,0.9998291730880737,0.9716384887695312,0.4571005437336776,0.4525090735194369,0.20684214355015731
706,98,68,0.8235294117647058,0.780767231571431,0.9996342658996582,0.9967212677001953,0.585653528375771,0.6041371977126608,0.35381508146347057
719,98,80,0.75,0.5342756722654615,0.9999831318855286,0.9988296508789063,0.3390131669666814,0.2725706364473537,0.09240503468414132
1610,98,65,0.9538461538461539,0.9807838371821812,0.9998456239700317,0.998572826385498,0.9312238346481074,0.4375206044379587,0.40742961500227365
2041,98,8,0.25,0.8177088389591295,0.9998155832290649,0.9917503356933594,0.6333624340942494,0.3137507057306935,0.1987179106803806
2711,98,5,1.0,0.2913459028516497,0.9999868869781494,0.9417999267578125,0.16367965457059347,0.4472899175345064,0.07321225919495725
3378,98,12,0.75,0.894676955986996,0.9999551177024841,0.9991859912872314,0.7491549924340275,0.3337521481562613,0.25003208802684435
2205,97,45,0.17777777777777778,0.9840667192468938,0.999993085861206,0.9995881080627441,0.9408440174488946,0.17207941068778976,0.16189988407173836
1111,97,17,0.7058823529411765,0.7901661715556666,0.999638557434082,0.99251708984375,0.5974194466685241,0.31911676358238483,0.19064656032203856
4198,97,25,0.64,0.8855536487913623,0.9999895691871643,0.9987455368041992,0.7339365241763252,0.1894221973452075,0.1390238691213835
2096,97,72,0.9027777777777778,0.9018853073267593,0.9998820424079895,0.9982330322265625,0.761559471501694,0.463751308523637,0.35317420142748
4272,97,40,1.0,0.9407237632987425,0.9985542297363281,0.9894699096679688,0.8351774280995548,0.7192806787479229,0.6007269873583924
1952,96,12,0.4166666666666667,0.4735969230532646,0.9995872974395752,0.9770889282226562,0.29068574441575046,0.30844233986099834,0.0896597911718302
4528,96,5,0.2,0.793289472659429,0.9995031356811523,0.9716415405273438,0.6013786062888148,0.3245364340276288,0.19516926838547727
2069,95,20,0.75,0.7267802188270971,0.9939041137695312,0.9259887695312501,0.5224357509011995,0.3935316415417458,0.20559499865224365
360,95,78,0.6153846153846154,0.8461869559789958,0.9999344348907471,0.9939620971679688,0.6732139015839348,0.4561575715844627,0.30709161850342914
3370,95,48,0.4375,0.43200620852018656,0.9999500513076782,0.977415466308594,0.2594812718264451,0.3959842509207703,0.10275049705216363
958,95,85,1.0,0.1542443927965666,0.9934272766113281,0.3094726562500001,0.08177692055475472,0.27394506083990333,0.022402383476672224
2028,95,10,0.9,0.7097556233406067,0.9999824166297913,0.99305419921875,0.503826338302376,0.41805541665705515,0.2106273297817982
3215,95,42,0.2857142857142857,0.9582275804720427,0.9999780058860779,0.9994853019714356,0.8735619207959038,0.2059031306789021,0.1798691343337517
4365,95,64,0.96875,0.5732272794372157,0.9999527335166931,0.99046630859375,0.37206547649885385,0.2007043752105817,0.07467516899812983
1021,94,78,0.46153846153846156,0.9136778572772412,0.9999988079071045,0.9997272729873657,0.7825765327960297,0.24658520041769072,0.1929717911816905
2035,94,17,0.4117647058823529,0.7114591890193046,0.9999570846557617,0.9945896148681641,0.5056622584946902,0.4284224412188161,0.2166370592165152
3733,93,28,0.17857142857142858,0.9800718285704172,0.9999885559082031,0.9970458984375,0.9291959097599776,0.26384047848161774,0.24515949343423457
4715,93,78,0.8076923076923077,0.3295619474944248,0.9999810457229614,0.9983995437622071,0.18838881910592722,0.2555626809209459,0.04814515166624188
1718,93,5,0.4,0.68320301207163,0.9999917149543762,0.9967189788818359,0.47590878220362426,0.2879089851475417,0.1370184145070479
5635,93,64,0.265625,0.9659781814903341,0.9999901652336121,0.999847149848938,0.8920743541201879,0.31463281091037376,0.2806758615778909
3440,93,5,0.8,0.5125244714880502,0.9989643096923828,0.9803955078125,0.3212779609658169,0.38644404519866205,0.12415595486880812
1864,92,11,0.7272727272727273,0.8910772327495657,0.9999255537986755,0.9985374450683594,0.7430943102827767,0.4316922112000291,0.3207880259361324
1886,92,5,0.6,0.922891793043717,0.9999870657920837,0.9542083740234375,0.7997479111580348,0.5261734688391062,0.4208061326108525
2685,92,12,0.5,0.811469515380652,0.9999635815620422,0.9733688354492187,0.6250165606466522,0.4597105687405154,0.28732671856711334
3220,91,14,0.5,0.6442822532339411,0.9999333620071411,0.9946212768554688,0.4371552432034392,0.3173782862221539,0.1387435819009364
218,91,41,0.8536585365853658,0.6527060381658785,0.9999199509620667,0.9960365295410156,0.4453423881697592,0.4329648670314301,0.1928176078773793
395,91,75,0.7466666666666667,0.7196488740679982,0.9999822378158569,0.9996020793914795,0.5145685825351881,0.2729564901170852,0.14045483421332863
2995,91,60,0.23333333333333334,0.8207939247508625,0.9999415874481201,0.9972057342529297,0.637539162335879,0.20018199134981385,0.1276238590798885
4802,91,29,0.7586206896551724,0.6053304698441054,0.9998886585235596,0.9729461669921875,0.4006566927401912,0.4289054848856073,0.1718438530723955
752,91,56,0.6607142857142857,0.7841900803230621,0.9999926686286926,0.9998907446861267,0.5899111232764863,0.22425539465129307,0.13229075175955604
1308,91,8,0.75,0.7324304357989804,0.9999085664749146,0.978271484375,0.528743999057333,0.3927924924918944,0.2076866732798617
4508,91,5,0.4,0.7287405742393746,0.9998115301132202,0.989776611328125,0.5246204858322616,0.3978794223698694,0.2087356958663405
2444,90,30,0.16666666666666666,0.9411508083343506,0.9993386268615723,0.9898956298828125,0.8360673344735162,0.4054651758047868,0.33899618875694376
2310,90,80,0.8,0.7322345919079251,0.9999711513519287,0.9994184732437134,0.5285165371566639,0.3170221773693118,0.16755146338509438
880,90,84,0.6309523809523809,0.27538752489619783,0.9999966025352478,0.9913364410400392,0.1536234530611413,0.2100181511244591,0.03226371358125602
2169,90,26,0.2692307692307692,0.7281606018543243,0.9999935030937195,0.9965856552124024,0.5239762036137059,0.21092657955329097,0.11052050839555773
3862,90,64,0.6875,0.6454340351952447,0.9999296069145203,0.9985893249511719,0.4382825386150981,0.20645242222405769,0.0904844917155961
4200,90,5,1.0,0.23412272135416667,0.791748046875,0.5131347656250003,0.12829090294853215,0.31137402585421303,0.03994645493155659
843,89,13,0.46153846153846156,0.7902341773000996,0.9999206066131592,0.9923473358154297,0.5975044263279793,0.288839898372927,0.17258311777794758
4632,89,14,0.14285714285714285,0.9318937833389539,0.9999982714653015,0.9954330444335937,0.817247121683881,0.3666277968828223,0.2996255117317891
2278,89,10,0.3,0.9138454332780303,0.9999778270721436,0.9989635467529296,0.7828834897087701,0.39824203155597826,0.31177711141325437
2817,88,28,0.9642857142857143,0.7523131573742087,0.9999971389770508,0.918914794921875,0.5514745577384486,0.7080593982994845,0.3904767435297602
526,88,25,0.96,0.7931757162917744,0.9998471736907959,0.9895271301269531,0.6012475078882863,0.7562898017800803,0.45471735856159934
4947,88,69,0.43478260869565216,0.5980017347769304,0.9999005794525146,0.9779808044433593,0.39401707363311855,0.46518158463902126,0.18328948668748402
703,88,6,0.3333333333333333,0.8027347339825197,0.9999438524246216,0.994329833984375,0.6135326845440173,0.5791631555416858,0.35533552560847476
3918,88,26,0.8461538461538461,0.8489498821171847,0.9999825954437256,0.9932949066162109,0.6772411116523172,0.34500204398765666,0.23364956779252222
4067,88,56,0.7142857142857143,0.7438346133990721,0.9998234510421753,0.9797882080078125,0.5416719284186631,0.6275712937933853,0.3399377529292584
3380,88,31,0.967741935483871,0.8638173334977843,0.9999701976776123,0.9788284301757812,0.6995014536876416,0.6222477796760781,0.435263226437324
5074,87,10,0.4,0.9327808001945759,0.9999916553497314,0.9960380554199219,0.8190125977539195,0.4912356222325629,0.4023281630739544
475,86,23,0.5217391304347826,0.4106248145879701,0.9983081817626953,0.9702224731445312,0.24400505308471288,0.21577513119533176,0.052650222341677815
4735,86,31,0.7741935483870968,0.850159997163817,0.9998886585235596,0.9931697845458984,0.679024488132338,0.2770258502117132,0.18810733613943428
2308,86,62,0.967741935483871,0.4285006356793781,0.9999875426292419,0.9991188049316406,0.25693421541549877,0.33969450105956844,0.08727914011069954
2616,86,23,0.9130434782608695,0.748660453530245,0.9996471405029297,0.95263671875,0.5472382562215126,0.46454856130806277,0.2542187446204367
91,85,25,0.64,0.7083594041712143,0.9988622665405273,0.9730987548828126,0.5023296017962626,0.5804896630663768,0.2915971412949797
3478,85,38,0.4473684210526316,0.6165017850258772,0.999993085861206,0.999536657333374,0.41090219815197326,0.28548209575278904,0.11730522067785312
206,85,7,0.5714285714285714,0.964493160388049,0.9999975562095642,0.9997028827667236,0.8884448561322766,0.3664510846100395,0.3255715811458833
686,85,12,0.4166666666666667,0.9074836015701294,0.9999996423721313,0.9997431755065918,0.7714118148476852,0.23929682094584726,0.18459639493311758
351,85,5,0.8,0.7430989209343405,0.9992790222167969,0.97882080078125,0.5408320963770374,0.5691003950582247,0.3077877597083399
2975,85,25,0.4,0.9531105181750129,0.9999871253967285,0.9985198974609375,0.8618975774950675,0.1934807648537722,0.16676060251935904
2944,85,14,0.35714285714285715,0.9518889889997595,0.9999433755874634,0.9988910675048828,0.8591692802528895,0.5508754291704341,0.47329524598936346
3117,84,6,0.6666666666666666,0.9574500322341919,0.9999983906745911,0.999858021736145,0.8717641364624915,0.29146043284012546,0.25408475254785595
2843,84,19,0.5789473684210527,0.7447956261180696,0.9999955296516418,0.9985410690307617,0.5427820406106358,0.2398889921973748,0.13020743670492
409,84,19,0.42105263157894735,0.954666752190817,0.9999985098838806,0.9999665737152099,0.865408529963257,0.28400166498098245,0.24577746339830944
5072,84,13,0.3076923076923077,0.8177537016925358,0.9999902844429016,0.9990249156951905,0.6334237573337891,0.3423470045641491,0.21685072594299118
506,84,15,1.0,0.8087808723960604,0.9999997019767761,0.9957769393920899,0.6214556807655425,0.36202007492244015,0.22497943211171773
690,84,36,0.8055555555555556,0.7652861043101266,0.9998977184295654,0.9988139152526856,0.5668244795969014,0.2288903834577376,0.1297406724881673
2446,84,49,0.6122448979591837,0.9719581454992294,0.9999803304672241,0.9993606090545655,0.9071960346293886,0.36204880398567474,0.3284492393181169
3248,83,11,0.6363636363636364,0.6174105369901083,0.9999849200248718,0.9919525146484375,0.4117425809905105,0.3897213707943623,0.16046488307803047
3371,83,10,0.5,0.7968963255365211,0.9985904693603516,0.949993896484375,0.605989120421658,0.5101349201333383,0.3091362115479744
3545,83,28,0.7857142857142857,0.9624777859952076,0.9999983310699463,0.9987571716308594,0.8835765695180418,0.2871992264959229,0.25376250731550265
2222,83,63,0.3968253968253968,0.610226692205452,0.9999932050704956,0.9998612642288208,0.4051289409007208,0.22576801340500074,0.09146515616002769
1083,83,14,0.7857142857142857,0.7972848932427096,0.9998772144317627,0.947589111328125,0.6064798639499496,0.5771878002090679,0.35005277854436617
1181,83,14,0.42857142857142855,0.743308637515608,0.9999542236328125,0.9949783325195313,0.5410848535110723,0.3864100872291535,0.20908064544358718
1538,83,5,0.6,0.6592300519885788,0.99994957447052,0.977691650390625,0.4517596981797406,0.3462054957552877,0.15640169027057624
1779,83,14,1.0,0.43412432038640403,0.9998688697814941,0.9573608398437499,0.26102653437038514,0.6488068642955317,0.1693558072627794
1875,83,69,0.782608695652174,0.5755292938416263,0.9994106292724609,0.9894485473632812,0.3740830215647283,0.2657786337901451,0.09942327439556287
1921,83,45,0.9333333333333333,0.712596583797271,0.9999850392341614,0.9982315063476562,0.5068896356067996,0.45049627473308207,0.22835189254167262
387,82,10,1.0,0.4767813115585141,0.9998892545700073,0.9780014038085938,0.29311854713866403,0.49456283225414643,0.14496553885911823
2333,82,31,0.3225806451612903,0.9054278600506667,0.9999973177909851,0.9990508079528808,0.7677626441487604,0.3314628096984231,0.2544847632110387
466,82,46,0.9782608695652174,0.36312334857335904,0.9998642206192017,0.97012939453125,0.21086743515334327,0.28121539037797927,0.059299168094650655
3542,82,10,0.6,0.8994480386012937,0.9999821186065674,0.9997476577758789,0.7573228579507743,0.38460048116918333,0.29126673556828886
2450,82,20,0.35,0.8024826994756373,0.9999611973762512,0.9993247985839844,0.6131965368948834,0.4093681469652155,0.25102313003414584
2249,82,11,0.7272727272727273,0.949118715960805,0.9997293949127197,0.9988899230957031,0.8530646655238375,0.21501786782976096,0.18342414550184374
2105,82,30,0.6333333333333333,0.9942556917667389,0.9999379515647888,0.9997000455856323,0.9744626864655626,0.38320520998169016,0.3734191783863578
1547,82,32,0.78125,0.9128399665762739,0.9999994039535522,0.9996763467788696,0.7810526649065447,0.2519611276117196,0.1967949101739916
5456,82,57,0.6491228070175439,0.9172847496300209,0.9999916553497314,0.999384069442749,0.7892199548417254,0.1769311935305481,0.13963762856827172
1734,81,11,0.18181818181818182,0.9747724179868344,0.9999967217445374,0.9997255802154541,0.9146116182328561,0.34496298775080037,0.31550715645720045
5017,81,7,0.5714285714285714,0.6867346351529345,0.9999819993972778,0.9986276626586914,0.4795582466731124,0.5058783846631638,0.24259815117889316
1702,81,9,0.2222222222222222,0.6082765047932849,0.9999557137489319,0.9962730407714844,0.40333382814905533,0.3047885505072382,0.12293153285208608
3414,81,13,0.8461538461538461,0.7578809975106039,0.9999338388442993,0.9961719512939453,0.5580114422699021,0.5418888007940419,0.302380151280991
2438,81,16,0.1875,0.95503513827736,0.999989926815033,0.9987373352050781,0.866233259426508,0.4220874121575441,0.36562615479612925
1697,81,9,1.0,0.7918825259915104,0.9999995231628418,0.9990291595458984,0.59959063620054,0.15926745006030207,0.09549527170769426
3882,81,8,0.625,0.9325380045690654,0.9999838471412659,0.9957351684570312,0.8185199133685228,0.5186908150562082,0.424558761004856
2322,81,47,1.0,0.46134060621261597,0.9999596476554871,0.996002197265625,0.28132738155607634,0.19032096855906366,0.05354249973993771
2580,80,30,0.5,0.7699860364198685,0.9999864101409912,0.9937734603881836,0.5724685968676901,0.21420612954301455,0.1226262824199482
4376,80,17,0.9411764705882353,0.39364772811532023,0.9999919533729553,0.9853744506835938,0.23197425801788418,0.28552680323813195,0.06623486832538407
590,80,36,0.7777777777777778,0.8085034646093845,0.9999977946281433,0.9992629051208496,0.6210868166151714,0.1801440583501055,0.11188509973280471
4876,80,7,0.42857142857142855,0.7348974004387856,0.9998685121536255,0.958642578125,0.5315103088273341,0.40507096737239423,0.21529939496508824
1123,80,9,0.3333333333333333,0.9770055212080478,0.9999690651893616,0.9993209838867188,0.9206511655602225,0.3092503131046571,0.28471166120966634
1320,80,25,0.84,0.8948501646518707,0.9993557929992676,0.9979015350341797,0.7494506437781635,0.2846875975369284,0.2133593032497097
2258,80,22,0.7272727272727273,0.9905078254640103,0.9999984502792358,0.9999301433563232,0.9612354599668842,0.23707602646468895,0.22788588334590648
1399,79,6,0.6666666666666666,0.6952379851401607,0.9999828338623047,0.97821044921875,0.48840247631090683,0.22452011422313578,0.10965617976818717
760,79,50,0.7,0.8072725262822984,0.9999645352363586,0.999595308303833,0.6194677509960727,0.2303799580781336,0.14271295450523092
5659,79,66,0.9848484848484849,0.3631074277660515,0.9988412857055664,0.7162109375000001,0.2108558592187064,0.2902035084204365,0.06119111011627424
927,79,5,0.6,0.9594951015484484,0.9999727606773376,0.9997539758682251,0.8765212979323578,0.46185248044507154,0.404823535612993
2896,79,25,0.36,0.7764104770708687,0.9997158050537109,0.9979686737060547,0.5802960892220577,0.2851579640710843,0.16547605136097424
4123,79,9,0.2222222222222222,0.8519532461709614,0.999917209148407,0.9959976196289062,0.6816625082580864,0.298293614948952,0.20333557376347444
3418,79,55,0.43636363636363634,0.7483269889143449,0.9999985098838806,0.9894645690917969,0.5468524521644966,0.3816604266104925,0.2087119401860957
3357,79,25,0.84,0.7792825698852539,0.9997329711914062,0.9897415161132812,0.5838289271094013,0.40953351722330245,0.23909751397582016
3556,78,9,0.4444444444444444,0.493414302666982,0.9997891187667847,0.8681213378906248,0.3060793341615821,0.43954114924057974,0.13453446229617325
669,78,5,0.6,0.6476088403127133,0.9999666810035706,0.9473587036132811,0.44037077741505337,0.5073628745499003,0.22342778349707576
1207,78,5,0.2,0.9759526038781191,0.999871015548706,0.9964653015136719,0.9177820606813945,0.26012020139006553,0.23873365445663366
1527,78,34,0.9411764705882353,0.3779239035569705,0.999947726726532,0.9622085571289062,0.22100965015100094,0.19485875298920463,0.04306566482700443
2332,78,7,1.0,0.8410954009263943,0.9998922944068909,0.9940290451049805,0.665865049148468,0.2932913061446072,0.19529242998079724
2973,78,6,0.8333333333333334,0.616247194699752,0.9999932646751404,0.8481201171875,0.41067510026142917,0.6523500546644165,0.2679039241048581
2316,77,12,0.4166666666666667,0.9863356382815869,0.9999970197677612,0.9994928359985351,0.9477589966845261,0.23229384348522952,0.22015858003755348
2583,77,39,0.9743589743589743,0.6035915187426976,0.9999045729637146,0.9990822792053222,0.39907402551947746,0.17700881786353728,0.07063962149724581
4960,77,15,1.0,0.2553946724185696,0.9997222423553467,0.6145996093750002,0.14122963551204878,0.3038691902383166,0.04291533498069887
1086,76,10,0.4,0.8153441415021294,0.9999973177909851,0.9996439218521118,0.6301842149376391,0.2860016329859498,0.1802337145541336
896,76,70,0.6142857142857143,0.850166308252435,0.9988794326782227,0.9915275573730469,0.6790261189945678,0.43601501379629803,0.29606558264146315
692,76,22,0.18181818181818182,0.9776385677488226,0.9999988079071045,0.9999288618564606,0.922392288336252,0.29803077793691135,0.274901291255861
705,76,32,0.375,0.8415320813655853,0.9999833703041077,0.9955196380615234,0.6664916121490397,0.46540458812283936,0.31018825423955104
4315,76,6,0.16666666666666666,0.9644876153845536,0.9998742341995239,0.998690128326416,0.8884336300520378,0.28187757166664607,0.2504295142260518
1830,76,5,0.4,0.6216518102507842,0.9999678730964661,0.91925048828125,0.41569010344375995,0.30777199317854453,0.12793777168148135
3915,76,70,1.0,0.17067652078051315,0.9999882578849792,0.9715042114257812,0.09108723669195322,0.2199766797149032,0.02003706789190137
2959,76,63,0.9841269841269841,0.8793773776606509,0.999424934387207,0.9830474853515625,0.7239045456606515,0.5124658327263244,0.3709763458063573
4191,76,5,0.6,0.5697871823059885,0.9990391731262207,0.9830398559570312,0.36907740846140086,0.5044487236588755,0.18618062762967913
5481,75,13,0.5384615384615384,0.9443076801300049,0.9999357461929321,0.9980695724487305,0.8427132210455821,0.48750598953428115,0.4108277427194479
694,75,63,0.9523809523809523,0.39946726481119793,0.9997291564941406,0.9808227539062501,0.23606018605131707,0.40440033246734,0.09546281772145475
984,75,5,0.4,0.9736535247166952,0.999958872795105,0.9992301940917969,0.911634049671058,0.2354716390012781,0.21466396384541658
5042,75,8,0.375,0.9923056236902873,0.9999967813491821,0.9999767303466797,0.9674070660449963,0.22945050211510187,0.22197203705372193
1893,75,59,0.5423728813559322,0.8924731294314067,0.9999926686286926,0.9588195800781251,0.7454343013319694,0.542448924930365,0.40436003536374454
1549,75,30,0.8666666666666667,0.6259673833847046,0.9999416470527649,0.9986001968383789,0.4197440480816985,0.30110601520559765,0.12638745772414703
1570,75,5,1.0,0.8513156827290853,0.9994544982910156,0.9953346252441406,0.6807237435560045,0.25072740534985527,0.17067609798183728
5147,74,61,0.4262295081967213,0.764447766381341,0.9983797073364258,0.9465484619140625,0.5658087264026584,0.5383735168832203,0.304616433916615
4871,74,39,0.5384615384615384,0.9331049846636282,0.9999974370002747,0.9986994743347168,0.8196485798709139,0.4905130433007284,0.40204831934960217
1015,74,41,0.4146341463414634,0.7841825412737357,0.9999311566352844,0.9982090950012207,0.5899020322802017,0.2752941686028526,0.16239658953371125
4154,74,30,0.4,0.6526749383758854,0.9999474883079529,0.9955455780029296,0.44531298872326763,0.18194951299733464,0.08102448142958611
3996,74,58,0.2413793103448276,0.9788768806973019,0.9999995231628418,0.999939250946045,0.925821650267028,0.20396216913596577,0.18883259202150252
1562,74,5,0.4,0.7194563826999149,0.9997415542602539,0.9988757610321045,0.5143702733161084,0.5480053646798309,0.28187766920905827
4785,73,20,0.3,0.9109270980913345,0.9999281167984009,0.9898086547851562,0.7775901394725961,0.5603913526197737,0.4357547900428466
5082,73,35,0.2571428571428571,0.9746668983812201,0.9998893141746521,0.9975639343261719,0.9143264963609405,0.3992969004595238,0.36508773600493966
655,73,16,0.9375,0.7406923623934184,0.9999669790267944,0.9951934814453125,0.5380821272584001,0.35536139984212856,0.1912136179725754
3066,73,45,0.2,0.9972204590496951,0.9999996423721313,0.9999347925186157,0.9861961290140022,0.21062245919310574,0.20771505393965053
837,73,8,0.375,0.995493519796084,0.9999999403953552,0.9999457120895385,0.9791824114932781,0.21094979780110878,0.20655833171490912
913,73,6,0.5,0.9849902375103676,0.9998863935470581,0.9979610443115234,0.9436276967319386,0.5320786964513046,0.5020841948124768
1236,73,9,1.0,0.6703815198924443,0.9741668701171875,0.8361572265625,0.4628677361253206,0.6064775342589782,0.28071888329331984
2323,73,61,0.29508196721311475,0.9294494733418504,0.9995002746582031,0.9945365905761718,0.8124170895557504,0.48518207566006133,0.39417020981236495
4413,73,6,1.0,0.5628863752704777,0.9997107982635498,0.9985116958618164,0.3631330633568363,0.20954529368063968,0.0760928244062586
2551,72,30,0.4666666666666667,0.8620383772585127,0.9999954700469971,0.9993751525878907,0.6967769943079654,0.3866470330813032,0.2694067575684829
3032,72,9,0.4444444444444444,0.9678889181878831,0.9993891716003418,0.9965452194213867,0.8968223119659366,0.21814890908717688,0.1956408090004089
4169,72,17,1.0,0.5189874404006534,0.99961256980896,0.974517822265625,0.3264942343639238,0.3757655733742199,0.12268529317913675
24,71,5,0.2,0.8534519680788819,0.9999963641166687,0.9998264312744141,0.6838856460654372,0.26482877836512386,0.18111260018895323
428,71,52,0.9615384615384616,0.5316704343742048,0.999915599822998,0.9985008239746094,0.33686339834619927,0.4542902084579685,0.15303374345655454
2526,71,5,0.4,0.8186970428681709,0.9986124038696289,0.9936790466308594,0.6347087297116479,0.26804614584869224,0.17013122873572656
793,71,28,0.5357142857142857,0.8682592805002777,0.9999995231628418,0.9989681243896484,0.7063568817153362,0.3909299356336735,0.2761360503033787
1738,71,5,0.4,0.9377711549611158,0.9999975562095642,0.9912261962890625,0.8290853855614848,0.42388210292790174,0.3514344567385924
4415,71,24,0.9583333333333334,0.7502145792396975,0.9999958872795105,0.9852294921875,0.5490475708494409,0.364157781304117,0.19993994523094738
342,70,52,0.1346153846153846,0.9978296373571668,0.999998927116394,0.9999690294265747,0.9888314161740297,0.26881596865462987,0.26581367497495123
5046,70,34,0.5,0.9305655292102268,0.9998048543930054,0.9932598114013672,0.8146191022194658,0.49734621728715134,0.40514772901870655
828,70,18,0.9444444444444444,0.727816128730774,0.9997050762176514,0.9400909423828125,0.5236088233756436,0.7205199782502094,0.3772706180302365
891,70,49,0.8775510204081632,0.897662364585059,0.999996542930603,0.9999314785003662,0.754261226050053,0.607676215647567,0.45834660745579026
1025,70,5,0.6,0.7781397444861275,0.9997661113739014,0.9866607666015625,0.5824206820800415,0.4221750482512362,0.24588347955965942
5168,70,60,0.6166666666666667,0.507919556753976,0.9980792999267578,0.8313476562500001,0.317588985599934,0.4351533934018891,0.13819992479087495
2600,70,8,0.75,0.9880726771695273,0.9999950528144836,0.9998743414878846,0.9532378225913728,0.24428831916478588,0.2328648654451468
471,69,43,0.813953488372093,0.5951852867568749,0.9997124671936035,0.9946304321289062,0.3914937901815948,0.5321423455036443,0.20833042375734542
4909,69,9,0.6666666666666666,0.73371661486833,0.9999815821647644,0.9899803161621094,0.5302009753952936,0.29015405896186997,0.153839965076487
1055,69,14,0.7857142857142857,0.8165095612622689,0.9999843835830688,0.9966323852539063,0.6317501006704596,0.3174219591952836,0.2005313546766349
1107,69,23,0.5652173913043478,0.8303072288416434,0.9999521374702454,0.995547103881836,0.6506179232957676,0.30471093058964793,0.19825039286575752
3506,69,20,0.45,0.8991391270057015,0.9999893307685852,0.9993817329406738,0.7567877221227626,0.29770458305977787,0.22529917327931606
3495,69,61,0.6885245901639344,0.4567100828972416,0.9997587203979492,0.744482421875,0.27784402466846014,0.2763500828536555,0.07678221923752206
4334,69,11,0.7272727272727273,0.6071994935256847,0.9999200701713562,0.9985507965087891,0.40235633294010953,0.223018009090159,0.0897327083171204
3676,68,16,0.8125,0.7244887763963026,0.9998871684074402,0.9911663055419923,0.5198952522406239,0.47296921401541403,0.24589444882259331
1945,68,52,0.46153846153846156,0.7849914501695072,0.9997360706329346,0.987164306640625,0.5909187617414278,0.35527910689114295,0.20994108991671454
5476,68,59,0.9152542372881356,0.14202488169950597,0.9871597290039062,0.2573730468750005,0.07493373042275658,0.18877007407805402,0.014145245842848691
1974,68,24,0.7083333333333334,0.6923662055941189,0.9999712705612183,0.9909919738769531,0.4854025776211893,0.2920001855643164,0.14173764273878478
785,68,36,1.0,0.7507044488892836,0.9999951124191284,0.9970178604125977,0.5496062792818502,0.45842843730573446,0.25195514774459765
2808,68,6,0.6666666666666666,0.8816213642849642,0.9999781847000122,0.9946353912353516,0.727526758982775,0.32700634730945866,0.23790586802484612
1376,68,19,0.3684210526315789,0.9968943736132454,0.9999722838401794,0.9998819530010223,0.9848192358340442,0.18156097362564383,0.1788047393032916
1658,68,10,0.6,0.8940127106273875,0.9993853569030762,0.9956371307373046,0.7480342368429694,0.288253730070293,0.21562365899027092
2033,68,5,0.8,0.657718251733219,0.9989480972290039,0.9945858001708985,0.45025574085642694,0.2989354559073306,0.1345974051678089
3172,68,31,0.6774193548387096,0.854485042831477,0.9999621510505676,0.9935993194580078,0.6854216090251669,0.401930135837439,0.2754916004214013
3978,68,26,0.6153846153846154,0.8412060947979197,0.9997162818908691,0.9933544158935547,0.6660227971781351,0.3684548698967648,0.24539934308254913
2832,67,35,0.3142857142857143,0.9368473567179779,0.9999309182167053,0.9977886199951171,0.8272108096825858,0.30936125816845084,0.25590697685394764
154,67,5,0.6,0.5295625044338739,0.9999212622642517,0.8899658203124999,0.33513897597525083,0.3377680928697393,0.11319925276147785
877,67,6,0.8333333333333334,0.7947478249891481,0.9999663233757019,0.9913612365722656,0.6032336420738236,0.5790464915937934,0.34930032405419364
3993,67,10,1.0,0.9942572623936098,0.9999993443489075,0.9999144196510314,0.9744681339634846,0.1820838780440659,0.1774349368624356
2871,67,11,0.36363636363636365,0.7365561670331813,0.9995355606079102,0.9922775268554688,0.5333780877610212,0.46202766448322274,0.24643543217475206
3249,67,8,1.0,0.7156966826808986,0.9999794363975525,0.9880142211914062,0.5102526372601665,0.6370446089480745,0.32505369176812643
61,66,24,0.20833333333333334,0.9992771248022715,0.9999998211860657,0.999991238117218,0.9957069608379723,0.1338069030581992,0.1332324647832207
2622,66,59,0.9661016949152542,0.2769289522460013,0.9999899864196777,0.844970703125,0.1545942211212476,0.2742386165718872,0.04239570533029936
3614,66,12,0.75,0.7183214100924405,0.9983701705932617,0.923095703125,0.5131166946662448,0.5475441860628494,0.2809540629362886
5560,66,9,0.7777777777777778,0.9352512070626924,0.9996824264526367,0.9976968765258789,0.823969826387372,0.42883253660286624,0.3533450707339201
4849,66,52,0.5769230769230769,0.6389709575609728,0.99998939037323,0.98223876953125,0.43205716123569815,0.4759708669428889,0.2056466216022388
2051,66,12,0.5,0.7469103182807113,0.9999958872795105,0.9990668296813965,0.5452071078871559,0.15238934284133543,0.08308375288334875
128,65,11,0.6363636363636364,0.9131379466790419,0.9999971985816956,0.9954483032226562,0.7815931792785784,0.38723619609094195,0.3026611696344623
608,65,10,0.6,0.852341864659236,0.9998561143875122,0.9960575103759766,0.6822451454991199,0.46139859349412515,0.3147869505514887
472,65,47,0.23404255319148937,0.9869195754711445,0.9999120235443115,0.9994981288909912,0.9495868644881624,0.27106481226503054,0.25739958515182276
3607,65,5,0.2,0.742176117346837,0.9999967217445374,0.9719421386718751,0.5397731643161113,0.405781038720336,0.21902971528955426
2512,65,5,1.0,0.4563004090235783,0.9998500347137451,0.96236572265625,0.27753427084936066,0.23709094110836393,0.06580086146549849
2519,65,12,0.9166666666666666,0.7694656280370858,0.9998906850814819,0.9916748046875,0.5718496923711671,0.2339320340437826,0.13377396170369849
2815,65,28,0.35714285714285715,0.8833692284730764,0.9999343752861023,0.9978275299072266,0.7303757025962399,0.38573019268388653,0.2817279604940766
5439,65,48,0.5625,0.6720142731299767,0.9991765022277832,0.9946075439453125,0.46451206413575974,0.36375634064938633,0.16896920863751702
3145,64,30,0.3,0.9864524696022272,0.999993085861206,0.9999356091022491,0.9481321683317891,0.1771470306001729,0.16795879823647972
2442,64,20,0.3,0.971313756890595,0.9999865889549255,0.9979527473449707,0.9055283013935678,0.4199923590785404,0.38031496751466803
2281,64,5,1.0,0.9858117420226336,0.9999930262565613,0.9998313188552856,0.9461452077500853,0.1626394309514787,0.15388051818594248
1475,64,54,0.9814814814814815,0.8780079679563642,0.9999299645423889,0.9970083236694336,0.7217091427409755,0.39286181877143345,0.2835319664411917
2549,64,14,0.9285714285714286,0.7615694999694824,0.982666015625,0.860009765625,0.5624109046923429,0.7809271321093304,0.4392019348684053
2879,64,30,0.3,0.983736302703619,0.9999983906745911,0.9999692559242248,0.9398467748114729,0.3147972945364491,0.295861221989459
5080,63,10,0.2,0.9404570413014245,0.9997339248657227,0.9957351684570312,0.834627502269849,0.40518651970333985,0.33817981289341154
1039,63,19,0.6842105263157895,0.7962572839525011,0.9992499351501465,0.968536376953125,0.6051664274754145,0.505286205285526,0.3057822477052507
4160,63,10,0.5,0.7607371163746667,0.9999765157699585,0.9895599365234375,0.5613909637379484,0.32681195341534464,0.1834692774889218
2112,63,9,1.0,0.6470932468535409,0.9999796152114868,0.9990549087524414,0.4398812702593058,0.4387239263714434,0.19298643802542068
1395,63,5,0.6,0.8125180895366366,0.999394416809082,0.9877517700195313,0.6264079838388322,0.3749661934178672,0.23488181722660778
1731,63,11,0.6363636363636364,0.9784010648727417,0.9998955726623535,0.999512767791748,0.924499068270874,0.24952720916988758,0.23068767238579255
1850,63,11,1.0,0.7491815960596478,0.998687744140625,0.974005126953125,0.5478506792649933,0.3453032947908269,0.18917464460359473
5167,63,28,1.0,0.782890796661377,0.9995970726013184,0.9917648315429688,0.5883051077388894,0.19856922511793396,0.11681928937663393
5646,63,40,0.75,0.7427612287657601,0.999997079372406,0.9997021675109863,0.5404546245239111,0.234500821098251,0.1267370532172041
2072,62,7,0.42857142857142855,0.8961571455001831,0.9996926784515381,0.9940010070800781,0.751679892775731,0.3386735612399324,0.2545741061988074
3985,62,7,0.2857142857142857,0.6161408799309884,0.9999807476997375,0.95325927734375,0.4105834596606754,0.4034385450832034,0.16564519360073102
2198,62,6,0.16666666666666666,0.9233583769490642,0.9999855756759644,0.9976943969726563,0.8006378882745853,0.3567060790823908,0.2855924018912326
3730,62,10,0.4,0.9791479774059788,0.9999998211860657,0.9981483459472656,0.9265855051200436,0.30277113350918117,0.2805433436783728
3006,62,6,0.5,0.7289956221657414,0.9999623894691467,0.9952314376831054,0.5249083882901033,0.2223338525030658,0.11670490417971383
3042,62,42,0.8095238095238095,0.5935067294105407,0.9999210238456726,0.9770629882812499,0.389971664017541,0.4171582646884441,0.16267990263922236
3826,62,9,0.8888888888888888,0.9889920863413042,0.9999727010726929,0.9998085975646973,0.9562147535226916,0.2195946498581426,0.20997964398900557
4253,61,17,1.0,0.6580654245908143,0.9995629787445068,0.9789276123046875,0.45060537619894075,0.37805524997428375,0.17035372813864672
465,61,7,0.8571428571428571,0.4311571590235976,0.9926948547363281,0.8016357421875,0.2588632039546704,0.3723015284156531,0.09637516648289672
1010,61,42,0.5952380952380952,0.7327217352194865,0.9979114532470703,0.952178955078125,0.5290691706205473,0.36498990270140497,0.19310490510710657
1029,61,39,0.358974358974359,0.9488020578368765,0.9999870657920837,0.9982528686523438,0.8523741452978596,0.47530067976337564,0.40513401067279897
1322,61,35,0.8571428571428571,0.8277298505188989,0.999920129776001,0.9997918605804443,0.6470447565259655,0.21206644419721787,0.1372164807529161
1994,61,47,0.9787234042553191,0.6112798491462332,0.9998742341995239,0.93438720703125,0.4060890020690685,0.578052703991691,0.23474084570731243
2663,61,20,0.25,0.8238778104547595,0.9999935030937195,0.9988832473754883,0.6417446085964663,0.16943379100357636,0.1087332218906056
5240,60,33,0.36363636363636365,0.8976212004820506,0.9999772310256958,0.9989295482635498,0.7541878783902317,0.3587566448393992,0.27056991282982434
4607,60,8,0.25,0.40565036435921986,0.9999885559082031,0.9992632389068603,0.24047366120555075,0.2937734944426731,0.07064478777377811
152,60,31,0.41935483870967744,0.981733978788058,0.9999986290931702,0.9996997237205505,0.9339619187437862,0.45174627834085046,0.4219138209045852
1037,60,22,0.8181818181818182,0.6063707292079925,0.9999850988388062,0.9968252182006836,0.4015988326191482,0.274604573180808,0.11028087602129194
2727,60,49,0.7346938775510204,0.5877553164958954,0.9999329447746277,0.9987688064575195,0.3848426365369122,0.16834918116109443,0.06478794273686585
3411,60,7,0.8571428571428571,0.3743596176306407,0.9998728036880493,0.9030456542968751,0.21854671920589638,0.13767889734360705,0.030089271318330724
4126,60,16,0.625,0.8057348887125652,0.9950942993164062,0.9438323974609375,0.6174508471294178,0.5872498333015386,0.36259790704864436
3324,60,16,0.375,0.9425905525684357,0.9997907876968384,0.9993949890136719,0.8390873114087871,0.30699601499583773,0.2575964608360692
3470,60,7,1.0,0.9586384932200114,0.9993877410888672,0.9978355407714844,0.87451806362874,0.2520767995954747,0.22044571466796448
3091,59,6,0.6666666666666666,0.8369462975000931,0.9999904036521912,0.9993988037109375,0.6599639066503784,0.30788132355653486,0.20319056107905992
1847,59,46,0.17391304347826086,0.9956894304792759,0.9999968409538269,0.9999390244483948,0.9799364323817921,0.24842491315609672,0.24344062311294193
1369,59,14,0.5,0.7618375329648034,0.9999608993530273,0.9980226516723633,0.5626968443900882,0.3050615499960315,0.17165717152751606
1574,59,15,0.3333333333333333,0.9649181891295869,0.9999721646308899,0.999390697479248,0.8894798116666982,0.18881916863412618,0.16795083855574508
1576,59,13,0.23076923076923078,0.9450959674382614,0.9997153282165527,0.99532470703125,0.8443880836257845,0.4188325904001139,0.35365724836797535
5670,59,32,0.25,0.9636538331791505,0.9997886419296265,0.9979598999023438,0.8863922878782953,0.42688135750142997,0.378384343128285
2844,59,7,0.7142857142857143,0.9339446364823034,0.9999727010726929,0.9993098258972168,0.8213333244588665,0.297634803850101,0.2444573829208661
3337,59,46,1.0,0.29174681033118294,0.9997940063476562,0.8905517578125001,0.1639296161560399,0.3084414489614816,0.050562688334868454
193,58,51,0.9803921568627451,0.33838319572909126,0.9999982118606567,0.9845443725585937,0.19422254381258613,0.25051272828461246,0.04865521934486863
2667,58,10,0.5,0.7467722810547928,0.9999910593032837,0.9988552093505859,0.5450607846938954,0.22145062199903054,0.1207040497977428
1464,58,28,0.8214285714285714,0.6934189457317879,0.9999093413352966,0.8720031738281254,0.4864974469922766,0.47629806932231855,0.23171779473265836
1505,58,6,0.6666666666666666,0.7637930954324788,0.9999524354934692,0.98114013671875,0.5650328027414389,0.4457401832564052,0.2518578250398492
1564,58,6,0.6666666666666666,0.7699012972157577,0.9999589323997498,0.9927614212036133,0.5723729933778259,0.27614491354412307,0.15805789077131066
3691,58,5,0.4,0.9909207173462572,0.9999960660934448,0.999727201461792,0.9626321787982889,0.2715700757145062,0.2614220936814714
5136,58,46,0.8043478260869565,0.724669486284256,0.9999784827232361,0.9953086853027344,0.520097979412216,0.3457074105152329,0.1798017256768021
2655,57,35,1.0,0.41105762280915914,0.9991359710693359,0.9754058837890625,0.244316785532929,0.5324006331808303,0.1300744113144365
986,57,33,1.0,0.5980390582168311,0.97332763671875,0.9022338867187499,0.3940501535004447,0.4449582086339171,0.17533585041347793
968,57,39,0.7692307692307693,0.8712020422282972,0.9999817609786987,0.9997058391571045,0.7109385301854023,0.5166218325059555,0.3672863662634731
2313,57,29,0.2413793103448276,0.9952330338327509,0.9999882578849792,0.9998964667320251,0.9781713649518624,0.17480424812463025,0.1709885099874536
5468,57,25,0.28,0.9268232772224828,0.9999326467514038,0.9991991996765137,0.8072994578375878,0.31316311796563046,0.252816415348382
3233,57,11,0.45454545454545453,0.9497336902116474,0.9999723434448242,0.9994587898254395,0.8544117851817167,0.29253492775292245,0.24994528984937897
1378,57,5,0.6,0.9047058611585382,0.9998980760574341,0.9965782165527344,0.7664892747105088,0.252675342690336,0.19367294015594488
4683,57,26,0.46153846153846156,0.9951451075704474,0.9999996423721313,0.9999464869499206,0.9778320267188042,0.187370227673208,0.18321660947245674
2179,57,35,0.8285714285714286,0.525538700714446,0.9999538064002991,0.9852508544921875,0.33183841962321525,0.2710984353191308,0.0899608763386268
79,56,22,0.3181818181818182,0.9835370438439506,0.9998723268508911,0.9995435476303101,0.9392551182826234,0.22147271272875857,0.2080193789904236
171,56,5,0.6,0.9819603764585086,0.9999898672103882,0.9999472200870514,0.9346154877380517,0.19406009137110314,0.18137156694729445
4933,56,6,0.16666666666666666,0.8843449790562902,0.9999985098838806,0.998682975769043,0.7319656194295141,0.3570199876921746,0.26132635643982005
2089,56,14,0.21428571428571427,0.9643900564738682,0.9988527297973633,0.9970560073852539,0.8881890424892067,0.23267352036880107,0.20665807126895835
630,56,31,0.6451612903225806,0.9815972160015788,0.9999924302101135,0.9993939399719238,0.9335667388773758,0.34946220250174453,0.3262462887504588
1366,56,7,0.42857142857142855,0.8213055442486491,0.9999694228172302,0.996638298034668,0.638243756189323,0.38299066149404304,0.24444139837739157
2668,56,7,0.7142857142857143,0.8291029898183686,0.9999991059303284,0.9959831237792969,0.6489534633403689,0.3556792454544627,0.23081927817596273
1474,56,15,0.6,0.9436051653964179,0.9999954700469971,0.9981913566589355,0.8412123253692849,0.3339442271489461,0.28091799986361365
1472,56,12,0.8333333333333334,0.8904242302690234,0.9999987483024597,0.9992825984954834,0.742002656622777,0.383694049929422,0.2847020043779836
2120,56,11,0.45454545454545453,0.9362284253750529,0.9999796152114868,0.997593879699707,0.825945528828349,0.4105508424312996,0.33909263266284395
2666,56,25,0.92,0.6256974765232631,0.9965248107910156,0.9613800048828125,0.41947419141594755,0.4088534904794402,0.171503487326451
2546,55,39,0.9743589743589743,0.9520932403477755,0.9999329447746277,0.9929779052734375,0.859629617492804,0.4495417485592301,0.38643940136101723
1928,55,16,0.5,0.8261271346699107,0.9995520114898682,0.963818359375,0.6448396794820497,0.5903943288795348,0.38070968980269904
1088,55,32,1.0,0.7758727680553089,0.9981842041015625,0.9928306579589844,0.5796315823713818,0.570755906645336,0.3308281493166488
4614,55,30,0.3333333333333333,0.973275544426658,0.9999900460243225,0.999795651435852,0.9106451173482413,0.24607373545511502,0.2240858456998433
1948,55,27,0.7407407407407407,0.6049639311703768,0.9999767541885376,0.9870986938476562,0.4003062680122617,0.2308357484109077,0.09240499697018784
1684,55,36,0.9722222222222222,0.8312917709350586,0.9989547729492188,0.959051513671875,0.651997379407032,0.6370569722360966,0.4153594764309133
4325,55,48,1.0,0.7452689506790855,0.9999987483024597,0.987542724609375,0.5433314371714781,0.6201490436071315,0.33694647112358045
289,54,22,1.0,0.9558736207308592,0.9999977946281433,0.9999298572540283,0.8681338108375127,0.35575771315557614,0.30884529925658905
446,54,6,0.8333333333333334,0.5866090633251049,0.9967861175537109,0.9107238769531251,0.38383047199291115,0.3720589876666729,0.14280757684530376
4845,54,11,0.5454545454545454,0.6427725862573694,0.999730110168457,0.9570953369140626,0.4357114537051851,0.2803965600709698,0.12217199280245551
1402,54,11,0.9090909090909091,0.9449275389865592,0.9999969601631165,0.9991644382476806,0.844030771211866,0.21856527255343583,0.18447581555340814
3720,54,17,0.47058823529411764,0.9817201473094799,0.9997105598449707,0.9980387687683105,0.933916410601908,0.5822699284067615,0.5437914415390727
1129,54,30,0.9666666666666667,0.5888701898080332,0.9972629547119141,0.7746582031250001,0.3858466991452487,0.4767632064770657,0.18395750949308046
2296,54,34,0.38235294117647056,0.97205815271095,0.9999999403953552,0.9999432682991027,0.9074524605662999,0.17157681281996184,0.15569780096959784
1685,53,43,0.7906976744186046,0.8009838068260337,0.9987287521362305,0.9920867919921875,0.6112617593027925,0.37747725533418797,0.23073741119236515
1687,53,28,0.7142857142857143,0.9217152438073788,0.9999375939369202,0.99715576171875,0.7975197753304086,0.3987656317776269,0.31802347706478146
1596,53,5,0.4,0.9038980052156268,0.9997155666351318,0.9939895629882812,0.7650613305509266,0.40721057492007506,0.3115410642627604
4922,53,23,0.782608695652174,0.963570606033757,0.9999931454658508,0.9993745803833007,0.8862075141078516,0.3616432528018958,0.32049096805944544
822,53,21,1.0,0.7096434449249843,0.9995331764221191,0.9930587768554687,0.5037088478072396,0.5128354961743244,0.258319776892623
944,53,10,0.8,0.8256859689388635,0.9960594177246094,0.974334716796875,0.6442346576244109,0.27894951020879577,0.17970894220386066
1007,53,45,0.9111111111111111,0.6572987313540477,0.9998691082000732,0.8938720703125,0.44985426140219437,0.4764876259894856,0.21434998905678507
1314,53,36,0.9444444444444444,0.9334309730889663,0.9999923706054688,0.9998188018798828,0.8203060846867973,0.16106374607458718,0.13212157092743312
1837,53,5,0.6,0.8885050089854114,0.9995236396789551,0.9962997436523438,0.7388179269826524,0.2050436379116667,0.15148991550287916
1942,53,5,0.4,0.5891674509588277,0.9995307922363281,0.9909912109375,0.38610467903284784,0.25468565400770193,0.0983353226949147
2248,53,27,0.5185185185185185,0.8701497068944967,0.9999303817749023,0.9963912963867188,0.7092773349504367,0.41671507050817236,0.2955665546437198
2431,53,31,0.9354838709677419,0.7129731628130067,0.9994058609008789,0.9893905639648438,0.5073005223912215,0.3466757423499205,0.17586878519447915
2552,53,15,1.0,0.6439844347395987,0.9992551803588867,0.9672119140625001,0.43685435977001164,0.3074857287979167,0.13432648119242932
2688,53,10,0.4,0.9759974254752105,0.9999980330467224,0.9999102473258972,0.9178933248092368,0.4943697175229831,0.4537786637021742
3856,53,46,0.9565217391304348,0.7298215470224056,0.967041015625,0.953973388671875,0.5258348768257207,0.35050036492603454,0.18430531621825152
4,52,10,0.7,0.8830269334407953,0.999984622001648,0.9994824409484864,0.7298073652209527,0.24427004512241846,0.17827007803319544
4149,52,27,0.5185185185185185,0.8282538927518405,0.9974746704101562,0.9904396057128906,0.6477782284294349,0.3039165124731378,0.19687050004030143
133,52,8,0.125,0.9907599985599518,0.9998956918716431,0.9988664627075196,0.9620806512291751,0.2390439731709335,0.22997958138070115
5473,52,6,1.0,0.9821062947695072,0.9999976754188538,0.9998925864696503,0.9350476902136875,0.2743500343821538,0.25653036595907863
5276,52,39,0.9743589743589743,0.9130299160113702,0.9999977350234985,0.9902702331542969,0.7813935581578504,0.6369397352021469,0.49770060602172456
959,52,8,0.5,0.9413551699656707,0.9999898076057434,0.9957656860351562,0.8364972669973761,0.3433132405826307,0.28718058747138325
3991,52,39,0.3333333333333333,0.9897620723797724,0.9999815225601196,0.9996977329254151,0.9587463219126492,0.4029213664853686,0.3862993781378657
2615,52,6,1.0,0.8412062571598933,0.9972915649414062,0.98973388671875,0.6660317454273825,0.45253658392007867,0.3014037308580352
3412,52,25,1.0,0.6036352698619549,0.9998490810394287,0.9934608459472656,0.39911758633237626,0.4735676599835881,0.18900918141772113
473,51,13,0.6153846153846154,0.9118746963201785,0.9976291656494141,0.9783935546875,0.7792995555145649,0.44628932136089894,0.34779306976744534
1099,51,13,0.3076923076923077,0.9667175342054928,0.9999060034751892,0.9984979629516602,0.8939093404049151,0.2691013057436721,0.2405521707194273
4337,51,46,1.0,0.1994754718799217,0.9999735951423645,0.8662109375,0.10771778280920583,0.20646476597959829,0.022239926819543877
1463,51,37,0.5675675675675675,0.7200209673713235,0.9459228515625,0.89715576171875,0.5149757030726755,0.3719941193043603,0.19156793312766368
1813,50,35,0.2,0.9692780935764312,0.9999251961708069,0.9985434055328369,0.9003205912576029,0.19011659027632632,0.17116588096546156
467,50,12,0.5833333333333334,0.9975330257415771,0.9999987483024597,0.9999415278434753,0.9875279408901957,0.14690150361072862,0.1450693393743765
3546,50,11,0.45454545454545453,0.9709148597717285,0.9999926090240479,0.9988405704498291,0.9044907510089071,0.4252197150780612,0.3846072994347491
3846,50,37,0.3783783783783784,0.9700081765651702,0.9999988079071045,0.9998006224632263,0.9021776551454871,0.23232456451304495,0.20959803084507533
3832,50,5,0.2,0.7730392444133759,0.9999939799308777,0.9996560096740723,0.5761839471360073,0.3876074317432143,0.22333317996105576
1652,50,7,0.7142857142857143,0.9969320809841156,0.9999983906745911,0.9999619722366333,0.9849772613416113,0.3314232485575571,0.32644436370916274
3602,50,9,0.5555555555555556,0.7972795557975769,0.9998573064804077,0.9881767272949219,0.6064839087678806,0.537142324046226,0.32576817625221866
1946,50,25,0.56,0.9909518384933471,0.9997609853744507,0.9993680953979492,0.9627291382938705,0.14759098256172531,0.1420901394615955
2592,50,6,1.0,0.8767783832550049,0.9992666244506836,0.9975503921508789,0.7197400417289535,0.49542501308136566,0.35657721958874944
1569,49,5,0.6,0.8776874420594196,0.9999765157699585,0.9988224029541015,0.7211936866739621,0.318747092630562,0.2298783908508419
126,49,14,0.35714285714285715,0.9945756683544237,0.9999686479568481,0.9995331764221191,0.975665136329217,0.28906696765184525,0.28203256240231095
940,49,14,0.35714285714285715,0.9974032895905631,0.9999974370002747,0.999962568283081,0.9869726200432097,0.14770760552619833,0.14578336242650083
426,49,10,0.7,0.9747147706090188,0.9998774528503418,0.9988587379455567,0.9144495550459186,0.4383210129548267,0.40082245526381766
5277,49,40,1.0,0.9301519004666076,0.9999061822891235,0.9936180114746094,0.8137991695188178,0.5483784997312953,0.44626996766330335
2182,49,9,0.3333333333333333,0.9014486561016161,0.9999347925186157,0.99929838180542,0.7607963081565867,0.3325600018811933,0.25301042167175936
2617,49,6,0.6666666666666666,0.9339211133061623,0.9995675086975098,0.9945728302001953,0.8212912595177347,0.44532287866199827,0.3657397879083759
1056,49,32,0.34375,0.9780087373694595,0.9999884366989136,0.9996441602706909,0.9234121719187813,0.27780982157531187,0.2565329707212278
1194,49,28,0.5714285714285714,0.9655711784654734,0.9999973773956299,0.9999127268791199,0.8910758060528383,0.2347251065520406,0.20915786352169793
3603,49,42,1.0,0.5160561970302037,0.9996752738952637,0.9981792449951172,0.3241263038292521,0.3205506510161561,0.10389889770392717
2978,49,6,0.3333333333333333,0.9662839064792711,0.9999633431434631,0.9956501007080079,0.8928333622579425,0.23261755361057512,0.20768871251034698
2950,49,8,0.5,0.9808204137549108,0.999967098236084,0.9996279239654541,0.9313340950984441,0.4411018162153312,0.4108131608511857
3424,49,10,1.0,0.9677663044053681,0.9994511604309082,0.9971630096435546,0.8965147078784036,0.28394016404698164,0.25455653322552574
4423,49,43,1.0,0.3894265342731865,0.9999904632568359,0.9832862854003906,0.229028707091362,0.1973913141397703,0.04520827746849647
5281,49,38,1.0,0.3438618402091824,0.9999946355819702,0.9843353271484375,0.19787009844485595,0.33880676603372717,0.06703972814887688
5294,49,35,0.7714285714285715,0.7636085262103957,0.9999614357948303,0.998359489440918,0.5648096327858432,0.19129609310477724,0.1080458760998757
5451,48,8,0.5,0.979221743841966,0.999875545501709,0.9989929676055909,0.9267876188284058,0.42585439149757087,0.3946765774636534
5272,48,43,1.0,0.5995957056681315,0.992340087890625,0.9800628662109375,0.3954494483753045,0.43299147114884085,0.17122623841702067
556,48,41,1.0,0.6361058702071508,0.9999956488609314,0.9996445417404175,0.42931376037383234,0.4558608336562253,0.19570732870410415
2136,48,28,0.9642857142857143,0.845319797595342,0.9991650581359863,0.9932315826416016,0.6719652725285573,0.4645145077069567,0.3121376177647738
868,48,11,0.5454545454545454,0.8678217207392057,0.9999863505363464,0.9991267204284668,0.7056730509075329,0.3274950643586757,0.2311044412231455
1637,48,8,1.0,0.9926642365753651,0.9999671578407288,0.9996445178985596,0.9686769304378038,0.2975059324259427,0.28818713340939883
4194,48,15,0.3333333333333333,0.8947958337763945,0.9999688267707825,0.999632453918457,0.7493582796534914,0.26721070581379547,0.200236554813621
2328,48,12,0.4166666666666667,0.5268403639396032,0.9997072219848633,0.9674362182617188,0.3329046475130204,0.3308148195474202,0.11012979089351738
3736,48,14,0.5,0.9968172684311867,0.9999957084655762,0.9999248027801514,0.9845038040576195,0.19442697489804184,0.1914140963985375
4917,48,38,0.7631578947368421,0.9563672045866648,0.9998952150344849,0.9992691516876221,0.869269115900673,0.2723654174893373,0.23675884566287392
4775,48,8,0.75,0.9182951624194781,0.999900221824646,0.9812545776367189,0.7911012070300293,0.5486025220253705,0.43400011735398886
3485,48,29,1.0,0.5525283540288607,0.9999879002571106,0.8379516601562501,0.3543037535494366,0.46345441401872967,0.16420363848589056
3904,48,24,0.7916666666666666,0.9416316747665405,0.9993991851806641,0.9971426010131836,0.8370765658513406,0.28255218222372913,0.2365178103696414
5523,48,6,0.6666666666666666,0.8418067122499148,0.9998818635940552,0.9892398834228516,0.6668860298653945,0.2589640802899855,0.17269952738233169
2185,47,5,0.4,0.9186319138141389,0.9997727870941162,0.9980949401855469,0.7917335488373917,0.4156340914914928,0.3290714542743647
695,47,30,0.6333333333333333,0.8573146525849688,0.9998760223388672,0.9997210502624512,0.6896570176590199,0.19310101223023002,0.13317346820163836
1727,47,21,0.19047619047619047,0.9982303013192847,0.9999883770942688,0.9998766899108886,0.9906437383053167,0.25024929337266955,0.24790789549496528
1043,47,37,0.5945945945945946,0.9707839133891654,0.9998533725738525,0.9996065616607666,0.9041629617669344,0.24182102422300056,0.2186456134789818
1932,47,14,0.21428571428571427,0.9991657822690112,0.9999939799308777,0.9999706387519837,0.9951420506434795,0.16002730161176282,0.15924989708487225
2262,47,6,0.3333333333333333,0.7756953290168275,0.999859094619751,0.9916656494140625,0.5794146357857906,0.19244133006800868,0.11150332317148835
2115,47,11,0.9090909090909091,0.9890021060375457,0.9999796152114868,0.9998938322067261,0.9562503821869441,0.25913183630366265,0.24779491750218205
2172,47,7,0.42857142857142855,0.9640991066364532,0.999891459941864,0.994732666015625,0.887485133688908,0.3406198255055729,0.3022950313759059
4511,47,27,1.0,0.9313194143011215,0.9995930194854736,0.9900543212890625,0.8161035630964516,0.4882494438618262,0.3984621108154973
5464,46,12,0.4166666666666667,0.9964649379253387,0.9999602437019348,0.9998482465744019,0.9830436735872687,0.23489759239209684,0.23091459214193175
4771,46,13,0.9230769230769231,0.9838701978973721,0.9999555349349976,0.9996072053909302,0.9402499409219851,0.28483537950456894,0.26781644875166216
683,46,20,0.2,0.9981079503245975,0.9999732375144958,0.9999509155750275,0.9900793714630034,0.24816891217747783,0.24570692058533453
5554,46,13,0.6923076923076923,0.7079681313556173,0.9973239898681641,0.9701919555664062,0.5019028738162159,0.22482694231367228,0.11284128845854471
5141,46,23,0.8695652173913043,0.8064334081566852,0.9993076324462891,0.9882736206054688,0.6183637639014785,0.24092905182988966,0.14898179532274497
3359,46,38,0.6052631578947368,0.9212116793445919,0.9999774098396301,0.996795654296875,0.796565183967477,0.27313566901140496,0.2175703644341497
3429,46,14,0.7142857142857143,0.9787905216217041,0.9996674060821533,0.9990460872650146,0.9255907610492017,0.596791255041057,0.5523844719409602
4182,46,19,0.5789473684210527,0.9164093499598296,0.99988853931427,0.98992919921875,0.787600114736764,0.2907042220389081,0.22895867863230573
2165,46,12,0.5,0.8151575210301772,0.9999303221702576,0.9983553886413574,0.6299377864825642,0.2190215825164702,0.1379699708823335
4204,46,7,0.42857142857142855,0.9855499617431475,0.9999825954437256,0.9993875026702881,0.9453380637176766,0.3051231005965698,0.28844448111349513
2206,46,35,0.9428571428571428,0.7382382296997568,0.9999995827674866,0.9999824166297913,0.5353033677394656,0.22900274661671882,0.1225859414855171
2913,46,8,0.75,0.804277206244676,0.9999739527702332,0.9687118530273438,0.6155457821200363,0.47319824873189453,0.2912751861135055
3874,45,21,0.7142857142857143,0.8881130403942532,0.9999959468841553,0.9996953487396241,0.7381609717107385,0.15094135489779859,0.11141901720269444
1667,45,14,0.35714285714285715,0.963648545742035,0.9999534487724304,0.9978893280029297,0.8863995933630731,0.41856308335463654,0.3710141468823439
1824,45,13,0.23076923076923078,0.7126991894510057,0.9999933838844299,0.935467529296875,0.5070040008448748,0.15401888811549347,0.07808819248023434
347,45,36,0.9444444444444444,0.7959524154663086,0.9986801147460938,0.9977737426757812,0.6047833646555307,0.6578094150332543,0.397832191325898
555,45,30,1.0,0.905194710360633,0.9999445676803589,0.9980247497558594,0.7673486824928444,0.5406107899938788,0.4148369774432187
4878,45,29,1.0,0.9269196841451857,0.9999457001686096,0.9939140319824219,0.8074869879926139,0.2286205343651906,0.1846081066878096
4540,45,18,0.2222222222222222,0.9817223641607496,0.999989926815033,0.9932510375976562,0.9339317860788638,0.24485985279571232,0.2286823996605073
1659,45,5,0.4,0.9461987111303541,0.9998940825462341,0.9996034622192382,0.8467459375153493,0.20910693987138917,0.1770604518423652
2291,45,29,0.8620689655172413,0.9438928604125977,0.9992198944091797,0.9951377868652344,0.8418307679949855,0.2663754080457328,0.22424301433011687
2375,45,35,0.5142857142857142,0.6815341525607639,0.96746826171875,0.8972045898437501,0.47420038847884594,0.3404226963406498,0.16142857485175235
1140,44,8,0.625,0.9847163937308572,0.9999993443489075,0.9998743414878846,0.9427963033856426,0.1879102790265772,0.17716111643442162
2524,44,7,0.8571428571428571,0.9503915255719965,0.9999855160713196,0.9995267629623413,0.8558605953166656,0.23873797759176685,0.20432642762638634
942,44,30,0.2,0.9631905555725098,0.9996881484985352,0.9973087310791016,0.8852847245804003,0.21446314758321694,0.18986094854085395
1703,44,17,0.5294117647058824,0.9811656895008954,0.9999284148216248,0.999118423461914,0.9323141450122323,0.4775927384919887,0.4452664656512091
664,44,6,0.3333333333333333,0.9579590179703452,0.9995615482330322,0.9937206268310547,0.8729377484996241,0.20214726583539333,0.17646197910370323
3723,44,15,0.26666666666666666,0.9546506012027914,0.999992847442627,0.999370527267456,0.8653622403667675,0.23372853386396264,0.20225984770215857
1159,44,12,0.75,0.9428055611523715,0.9999974966049194,0.9998122692108155,0.8395409110794905,0.3191078802407744,0.2679041205099847
1668,44,6,1.0,0.9038068570873954,0.9999812841415405,0.993548583984375,0.7649112981716902,0.3921546386426875,0.29996351372822816
5005,44,9,0.6666666666666666,0.8801193779165094,0.9999014139175415,0.9988113403320312,0.7250877674900651,0.38839998889180416,0.28162408083872437
2215,44,36,0.8333333333333334,0.993547260761261,0.9999349117279053,0.9994412899017334,0.9718565818655913,0.20764492195768713,0.20180108409554529
3011,44,5,0.8,0.9334355741739273,0.999983012676239,0.9973239898681641,0.8203180486102493,0.16540103292133546,0.13568145256414949
5524,44,8,0.875,0.9401472116058524,0.9999917149543762,0.98221435546875,0.8339957186834343,0.6417843518741531,0.5352454017810664
5088,44,25,1.0,0.8714324994520708,0.9988069534301758,0.9771987915039063,0.7112926913139463,0.7221596828021931,0.5136669043387978
105,43,8,1.0,0.8890855035116506,0.9965229034423828,0.98349609375,0.7397716267384773,0.4808202813593331,0.3556972017100462
284,43,11,1.0,0.9775390888369361,0.9999850988388062,0.9998494148254394,0.9221173923635496,0.3653025511844181,0.33685183592192774
398,43,19,0.2631578947368421,0.9605217867119368,0.9999405741691589,0.9996552467346191,0.8789288077248256,0.20659010354624152,0.18157799339764633
2441,43,11,0.2727272727272727,0.9804620604182399,0.9999942779541016,0.9999248504638671,0.9303025993284859,0.3114462955579139,0.2897392983087552
541,43,29,0.9310344827586207,0.9220279649246571,0.9996089935302734,0.9969413757324219,0.7981092344935632,0.47012347157132517,0.37520988401324673
1666,43,30,0.9,0.6982345026592875,0.9997339248657227,0.9930496215820312,0.49156855083479817,0.34185881437597954,0.16804704197290252
722,43,14,1.0,0.6952802968579669,0.9938163757324219,0.9028198242187501,0.4884622697678159,0.5376799287230916,0.2626363583926788
748,43,5,0.8,0.9549974937771641,0.9999847412109375,0.9993240356445312,0.8661545457764822,0.3427832854832009,0.29690330093747214
1882,43,33,0.42424242424242425,0.9624402620071588,0.9999402761459351,0.999811315536499,0.8834849199547047,0.3046196179869992,0.2691268388138767
999,43,8,0.625,0.8575873042261878,0.9999971389770508,0.9983081817626953,0.6900587586370273,0.18891949835819177,0.13036555451938373
2071,43,5,1.0,0.9484996476838755,0.9999938607215881,0.9980121612548828,0.8517112443014503,0.32060809584457184,0.27306552024489894
1260,43,29,0.8275862068965517,0.9399172497350116,0.999995768070221,0.9994537353515625,0.8335066543729619,0.1404040669499067,0.11702772410377409
2178,43,16,1.0,0.867540999900463,0.999940037727356,0.998499870300293,0.7052334118366806,0.27989433204703706,0.19739083474328073
2200,43,7,0.8571428571428571,0.9343690248422845,0.9999875426292419,0.9881591796875,0.8221912499098957,0.40276866501900443,0.33115287211651534
2621,43,9,0.6666666666666666,0.8564601859381032,0.999990701675415,0.9785766601562501,0.6883688173545286,0.3250592350692306,0.223760641214774
2886,43,32,0.8125,0.9808087307353353,0.9999999403953552,0.9998550176620483,0.9312919315426442,0.24559225296894216,0.22871808363935583
75,42,23,0.08695652173913043,0.9981244703133901,0.9999985098838806,0.999995231628418,0.990153132380353,0.26939033265562407,0.26673768171195145
5198,42,11,0.6363636363636364,0.9895365649745578,0.9999924302101135,0.9999406337738037,0.9579994696004843,0.22336341417094951,0.21398203230392293
294,42,18,0.3333333333333333,0.9934890539873213,0.9999992251396179,0.9999797523021698,0.9716433953278514,0.21935427399979424,0.2131341315688359
1690,42,36,0.9444444444444444,0.7255973248254686,0.9999966621398926,0.9976255416870117,0.5211249182172648,0.2826747873257902,0.14730887542723514
374,42,6,1.0,0.9607606217974708,0.9998492002487183,0.9992686748504639,0.8794881211777894,0.49544661555885317,0.4357394130617503
656,42,13,1.0,0.8894675232115246,0.9994845390319824,0.9932415008544921,0.7404137259524937,0.43033505581810316,0.3186259820862561
1026,42,19,0.3157894736842105,0.9408909706842332,0.9994850158691406,0.9983322143554687,0.8355299270724166,0.5268329954870126,0.4401847342986064
1097,42,9,0.4444444444444444,0.9775331474485851,0.9997696876525879,0.9924652099609375,0.9220958583178752,0.31937223830960804,0.294491818206999
2242,42,22,0.8636363636363636,0.7894429081962222,0.9998533725738525,0.9997107505798339,0.5965145320115139,0.30300060172096965,0.18074426213479133
2306,42,34,0.9705882352941176,0.9602123782748267,0.9999460577964783,0.9993227958679199,0.8781996934518165,0.20993149316179183,0.1843617729405677
3419,42,36,0.5833333333333334,0.6183520725795201,0.9879379272460938,0.85372314453125,0.4126302860664391,0.3005523196109341,0.12401698961899156
2470,42,7,0.2857142857142857,0.9891362800484612,0.9999924302101135,0.9999423265457154,0.9566801143022152,0.14959211050069643,0.14311179737251586
3473,42,13,0.46153846153846156,0.9247412270023709,0.9999840259552002,0.9993077993392945,0.8032814009434706,0.362515921571992,0.291202297344663
3841,42,24,1.0,0.8375840868268695,0.9949760437011719,0.9766387939453125,0.6608547470763287,0.18504898051209295,0.12229049721305167
2866,41,13,0.23076923076923078,0.9701052569761509,0.999997079372406,0.9983453750610352,0.9024317898934873,0.3740529821538813,0.33755730220012375
1924,41,11,0.5454545454545454,0.9213341212854153,0.9996187686920166,0.9910812377929688,0.7968033138552696,0.3638673731486406,0.2899307287286488
1798,41,5,0.8,0.7912019869176353,0.9988059997558594,0.9742889404296875,0.5987303231656315,0.3701439854707409,0.22161642803871148
2584,41,14,0.35714285714285715,0.9796487747169123,0.9999997615814209,0.9999361634254456,0.9280000943321649,0.21051920408272162,0.19536184124749795
1189,41,31,0.6774193548387096,0.9810471156748329,0.9999980330467224,0.9998738765716553,0.931969373634434,0.4360890974354331,0.40642168298570625
3142,41,5,1.0,0.9461467760365184,0.9998221397399902,0.9993109703063965,0.8466505344302406,0.7340810024000628,0.6215100729970999
1467,41,5,0.8,0.8625155193049733,0.9982013702392578,0.9837493896484375,0.6975200447202239,0.30741625676549644,0.21442900116679292
1483,41,9,0.5555555555555556,0.958868087791815,0.9999831914901733,0.9995288848876953,0.875046957921845,0.26100077137181454,0.22838793100416127
1913,41,17,0.17647058823529413,0.9808075006415204,0.9999791383743286,0.9997363090515137,0.9312986181820893,0.46412021453920393,0.4322345144707354
1523,41,16,1.0,0.9606326687626723,0.9999914765357971,0.999553918838501,0.8791867421513206,0.2649987329467345,0.23298337269366734
4116,41,19,1.0,0.8486219760848255,0.9997884035110474,0.9974002838134766,0.6767619144879635,0.5127001384880372,0.3469759272814081
2743,41,34,1.0,0.756681419000393,0.9999907612800598,0.9985847473144531,0.5566025767967293,0.1963168541122503,0.1092704668675061
265,40,6,0.3333333333333333,0.8944001793861389,0.9996762275695801,0.9916986465454102,0.7486873673702092,0.2706948030431593,0.20266577945118025
223,40,31,0.2903225806451613,0.975055293738842,0.9999707937240601,0.9998241543769837,0.9153518433727883,0.40658688928974995,0.3721700586025804
2833,40,8,0.375,0.9235727250576019,0.9997222423553467,0.9958878517150879,0.8010476279355853,0.28863523771618216,0.2312105725111715
1708,40,22,0.22727272727272727,0.996064642071724,0.9998304843902588,0.9995638608932496,0.9814285570723251,0.3201492078564391,0.3142035751143929
1567,40,24,0.9583333333333334,0.9222975537180901,0.9999967813491821,0.9999499440193176,0.7986236967927589,0.17068016929656682,0.13630922777283813
679,40,5,0.8,0.9873146384954452,0.999986469745636,0.9992696285247803,0.9508295792059177,0.2532654512371624,0.24081228242722796
894,40,7,1.0,0.965714055299759,0.9998632669448853,0.9963218688964843,0.8914252643373999,0.6354441965716287,0.5664510109005307
4532,40,7,0.5714285714285714,0.9910143747925758,0.9999983906745911,0.9989742279052735,0.9629491371326087,0.28455489772834697,0.2740118932343694
1317,40,5,0.8,0.9063714176416398,0.9998384714126587,0.9944893836975097,0.7694366095010248,0.25931280533335255,0.19952476573589403
3979,40,13,0.38461538461538464,0.9770272731781006,0.9978427886962891,0.9933113098144531,0.9207085200375364,0.7560628898420569,0.6961135443617832
1949,40,15,0.26666666666666666,0.98646220266819,0.9997645616531372,0.9992174625396728,0.9481559266785357,0.1406731319191178,0.13338006375354303
4152,39,6,0.5,0.9343558274782621,0.9999954700469971,0.9821609497070313,0.8221678667733308,0.6173259832474556,0.5075455867503095
538,39,19,1.0,0.965289844916417,0.9999485611915588,0.9991527080535889,0.8903878164334051,0.4388552284236481,0.3907513485665153
628,39,7,0.2857142857142857,0.9907995279018695,0.9998984336853027,0.9991623878479003,0.9622110184721343,0.23933349659938286,0.23028932751738926
815,39,5,0.4,0.6801485633238767,0.99996417760849,0.9998541593551635,0.472776736342773,0.2587337945665771,0.1223233189767678
867,39,6,0.5,0.8453179628421099,0.9998859167098999,0.9986793518066406,0.6719527567570311,0.2705396048409412,0.18178983328482828
2231,39,7,0.8571428571428571,0.9947856909189469,0.9999707937240601,0.9996837615966797,0.9764588886581171,0.2006807739148051,0.19595652547190145
4178,39,12,0.6666666666666666,0.7944788076938727,0.9986858367919922,0.9966377258300781,0.6028962188672429,0.22011953805687257,0.13270923719329264
5219,39,9,0.3333333333333333,0.9577948741423779,0.9985752105712891,0.9922954559326173,0.8725541542115671,0.38790303859204955,0.3384664077547827
3823,39,22,0.8636363636363636,0.8309200940988003,0.9997907876968384,0.9641662597656251,0.6514782928386864,0.3675754313291808,0.23946741449177852
3322,39,7,0.7142857142857143,0.779360600006886,0.9994335174560547,0.94259033203125,0.5839345206390134,0.21800676298749166,0.12730167464116396
4509,39,12,0.16666666666666666,0.9848480346875313,0.9999518394470215,0.9994365692138671,0.9431904195871779,0.23115163100182246,0.21802000383286943
5502,39,13,0.6153846153846154,0.9931284999236082,0.9999955296516418,0.99970383644104,0.9703486384853695,0.41392514282522375,0.401651698775318
3037,39,5,0.4,0.9864773138975486,0.9998695850372314,0.999074649810791,0.9482096207209492,0.23320334248825525,0.22112565293164613
3508,39,7,1.0,0.9934641550748776,0.9999257922172546,0.9998326778411866,0.9715441323672462,0.26265615674700526,0.2551820479176847
227,38,7,1.0,0.9851790603838468,0.999962568283081,0.9989190578460694,0.9442079821836258,0.3922876185621901,0.37040110075822535
508,38,24,0.7083333333333334,0.7615255023303785,0.9999772310256958,0.9999174833297729,0.5623328019903238,0.30844057547151227,0.1734462530524034
1545,38,6,0.3333333333333333,0.9006383183755373,0.9999673962593079,0.995217514038086,0.7593794030680998,0.2655253972387157,0.201634517654556
3353,38,14,0.35714285714285715,0.9772127349125711,0.9999906420707703,0.997902774810791,0.9212128614410885,0.467597270507602,0.43075661956635075
3914,38,11,0.36363636363636365,0.9755137798033262,0.9999852776527405,0.9998520255088806,0.9165839749892803,0.284478132492074,0.2607480974771123
5483,38,8,0.5,0.9756956367116225,0.9999961256980896,0.9996809482574462,0.9170948852519218,0.4344578987503771,0.39843911680126815
2212,38,19,0.7368421052631579,0.9774514577890697,0.9999549388885498,0.999830448627472,0.9218720807753968,0.16207891039508215,0.1494160223757235
2915,38,13,1.0,0.9673866472746196,0.9990835189819336,0.9910713195800781,0.8955669603774314,0.5125682127784636,0.4590391563041012
2925,38,29,0.8620689655172413,0.8796493630660208,0.9985065460205078,0.9904159545898438,0.7243485968864426,0.26035467170703075,0.18858754114381812
2981,38,8,0.25,0.9500850392015356,0.9998937249183655,0.9987889289855957,0.855183601002869,0.2215935422100368,0.18950316338616052
3317,38,5,1.0,0.9944165631344444,0.999971330165863,0.9998542129993438,0.9750664804589033,0.22041595387759294,0.2149202083844165
3859,38,11,1.0,0.8336946305475736,0.9997707605361938,0.9970945358276367,0.6553606471872149,0.28583019316393765,0.18732186037756482
11,37,18,0.8333333333333334,0.9384850795204575,0.999997079372406,0.9995072364807129,0.830559258988645,0.48758534596018255,0.4049685236344113
104,37,25,0.6,0.9810731733167494,0.99977707862854,0.999178409576416,0.9320491465283902,0.25430208488943473,0.23702204118158787
153,37,22,1.0,0.9541767706742158,0.9999619722366333,0.9995552062988281,0.8642937473878138,0.21439920335859053,0.18530389090775817
2547,37,15,0.6666666666666666,0.8362880397487331,0.9985694885253906,0.9969577789306641,0.6590245187562271,0.2845943130487769,0.18755463019772925
385,37,31,0.4838709677419355,0.941693215756803,0.9996500015258789,0.9981683731079102,0.8372020064783985,0.24269523163438433,0.20318493488704625
1013,37,14,0.7857142857142857,0.8236771918631889,0.9994935989379883,0.9436767578124999,0.6414709407643512,0.38413001615116515,0.24640824283631332
3837,37,8,0.375,0.6981560877851538,0.9999215602874756,0.9962486267089844,0.4914756713232954,0.17172967145340712,0.08440095556369222
2822,37,23,0.9565217391304348,0.9213147582234563,0.9999620318412781,0.9996942996978759,0.7967576849248013,0.30184468204919224,0.24049707007637713
1423,37,19,0.47368421052631576,0.9877768545537382,0.9999918341636658,0.9998623609542847,0.9522994346036073,0.3573850989624564,0.3403376276777015
3663,37,7,0.8571428571428571,0.9506016728040334,0.9999715685844421,0.991357421875,0.8563316224898395,0.7083268672493233,0.6065626954847582
1480,37,6,0.3333333333333333,0.9607188959379453,0.9997034072875977,0.9992805480957031,0.8793900746352479,0.5118784050059442,0.45014078878234887
1537,37,7,0.2857142857142857,0.9698042627927419,0.9999509453773499,0.9995294570922851,0.90164203342071,0.4328382968316964,0.3902652020976876
3061,37,5,1.0,0.8888307519861169,0.9982967376708984,0.9858566284179687,0.7393421871585873,0.6312601870874806,0.46671728738739693
1929,37,17,0.4117647058823529,0.9818418025970459,0.9996259212493896,0.9978229522705078,0.9342718955051341,0.16864779645900352,0.15756289647051727
2101,37,5,1.0,0.9390266360463323,0.9998620748519897,0.9989269256591797,0.831672607069063,0.46276780005117635,0.3848713027361767
2676,37,6,1.0,0.9069474967750343,0.9999589920043945,0.991265869140625,0.7704570675315356,0.33407923318169297,0.25739370632035125
2783,37,27,0.9259259259259259,0.7628856414073223,0.9999620914459229,0.940570068359375,0.5639545413368494,0.4463179059220559,0.25170300992469613
2891,37,9,0.6666666666666666,0.7415264232738598,0.9944305419921875,0.90286865234375,0.5390386732764958,0.26819083581790437,0.14456523232419768
4910,37,5,0.8,0.8338267932067046,0.9997541904449463,0.9902008056640625,0.655545403363366,0.317009636725718,0.20781421017743493
28,36,9,0.7777777777777778,0.8640146089924706,0.9999997615814209,0.9999850392341614,0.6997953237475119,0.2942135210645387,0.20588924622425425
85,36,7,1.0,0.9363203578525119,0.9989109039306641,0.9912605285644531,0.8261355235126615,0.3880765489192948,0.32060382290442857
124,36,12,0.3333333333333333,0.9995497581031587,0.9999945163726807,0.9999884963035583,0.9971744590025895,0.1839636673620505,0.18344387047788505
3526,36,21,0.7142857142857143,0.886813243230184,0.9999796152114868,0.9992314577102661,0.7360130698302138,0.1666366643088547,0.12264676284422697
1681,36,28,0.7857142857142857,0.9639918671713935,0.9997735023498535,0.9968204498291016,0.8872208501655261,0.43043320207683866,0.3818893114860825
3812,36,12,0.6666666666666666,0.9606040749284956,0.9999802112579346,0.9998330473899841,0.879111100746667,0.5210362302693221,0.45804873392095763
678,36,14,0.35714285714285715,0.9985216673877504,0.9999561309814453,0.9998904168605804,0.9919859461892867,0.24429220581741518,0.24233443493445656
5415,36,8,0.5,0.9385701947742038,0.9994549751281738,0.9955339431762695,0.8307393334295492,0.47870428705339096,0.3976784803366016
1151,36,7,0.7142857142857143,0.8375464015536838,0.9989585876464844,0.9937610626220703,0.6608010043869149,0.5128441636584689,0.33888793843948356
1818,36,14,0.7142857142857143,0.9911721928252114,0.9998876452445984,0.9987177848815918,0.9634927268479823,0.3197207313278978,0.3080485992569474
4181,36,7,0.7142857142857143,0.813783327738444,0.9950218200683594,0.9700088500976562,0.6280842884596902,0.29532561167366,0.18548937667197352
2167,36,16,0.625,0.9662484344508913,0.9999502301216125,0.9995596408843994,0.8927466814533863,0.23547654021180664,0.21022089983421527
4418,36,9,0.2222222222222222,0.9910107652346293,0.9999297857284546,0.999178409576416,0.9629328484621171,0.3330383557488271,0.320693572548358
3240,36,21,0.23809523809523808,0.9362255599763658,0.9990887641906738,0.9971113204956055,0.8259446463322107,0.3557144408727664,0.2938004380619171
3225,36,6,0.5,0.9691842132144504,0.9995532035827637,0.9978036880493164,0.9000887835221674,0.5771047449034201,0.5194455078049901
4513,36,7,0.8571428571428571,0.9849627746476067,0.9997072219848633,0.999262809753418,0.9435432462131641,0.1882920530903004,0.17766169500896348
4824,36,6,0.6666666666666666,0.8562948703765869,0.9994268417358398,0.9805755615234375,0.6881221507416775,0.4879598061238325,0.3357759512654236
0,35,17,0.29411764705882354,0.990818178653717,0.9999966621398926,0.9999281764030457,0.9622771641842535,0.1658752523130389,0.1596179674041386
4832,35,30,1.0,0.4736316408429827,0.9984264373779297,0.9922393798828125,0.29071302289174783,0.23953683442314244,0.06963647722907182
166,35,13,1.0,0.7710532052176339,0.99139404296875,0.92679443359375,0.5737586195630424,0.2570275973472632,0.14747179944357125
215,35,7,0.5714285714285714,0.8729831048420498,0.9999738931655884,0.9767913818359375,0.7137276505463037,0.5357698863181062,0.38239378219528214
995,35,16,0.25,0.9168871538979667,0.9998109340667725,0.9991018295288085,0.7884795458617883,0.17861798715632227,0.14083662939576372
365,35,7,0.7142857142857143,0.9990230594362531,0.9999887943267822,0.999964690208435,0.9944008985463277,0.19404895654938648,0.19296245675468723
476,35,9,0.4444444444444444,0.9762568950653077,0.9999733567237854,0.9952278137207031,0.9186047820131069,0.443168954079622,0.40709712045728774
3513,35,9,0.5555555555555556,0.9912204623222352,0.9999987483024597,0.9998318433761597,0.9636432669624202,0.22029475222831252,0.21228555473196797
1030,35,23,0.7391304347826086,0.9541575772421701,0.99989914894104,0.9997045993804932,0.8642472433964182,0.2141419102547124,0.18507155563327837
1363,35,18,0.6666666666666666,0.9792036294937134,0.9999586939811707,0.9998940587043762,0.9267373333433181,0.21742705836748166,0.20149777226816193
1018,35,11,0.5454545454545454,0.7519111088344029,0.9992408752441406,0.9948471069335938,0.5510140371976928,0.21582211190087008,0.11892101319503065
1032,35,8,0.75,0.8203243459974017,0.9999721050262451,0.992279052734375,0.636899553098514,0.14736466759158962,0.0938564909315945
1115,35,12,0.5,0.9533384050641741,0.9984416961669922,0.9963909149169922,0.8624061333905153,0.2646112690273462,0.22820238137343107
1315,35,6,1.0,0.9838646837643215,0.9999814629554749,0.9994399070739746,0.9402281502621432,0.334334482563276,0.3143506921093198
3458,35,10,0.9,0.9234228951590402,0.9983348846435547,0.9932731628417969,0.8007671726666576,0.4595882044790014,0.36802314709159567
3031,35,13,0.6153846153846154,0.994060914857047,0.9999808669090271,0.9998181343078614,0.9737432906171307,0.22074153663362484,0.21494559025750776
3499,35,26,1.0,0.7243730545043945,0.9986867904663086,0.95443115234375,0.5197778868936098,0.31732351776034884,0.164937747523121
4347,35,22,1.0,0.49915168625967843,0.999993085861206,0.9997028827667236,0.3106112527381034,0.2852771720486672,0.08861029978761999
5237,35,30,1.0,0.6336580344608852,0.9997451305389404,0.9942024230957032,0.42698196417269146,0.7353396015545921,0.31397674740574405
242,34,13,0.38461538461538464,0.9982031583786011,0.9999980330467224,0.9999657213687897,0.9905071234397279,0.20512695570383577,0.20317971083415484
2971,34,8,0.375,0.9998639769413892,0.999997615814209,0.9999847888946534,0.9990270705569246,0.10699438616862345,0.10689028818007622
1695,34,10,1.0,0.9864211643443388,0.9999957084655762,0.9983241081237793,0.9480318946578064,0.5625903156567806,0.5333535628682311
5007,34,19,0.3157894736842105,0.98213011376998,0.9996564388275146,0.9987603187561035,0.9351107149207927,0.4170498415794204,0.38998777551693514
653,34,9,1.0,0.8760469538324019,0.9999213814735413,0.9324371337890625,0.7185845261046806,0.513906178218356,0.3692850275373049
3939,34,9,1.0,0.987066437216366,0.9997658729553223,0.9977025985717773,0.9500538348908911,0.38044594830514666,0.3614441321560063
5633,34,25,1.0,0.8950580428628361,0.9989957809448242,0.9973148345947266,0.7498012589833347,0.5692874175251113,0.42685242238369975
4600,34,13,0.23076923076923078,0.9905986505396226,0.9985065460205078,0.9973106384277344,0.9615469268350432,0.30389740204935667,0.29221161301371246
1321,34,5,0.6,0.9868380374768201,0.99998539686203,0.9996495008468628,0.9493313349108132,0.28218893235435916,0.2678907958490209
3421,34,28,0.42857142857142855,0.9959577918052673,0.9999717473983765,0.9998273968696594,0.9810131990705915,0.3334607990313997,0.327129445222429
2254,34,26,0.5,0.8340212667689604,0.9996044635772705,0.9649917602539062,0.655827272474168,0.45518323664478677,0.2985215805647143
2563,34,6,0.6666666666666666,0.9936055207953733,0.9999873638153076,0.9992244720458985,0.9720691820188749,0.22027233251846645,0.2141199460926153
3613,34,16,0.1875,0.9973849373705247,0.9999963641166687,0.9998640894889832,0.9868895069644736,0.20534730511356192,0.20265510070000645
3857,34,8,0.375,0.964108514435151,0.9999842047691345,0.9997557520866394,0.8875033294818703,0.26638415214416034,0.2364168219491474
4905,34,6,0.5,0.881311949561624,0.9986906051635742,0.9724807739257812,0.7270097723710449,0.4010059818450614,0.2915352675806055
4216,34,6,0.5,0.8530120393809151,0.9998191595077515,0.9978225708007813,0.6832324543603564,0.25014993423831455,0.1709105535277254
5441,34,11,0.6363636363636364,0.8714991667691399,0.99979567527771,0.9717803955078125,0.7114060224628189,0.527016833983873,0.3749229496354149
37,33,7,1.0,0.9979001247521603,0.9999896883964539,0.9999680161476135,0.9891383298489964,0.32103141320726425,0.3175444758888964
151,33,10,0.6,0.9487941644408486,0.9999812841415405,0.9998634338378907,0.8523571321491821,0.2913700716689499,0.2483513586818478
4243,33,7,0.42857142857142855,0.9638313091162479,0.9997258186340332,0.9992597579956055,0.8868319157174864,0.3084884753685819,0.2735774255878861
3813,33,12,0.9166666666666666,0.9345410664876302,0.9999454021453857,0.9997026920318604,0.8225431638204541,0.1947315339002189,0.16017509198989607
1673,33,7,0.2857142857142857,0.9949014855153633,0.9999991059303284,0.9998881340026855,0.9769099868222035,0.26673300285263846,0.2605741343018178
2835,33,15,0.5333333333333333,0.9957811471187707,0.9999955296516418,0.9999867796897888,0.9803036843273272,0.2989826932458186,0.29309383573898307
697,33,11,0.6363636363636364,0.9836859197327585,0.999989926815033,0.999818754196167,0.939697478994064,0.16759634385196565,0.1574898618063144
892,33,7,0.7142857142857143,0.998757237737829,0.9999995231628418,0.9999500393867493,0.9931076609910493,0.2696015093072044,0.26774332430773434
950,33,6,0.6666666666666666,0.9571841015960231,0.9999819993972778,0.9980594635009765,0.8711552146631446,0.2911369771676471,0.25362549584086064
1035,33,6,0.6666666666666666,0.980551024278005,0.9999989867210388,0.9995631217956543,0.9305599649908474,0.21932681062625836,0.2040967492179252
1006,33,10,0.9,0.6321498986446497,0.9769134521484375,0.842529296875,0.4255485111381817,0.20322729806675255,0.08648307411494202
1044,33,14,0.6428571428571429,0.9963704997842963,0.9998538494110107,0.9995984077453614,0.9826687812046205,0.2706457571991061,0.26595513636504725
3515,33,17,0.6470588235294118,0.8649492805654352,0.9999784231185913,0.9994120597839355,0.7012391990170674,0.37211015373610656,0.26093822615202517
1354,33,10,0.4,0.9521769086519877,0.9999971985816956,0.9986202239990234,0.8598139476810978,0.17424077857368292,0.14981465167246635
5430,33,7,0.8571428571428571,0.9101334828318972,0.999884307384491,0.9933929443359375,0.7761559471929527,0.30821012492662647,0.23921912144688404
2436,33,10,0.5,0.9944641283064177,0.9999958872795105,0.9997239589691163,0.9752499658583798,0.2952456107081356,0.28793827176294573
2555,33,20,0.85,0.9947563030503013,0.9999849200248718,0.9997159004211426,0.9763511781882811,0.22186606331880998,0.2166191923213159
3323,33,6,1.0,0.9800467509211916,0.9999170899391174,0.9981956481933594,0.9291317978253831,0.4134721684792969,0.3841701392499288
3425,33,6,1.0,0.9269615231138287,0.9981698989868164,0.9949447631835937,0.8075666731794708,0.11250953067429548,0.09085894738762443
3573,33,14,1.0,0.8599366635987253,0.9995148181915283,0.9922439575195312,0.6935907294600926,0.29063970017081975,0.20158500165154147
5543,33,11,0.8181818181818182,0.9832027572574038,0.9999971985816956,0.9993221282958984,0.9382752708577781,0.31118876386163485,0.2919807217001726
13,32,6,0.6666666666666666,0.9815221820026636,0.9999656081199646,0.999901682138443,0.933344744495499,0.3295442676176039,0.3075784102595089
144,32,13,0.7692307692307693,0.9732023328542709,0.9999597072601318,0.9997978210449219,0.9104522935610454,0.5998180534798173,0.5461057225100214
4247,32,11,0.8181818181818182,0.7845989689230919,0.9996058940887451,0.9743209838867187,0.5904385425131937,0.7064026026410737,0.4170873231309223
337,32,20,1.0,0.4798927307128906,0.9890670776367188,0.98701171875,0.2955409088721609,0.23134171295071193,0.06837094010549596
4891,32,22,0.8636363636363636,0.9892471414059401,0.9999660849571228,0.999029016494751,0.9570542222720351,0.40328142603767825,0.3859621915532474
5274,32,25,1.0,0.9536807611584663,0.9998457431793213,0.9894943237304688,0.8631764661732585,0.6191498973303258,0.5344356204091264
595,32,26,0.6538461538461539,0.9941522926092148,0.9999996423721313,0.9999761939048767,0.9740846720854708,0.1755665347530604,0.17101667043411725
2562,32,16,0.4375,0.989066069945693,0.9999958276748657,0.9999616026878357,0.956447195855799,0.2895409738499568,0.2769306525241484
1237,32,21,0.7619047619047619,0.9035789519548416,0.9993515014648438,0.968072509765625,0.7645090022812241,0.5986311353567737,0.45765889202608345
5069,32,7,0.2857142857142857,0.9966869410127401,0.999904453754425,0.9997873544692993,0.9839481114654951,0.3599564546961539,0.3541784738080957
1671,32,6,1.0,0.9947042725980282,0.9999420642852783,0.9996936321258545,0.9761522474039446,0.2514424999000633,0.2454461613703129
1859,32,21,0.7142857142857143,0.9273641854524612,0.9995594024658203,0.9954025268554687,0.8083502662605521,0.24211699271972953,0.19571533553119752
2694,32,8,0.5,0.953092398121953,0.9999523758888245,0.9921714782714843,0.8618625321119902,0.507047766164253,0.4370054716480513
4266,32,21,0.9523809523809523,0.9991083592176437,0.9999144673347473,0.9998255610466004,0.9948494984388532,0.49736874943726905,0.49480705091682675
542,31,25,0.6,0.952630877494812,0.9999819993972778,0.9993429183959961,0.8608228631859319,0.6971037886425762,0.6000828792770632
4835,31,8,1.0,0.9849424112227655,0.9999963641166687,0.9999719262123108,0.9434831924214472,0.44761142350475014,0.42231385481257006
219,31,12,0.6666666666666666,0.9955446104849538,0.9998676776885986,0.9997177124023438,0.9793907996889638,0.4217936140822893,0.4131007849997515
2858,31,21,0.7142857142857143,0.98272725266795,0.9999523758888245,0.9985332489013672,0.9368650958980709,0.3815931402565734,0.35750129394052066
1113,31,21,0.42857142857142855,0.99745762155902,0.9999967217445374,0.9999670386314392,0.9872061526268407,0.2563125642985433,0.25303334047108467
2924,31,23,0.6086956521739131,0.9927430441302638,0.9999496340751648,0.9998889565467834,0.9689636202379135,0.21952950667944926,0.21271610554116235
1135,31,6,0.3333333333333333,0.9925979837294547,0.9999195337295532,0.9973316192626953,0.9684527394907712,0.233255738594774,0.22589715904405208
3876,31,19,0.47368421052631576,0.9949692910717379,0.9993762969970703,0.9990925788879395,0.97715170072271,0.2850071328620072,0.2784952045942137
5146,31,24,0.7083333333333334,0.9357561257577711,0.999912679195404,0.9995665550231934,0.8249891586954441,0.3475566137655559,0.28673043838948337
1990,31,9,0.7777777777777778,0.915054315520871,0.9999881386756897,0.9997856616973877,0.785107218356916,0.2080390802538158,0.1633329836076045
5151,31,16,0.75,0.9816535365196967,0.99945068359375,0.9982242584228516,0.9337270168519058,0.44269783874561464,0.41335893233872884
3898,31,24,0.9583333333333334,0.968391103129233,0.999741792678833,0.9981822967529297,0.8980793844457107,0.44118685250286127,0.39622081692131017
2787,31,5,0.4,0.9235617902971083,0.999925434589386,0.9962940216064453,0.8010261156829865,0.30784751329066407,0.2465938977938872
3897,31,8,0.75,0.9815190934365795,0.9999220967292786,0.9983034133911133,0.9333322670755541,0.5115784195617934,0.4774726461165376
3651,31,24,0.5,0.9326850368130591,0.9996790885925293,0.9980916976928711,0.8188169554825956,0.591978813145459,0.48472228948996504
4520,30,12,0.25,0.9966981410980225,0.9999964833259583,0.9999393105506897,0.9840096802182099,0.14660810164139015,0.14426379121354313
115,30,18,1.0,0.8376241048177083,0.996002197265625,0.9900417327880859,0.6609098156902126,0.3452892748516666,0.22820507100202211
5409,30,16,0.375,0.9553138434886932,0.9999504685401917,0.9966203689575195,0.8668638714377259,0.16443654893176973,0.14254410341285295
2857,30,18,0.4444444444444444,0.9744696776072185,0.9991059303283691,0.9982197761535645,0.9138050645016416,0.4285688537393326,0.39162838903466546
559,30,7,0.14285714285714285,0.9984671731789907,0.9999949336051941,0.9999641656875611,0.9917310227156573,0.17202422234970294,0.17060175796273652
3102,30,5,0.8,0.9610312104225158,0.9998929500579834,0.9996076583862304,0.8801357098960458,0.3005998508281773,0.2645686631033033
4969,30,12,0.4166666666666667,0.986544148127238,0.9999755620956421,0.999238383769989,0.9484125572222627,0.4405436230315395,0.4178171040873029
4701,30,8,0.5,0.9569277822971344,0.9999399185180664,0.9996111631393433,0.870565839898799,0.36953253281128595,0.32170239979678766
1470,30,12,0.5833333333333334,0.98499915599823,0.9997689723968506,0.9988802909851074,0.9436546237748504,0.31601447985284614,0.2982085250929426
1618,30,5,0.8,0.9985376099745432,0.9999943375587463,0.9999023497104644,0.9920667098609134,0.39065697915358155,0.3875577839930971
2670,30,10,0.5,0.9345685799916585,0.9999966621398926,0.9938240051269531,0.8225908770287493,0.2933558418021641,0.24131183918954924
2980,30,6,1.0,0.974109141031901,0.9998222589492798,0.9986565589904786,0.9128475162558106,0.692297650250044,0.6319621905404865
3009,30,7,1.0,0.9807756165663402,0.9999906420707703,0.9978533744812011,0.9311976010089296,0.27301805546223523,0.2542337582785563
5023,30,11,1.0,0.9851242025693258,0.9999558925628662,0.9994455814361572,0.9440399089677614,0.26751164557355434,0.2525416695350743
3486,30,13,0.9230769230769231,0.8032633463541666,0.974212646484375,0.9441101074218751,0.614233306330439,0.5911313286438398,0.36309255046841105
